timestamp,wallet_address,amount_btc,direction,input_count,output_count,counterparty_wallet
2025-01-01 06:59:35,wallet_404,0.20668158,Outgoing,3,2,wallet_196
2025-01-01 06:59:35,wallet_196,0.20668158,Incoming,3,2,wallet_404
2025-01-01 07:12:19,wallet_304,0.11784477,Outgoing,1,1,wallet_049
2025-01-01 07:12:19,wallet_049,0.11784477,Incoming,1,1,wallet_304
2025-01-01 08:18:27,wallet_358,0.02438936,Outgoing,2,2,wallet_111
2025-01-01 08:18:27,wallet_111,0.02438936,Incoming,2,2,wallet_358
2025-01-01 08:28:56,wallet_378,0.01685676,Outgoing,1,2,wallet_169
2025-01-01 08:28:56,wallet_169,0.01685676,Incoming,1,2,wallet_378
2025-01-01 08:29:49,wallet_159,0.02950901,Outgoing,1,1,wallet_231
2025-01-01 08:29:49,wallet_231,0.02950901,Incoming,1,1,wallet_159
2025-01-01 08:44:49,wallet_016,0.03507743,Outgoing,4,1,wallet_232
2025-01-01 08:44:49,wallet_232,0.03507743,Incoming,4,1,wallet_016
2025-01-01 09:44:00,wallet_296,0.04113745,Outgoing,1,2,wallet_239
2025-01-01 09:44:00,wallet_239,0.04113745,Incoming,1,2,wallet_296
2025-01-01 12:39:42,wallet_344,0.11899487,Outgoing,2,2,wallet_102
2025-01-01 12:39:42,wallet_102,0.11899487,Incoming,2,2,wallet_344
2025-01-01 13:18:40,wallet_020,0.02086875,Outgoing,1,1,wallet_323
2025-01-01 13:18:40,wallet_323,0.02086875,Incoming,1,1,wallet_020
2025-01-01 15:13:12,wallet_396,0.05960788,Outgoing,2,3,wallet_241
2025-01-01 15:13:12,wallet_241,0.05960788,Incoming,2,3,wallet_396
2025-01-01 16:28:22,wallet_071,0.16353883,Outgoing,1,1,wallet_112
2025-01-01 16:28:22,wallet_112,0.16353883,Incoming,1,1,wallet_071
2025-01-01 17:16:59,wallet_137,0.0152634,Outgoing,2,1,wallet_160
2025-01-01 17:16:59,wallet_160,0.0152634,Incoming,2,1,wallet_137
2025-01-01 18:58:32,wallet_185,0.09624696,Outgoing,2,1,wallet_139
2025-01-01 18:58:32,wallet_139,0.09624696,Incoming,2,1,wallet_185
2025-01-01 23:58:17,wallet_343,0.02785811,Outgoing,1,2,wallet_265
2025-01-01 23:58:17,wallet_265,0.02785811,Incoming,1,2,wallet_343
2025-01-02 06:17:43,wallet_265,0.01274826,Outgoing,2,1,wallet_091
2025-01-02 06:17:43,wallet_091,0.01274826,Incoming,2,1,wallet_265
2025-01-02 07:24:47,wallet_198,0.06548599,Outgoing,1,1,wallet_231
2025-01-02 07:24:47,wallet_231,0.06548599,Incoming,1,1,wallet_198
2025-01-02 09:30:00,wallet_296,0.05376833,Outgoing,3,3,wallet_228
2025-01-02 09:30:00,wallet_228,0.05376833,Incoming,3,3,wallet_296
2025-01-02 09:48:00,wallet_296,0.02246116,Outgoing,3,1,wallet_119
2025-01-02 09:48:00,wallet_119,0.02246116,Incoming,3,1,wallet_296
2025-01-02 10:01:00,wallet_369,0.08445816,Outgoing,1,3,wallet_386
2025-01-02 10:01:00,wallet_386,0.08445816,Incoming,1,3,wallet_369
2025-01-02 10:33:47,wallet_137,0.05658704,Outgoing,1,2,wallet_023
2025-01-02 10:33:47,wallet_023,0.05658704,Incoming,1,2,wallet_137
2025-01-02 10:53:50,wallet_109,0.11403784,Outgoing,1,2,wallet_324
2025-01-02 10:53:50,wallet_324,0.11403784,Incoming,1,2,wallet_109
2025-01-02 11:30:00,wallet_271,0.08066483,Outgoing,2,1,wallet_260
2025-01-02 11:30:00,wallet_260,0.08066483,Incoming,2,1,wallet_271
2025-01-02 13:41:14,wallet_045,0.46243791,Outgoing,4,1,wallet_377
2025-01-02 13:41:14,wallet_377,0.46243791,Incoming,4,1,wallet_045
2025-01-02 14:15:31,wallet_386,0.01634743,Outgoing,1,1,wallet_055
2025-01-02 14:15:31,wallet_055,0.01634743,Incoming,1,1,wallet_386
2025-01-02 14:30:00,wallet_296,0.06797686,Outgoing,4,3,wallet_111
2025-01-02 14:30:00,wallet_111,0.06797686,Incoming,4,3,wallet_296
2025-01-02 14:53:34,wallet_378,0.21079307,Outgoing,2,2,wallet_056
2025-01-02 14:53:34,wallet_056,0.21079307,Incoming,2,2,wallet_378
2025-01-02 14:54:00,wallet_369,0.11599331,Outgoing,3,2,wallet_021
2025-01-02 14:54:00,wallet_021,0.11599331,Incoming,3,2,wallet_369
2025-01-02 15:12:00,wallet_369,0.0709174,Outgoing,4,2,wallet_340
2025-01-02 15:12:00,wallet_340,0.0709174,Incoming,4,2,wallet_369
2025-01-02 15:25:00,wallet_369,0.05183198,Outgoing,1,2,wallet_078
2025-01-02 15:25:00,wallet_078,0.05183198,Incoming,1,2,wallet_369
2025-01-02 15:56:00,wallet_369,0.14558955,Outgoing,2,2,wallet_288
2025-01-02 15:56:00,wallet_288,0.14558955,Incoming,2,2,wallet_369
2025-01-02 16:56:52,wallet_030,0.10838646,Outgoing,1,1,wallet_173
2025-01-02 16:56:52,wallet_173,0.10838646,Incoming,1,1,wallet_030
2025-01-02 18:02:05,wallet_190,0.06744533,Outgoing,1,1,wallet_086
2025-01-02 18:02:05,wallet_086,0.06744533,Incoming,1,1,wallet_190
2025-01-02 19:52:56,wallet_217,0.04777516,Outgoing,3,1,wallet_023
2025-01-02 19:52:56,wallet_023,0.04777516,Incoming,3,1,wallet_217
2025-01-02 20:20:34,wallet_053,0.03400787,Outgoing,1,3,wallet_248
2025-01-02 20:20:34,wallet_248,0.03400787,Incoming,1,3,wallet_053
2025-01-02 20:57:00,wallet_190,0.14647614,Outgoing,2,1,wallet_267
2025-01-02 20:57:00,wallet_267,0.14647614,Incoming,2,1,wallet_190
2025-01-02 21:17:23,wallet_244,0.01319648,Outgoing,2,2,wallet_295
2025-01-02 21:17:23,wallet_295,0.01319648,Incoming,2,2,wallet_244
2025-01-02 21:29:48,wallet_402,0.0246472,Outgoing,1,2,wallet_088
2025-01-02 21:29:48,wallet_088,0.0246472,Incoming,1,2,wallet_402
2025-01-02 21:43:45,wallet_279,0.26240854,Outgoing,1,3,wallet_218
2025-01-02 21:43:45,wallet_218,0.26240854,Incoming,1,3,wallet_279
2025-01-03 07:13:23,wallet_198,0.08758585,Outgoing,1,1,wallet_355
2025-01-03 07:13:23,wallet_355,0.08758585,Incoming,1,1,wallet_198
2025-01-03 10:34:02,wallet_064,0.01829254,Outgoing,2,2,wallet_037
2025-01-03 10:34:02,wallet_037,0.01829254,Incoming,2,2,wallet_064
2025-01-03 10:51:28,wallet_314,0.06299085,Outgoing,2,2,wallet_059
2025-01-03 10:51:28,wallet_059,0.06299085,Incoming,2,2,wallet_314
2025-01-03 11:08:00,wallet_369,0.07318076,Outgoing,1,3,wallet_189
2025-01-03 11:08:00,wallet_189,0.07318076,Incoming,1,3,wallet_369
2025-01-03 12:26:11,wallet_367,0.03711467,Outgoing,4,2,wallet_343
2025-01-03 12:26:11,wallet_343,0.03711467,Incoming,4,2,wallet_367
2025-01-03 12:33:00,wallet_296,0.13668081,Outgoing,1,3,wallet_184
2025-01-03 12:33:00,wallet_184,0.13668081,Incoming,1,3,wallet_296
2025-01-03 12:58:12,wallet_124,0.02862164,Outgoing,2,1,wallet_364
2025-01-03 12:58:12,wallet_364,0.02862164,Incoming,2,1,wallet_124
2025-01-03 13:12:06,wallet_386,0.02227525,Outgoing,1,1,wallet_055
2025-01-03 13:12:06,wallet_055,0.02227525,Incoming,1,1,wallet_386
2025-01-03 13:19:00,wallet_296,0.02352494,Outgoing,3,2,wallet_257
2025-01-03 13:19:00,wallet_257,0.02352494,Incoming,3,2,wallet_296
2025-01-03 14:34:00,wallet_369,0.09749314,Outgoing,1,2,wallet_219
2025-01-03 14:34:00,wallet_219,0.09749314,Incoming,1,2,wallet_369
2025-01-03 14:45:00,wallet_369,0.09855121,Outgoing,1,1,wallet_275
2025-01-03 14:45:00,wallet_275,0.09855121,Incoming,1,1,wallet_369
2025-01-03 15:08:00,wallet_296,0.1291782,Outgoing,3,2,wallet_083
2025-01-03 15:08:00,wallet_083,0.1291782,Incoming,3,2,wallet_296
2025-01-03 15:20:00,wallet_296,0.12369221,Outgoing,2,2,wallet_110
2025-01-03 15:20:00,wallet_110,0.12369221,Incoming,2,2,wallet_296
2025-01-03 15:31:19,wallet_405,0.0946566,Outgoing,1,2,wallet_298
2025-01-03 15:31:19,wallet_298,0.0946566,Incoming,1,2,wallet_405
2025-01-03 16:52:37,wallet_010,0.07576894,Outgoing,1,2,wallet_194
2025-01-03 16:52:37,wallet_194,0.07576894,Incoming,1,2,wallet_010
2025-01-03 17:23:18,wallet_182,0.01955949,Outgoing,2,2,wallet_188
2025-01-03 17:23:18,wallet_188,0.01955949,Incoming,2,2,wallet_182
2025-01-03 17:34:55,wallet_051,0.02702925,Outgoing,2,2,wallet_317
2025-01-03 17:34:55,wallet_317,0.02702925,Incoming,2,2,wallet_051
2025-01-03 20:28:16,wallet_320,0.00922962,Outgoing,3,1,wallet_243
2025-01-03 20:28:16,wallet_243,0.00922962,Incoming,3,1,wallet_320
2025-01-03 21:39:10,wallet_127,0.02627906,Outgoing,1,3,wallet_313
2025-01-03 21:39:10,wallet_313,0.02627906,Incoming,1,3,wallet_127
2025-01-04 06:40:01,wallet_405,0.02241957,Outgoing,3,3,wallet_139
2025-01-04 06:40:01,wallet_139,0.02241957,Incoming,3,3,wallet_405
2025-01-04 07:06:01,wallet_344,0.08184112,Outgoing,3,1,wallet_105
2025-01-04 07:06:01,wallet_105,0.08184112,Incoming,3,1,wallet_344
2025-01-04 07:10:26,wallet_256,0.01727453,Outgoing,1,2,wallet_345
2025-01-04 07:10:26,wallet_345,0.01727453,Incoming,1,2,wallet_256
2025-01-04 07:21:05,wallet_238,0.2398995,Outgoing,1,2,wallet_146
2025-01-04 07:21:05,wallet_146,0.2398995,Incoming,1,2,wallet_238
2025-01-04 07:40:45,wallet_190,0.09354465,Outgoing,2,2,wallet_010
2025-01-04 07:40:45,wallet_010,0.09354465,Incoming,2,2,wallet_190
2025-01-04 08:18:38,wallet_255,0.00764593,Outgoing,4,3,wallet_045
2025-01-04 08:18:38,wallet_045,0.00764593,Incoming,4,3,wallet_255
2025-01-04 10:55:59,wallet_128,0.04958398,Outgoing,2,1,wallet_198
2025-01-04 10:55:59,wallet_198,0.04958398,Incoming,2,1,wallet_128
2025-01-04 11:50:40,wallet_253,0.02987246,Outgoing,4,1,wallet_208
2025-01-04 11:50:40,wallet_208,0.02987246,Incoming,4,1,wallet_253
2025-01-04 13:13:00,wallet_405,0.1582621,Outgoing,1,2,wallet_385
2025-01-04 13:13:00,wallet_385,0.1582621,Incoming,1,2,wallet_405
2025-01-04 15:32:07,wallet_181,0.05819909,Outgoing,1,2,wallet_350
2025-01-04 15:32:07,wallet_350,0.05819909,Incoming,1,2,wallet_181
2025-01-04 15:58:06,wallet_378,0.01630417,Outgoing,2,1,wallet_169
2025-01-04 15:58:06,wallet_169,0.01630417,Incoming,2,1,wallet_378
2025-01-04 16:08:51,wallet_347,0.01243812,Outgoing,1,2,wallet_340
2025-01-04 16:08:51,wallet_340,0.01243812,Incoming,1,2,wallet_347
2025-01-04 16:12:33,wallet_208,0.05597284,Outgoing,1,2,wallet_016
2025-01-04 16:12:33,wallet_016,0.05597284,Incoming,1,2,wallet_208
2025-01-04 18:42:17,wallet_358,0.01123267,Outgoing,1,1,wallet_037
2025-01-04 18:42:17,wallet_037,0.01123267,Incoming,1,1,wallet_358
2025-01-05 08:06:48,wallet_100,0.01662655,Outgoing,2,2,wallet_350
2025-01-05 08:06:48,wallet_350,0.01662655,Incoming,2,2,wallet_100
2025-01-05 08:08:18,wallet_261,0.02760045,Outgoing,4,2,wallet_243
2025-01-05 08:08:18,wallet_243,0.02760045,Incoming,4,2,wallet_261
2025-01-05 08:09:24,wallet_262,0.1319231,Outgoing,2,3,wallet_355
2025-01-05 08:09:24,wallet_355,0.1319231,Incoming,2,3,wallet_262
2025-01-05 12:09:28,wallet_089,0.01799912,Outgoing,1,1,wallet_177
2025-01-05 12:09:28,wallet_177,0.01799912,Incoming,1,1,wallet_089
2025-01-05 13:03:20,wallet_344,0.13750179,Outgoing,3,2,wallet_102
2025-01-05 13:03:20,wallet_102,0.13750179,Incoming,3,2,wallet_344
2025-01-05 13:31:11,wallet_043,0.06989109,Outgoing,1,3,wallet_360
2025-01-05 13:31:11,wallet_360,0.06989109,Incoming,1,3,wallet_043
2025-01-05 14:08:30,wallet_352,0.04862674,Outgoing,3,1,wallet_212
2025-01-05 14:08:30,wallet_212,0.04862674,Incoming,3,1,wallet_352
2025-01-05 14:46:19,wallet_349,0.06900117,Outgoing,2,2,wallet_239
2025-01-05 14:46:19,wallet_239,0.06900117,Incoming,2,2,wallet_349
2025-01-05 19:49:32,wallet_039,0.03305539,Outgoing,1,2,wallet_357
2025-01-05 19:49:32,wallet_357,0.03305539,Incoming,1,2,wallet_039
2025-01-05 20:24:22,wallet_109,0.08484477,Outgoing,1,1,wallet_324
2025-01-05 20:24:22,wallet_324,0.08484477,Incoming,1,1,wallet_109
2025-01-06 02:12:31,wallet_294,0.03302915,Outgoing,1,2,wallet_248
2025-01-06 02:12:31,wallet_248,0.03302915,Incoming,1,2,wallet_294
2025-01-06 06:13:43,wallet_011,0.06682356,Outgoing,2,2,wallet_301
2025-01-06 06:13:43,wallet_301,0.06682356,Incoming,2,2,wallet_011
2025-01-06 07:23:44,wallet_046,0.05239408,Outgoing,2,2,wallet_220
2025-01-06 07:23:44,wallet_220,0.05239408,Incoming,2,2,wallet_046
2025-01-06 07:57:31,wallet_132,0.07681163,Outgoing,1,2,wallet_051
2025-01-06 07:57:31,wallet_051,0.07681163,Incoming,1,2,wallet_132
2025-01-06 08:04:03,wallet_317,0.03733009,Outgoing,4,1,wallet_001
2025-01-06 08:04:03,wallet_001,0.03733009,Incoming,4,1,wallet_317
2025-01-06 11:46:31,wallet_055,0.0162735,Outgoing,1,2,wallet_002
2025-01-06 11:46:31,wallet_002,0.0162735,Incoming,1,2,wallet_055
2025-01-06 12:39:39,wallet_260,0.02216049,Outgoing,1,2,wallet_190
2025-01-06 12:39:39,wallet_190,0.02216049,Incoming,1,2,wallet_260
2025-01-06 13:26:36,wallet_182,0.03503752,Outgoing,1,3,wallet_189
2025-01-06 13:26:36,wallet_189,0.03503752,Incoming,1,3,wallet_182
2025-01-06 16:05:16,wallet_261,0.01958668,Outgoing,2,3,wallet_318
2025-01-06 16:05:16,wallet_318,0.01958668,Incoming,2,3,wallet_261
2025-01-06 19:41:37,wallet_396,0.02783419,Outgoing,1,2,wallet_052
2025-01-06 19:41:37,wallet_052,0.02783419,Incoming,1,2,wallet_396
2025-01-06 22:54:13,wallet_252,0.09648884,Outgoing,1,3,wallet_374
2025-01-06 22:54:13,wallet_374,0.09648884,Incoming,1,3,wallet_252
2025-01-07 09:11:32,wallet_270,0.00880074,Outgoing,3,2,wallet_268
2025-01-07 09:11:32,wallet_268,0.00880074,Incoming,3,2,wallet_270
2025-01-07 09:54:04,wallet_281,0.01150315,Outgoing,2,2,wallet_233
2025-01-07 09:54:04,wallet_233,0.01150315,Incoming,2,2,wallet_281
2025-01-07 13:19:19,wallet_095,0.01240039,Outgoing,2,3,wallet_047
2025-01-07 13:19:19,wallet_047,0.01240039,Incoming,2,3,wallet_095
2025-01-07 15:29:35,wallet_236,0.05454279,Outgoing,2,1,wallet_059
2025-01-07 15:29:35,wallet_059,0.05454279,Incoming,2,1,wallet_236
2025-01-07 15:44:46,wallet_093,0.01174211,Outgoing,2,2,wallet_184
2025-01-07 15:44:46,wallet_184,0.01174211,Incoming,2,2,wallet_093
2025-01-07 17:31:26,wallet_280,0.01634254,Outgoing,1,1,wallet_146
2025-01-07 17:31:26,wallet_146,0.01634254,Incoming,1,1,wallet_280
2025-01-07 17:43:32,wallet_179,0.02050367,Outgoing,1,1,wallet_050
2025-01-07 17:43:32,wallet_050,0.02050367,Incoming,1,1,wallet_179
2025-01-08 06:26:54,wallet_218,0.04509731,Outgoing,1,1,wallet_186
2025-01-08 06:26:54,wallet_186,0.04509731,Incoming,1,1,wallet_218
2025-01-08 06:41:00,wallet_084,0.02682547,Outgoing,1,2,wallet_056
2025-01-08 06:41:00,wallet_056,0.02682547,Incoming,1,2,wallet_084
2025-01-08 07:44:16,wallet_119,0.13261139,Outgoing,1,2,wallet_279
2025-01-08 07:44:16,wallet_279,0.13261139,Incoming,1,2,wallet_119
2025-01-08 10:12:03,wallet_298,0.01929825,Outgoing,1,1,wallet_392
2025-01-08 10:12:03,wallet_392,0.01929825,Incoming,1,1,wallet_298
2025-01-08 12:20:38,wallet_329,0.06304568,Outgoing,2,2,wallet_198
2025-01-08 12:20:38,wallet_198,0.06304568,Incoming,2,2,wallet_329
2025-01-08 13:23:41,wallet_331,0.07875812,Outgoing,1,2,wallet_047
2025-01-08 13:23:41,wallet_047,0.07875812,Incoming,1,2,wallet_331
2025-01-08 13:29:40,wallet_324,0.0225233,Outgoing,2,1,wallet_140
2025-01-08 13:29:40,wallet_140,0.0225233,Incoming,2,1,wallet_324
2025-01-08 16:03:31,wallet_083,0.00960063,Outgoing,1,1,wallet_202
2025-01-08 16:03:31,wallet_202,0.00960063,Incoming,1,1,wallet_083
2025-01-08 16:35:19,wallet_306,0.10356322,Outgoing,1,1,wallet_068
2025-01-08 16:35:19,wallet_068,0.10356322,Incoming,1,1,wallet_306
2025-01-08 17:15:54,wallet_403,0.03398615,Outgoing,3,3,wallet_162
2025-01-08 17:15:54,wallet_162,0.03398615,Incoming,3,3,wallet_403
2025-01-08 18:52:25,wallet_037,0.02092222,Outgoing,1,2,wallet_298
2025-01-08 18:52:25,wallet_298,0.02092222,Incoming,1,2,wallet_037
2025-01-08 19:39:42,wallet_384,0.01905276,Outgoing,1,2,wallet_215
2025-01-08 19:39:42,wallet_215,0.01905276,Incoming,1,2,wallet_384
2025-01-08 22:21:15,wallet_376,0.02327859,Outgoing,3,1,wallet_146
2025-01-08 22:21:15,wallet_146,0.02327859,Incoming,3,1,wallet_376
2025-01-09 07:12:12,wallet_389,0.22451645,Outgoing,2,1,wallet_131
2025-01-09 07:12:12,wallet_131,0.22451645,Incoming,2,1,wallet_389
2025-01-09 09:35:18,wallet_410,0.00375006,Outgoing,4,2,wallet_323
2025-01-09 09:35:18,wallet_323,0.00375006,Incoming,4,2,wallet_410
2025-01-09 09:57:50,wallet_156,0.02052822,Outgoing,1,3,wallet_023
2025-01-09 09:57:50,wallet_023,0.02052822,Incoming,1,3,wallet_156
2025-01-09 11:07:53,wallet_001,0.13935579,Outgoing,1,1,wallet_332
2025-01-09 11:07:53,wallet_332,0.13935579,Incoming,1,1,wallet_001
2025-01-09 12:34:17,wallet_343,0.03517857,Outgoing,2,2,wallet_107
2025-01-09 12:34:17,wallet_107,0.03517857,Incoming,2,2,wallet_343
2025-01-09 13:50:11,wallet_124,0.00929844,Outgoing,2,1,wallet_143
2025-01-09 13:50:11,wallet_143,0.00929844,Incoming,2,1,wallet_124
2025-01-09 14:20:51,wallet_098,0.03506184,Outgoing,2,2,wallet_308
2025-01-09 14:20:51,wallet_308,0.03506184,Incoming,2,2,wallet_098
2025-01-09 15:46:56,wallet_016,0.030151,Outgoing,1,1,wallet_393
2025-01-09 15:46:56,wallet_393,0.030151,Incoming,1,1,wallet_016
2025-01-09 15:58:12,wallet_407,0.07161944,Outgoing,3,2,wallet_192
2025-01-09 15:58:12,wallet_192,0.07161944,Incoming,3,2,wallet_407
2025-01-09 16:25:57,wallet_202,0.00873031,Outgoing,1,2,wallet_270
2025-01-09 16:25:57,wallet_270,0.00873031,Incoming,1,2,wallet_202
2025-01-09 19:14:44,wallet_048,0.003956,Outgoing,2,1,wallet_185
2025-01-09 19:14:44,wallet_185,0.003956,Incoming,2,1,wallet_048
2025-01-09 19:37:05,wallet_126,0.04007621,Outgoing,1,3,wallet_282
2025-01-09 19:37:05,wallet_282,0.04007621,Incoming,1,3,wallet_126
2025-01-09 21:01:58,wallet_366,0.02974047,Outgoing,1,2,wallet_047
2025-01-09 21:01:58,wallet_047,0.02974047,Incoming,1,2,wallet_366
2025-01-10 07:24:52,wallet_329,0.01586357,Outgoing,2,2,wallet_013
2025-01-10 07:24:52,wallet_013,0.01586357,Incoming,2,2,wallet_329
2025-01-10 08:52:51,wallet_047,0.04795943,Outgoing,1,1,wallet_224
2025-01-10 08:52:51,wallet_224,0.04795943,Incoming,1,1,wallet_047
2025-01-10 11:01:56,wallet_123,0.05400322,Outgoing,1,2,wallet_393
2025-01-10 11:01:56,wallet_393,0.05400322,Incoming,1,2,wallet_123
2025-01-10 11:29:33,wallet_098,0.04987574,Outgoing,2,2,wallet_199
2025-01-10 11:29:33,wallet_199,0.04987574,Incoming,2,2,wallet_098
2025-01-10 12:04:25,wallet_288,0.01358822,Outgoing,1,1,wallet_269
2025-01-10 12:04:25,wallet_269,0.01358822,Incoming,1,1,wallet_288
2025-01-10 13:04:05,wallet_300,0.38060879,Outgoing,3,2,wallet_308
2025-01-10 13:04:05,wallet_308,0.38060879,Incoming,3,2,wallet_300
2025-01-10 13:56:42,wallet_168,0.05426876,Outgoing,2,2,wallet_105
2025-01-10 13:56:42,wallet_105,0.05426876,Incoming,2,2,wallet_168
2025-01-10 15:27:30,wallet_165,0.02147885,Outgoing,2,2,wallet_040
2025-01-10 15:27:30,wallet_040,0.02147885,Incoming,2,2,wallet_165
2025-01-10 15:36:20,wallet_252,0.10902988,Outgoing,1,2,wallet_230
2025-01-10 15:36:20,wallet_230,0.10902988,Incoming,1,2,wallet_252
2025-01-10 16:30:17,wallet_367,0.01398928,Outgoing,1,1,wallet_343
2025-01-10 16:30:17,wallet_343,0.01398928,Incoming,1,1,wallet_367
2025-01-10 16:50:00,wallet_349,0.02427884,Outgoing,1,2,wallet_082
2025-01-10 16:50:00,wallet_082,0.02427884,Incoming,1,2,wallet_349
2025-01-10 18:37:09,wallet_122,0.10735079,Outgoing,2,2,wallet_046
2025-01-10 18:37:09,wallet_046,0.10735079,Incoming,2,2,wallet_122
2025-01-10 19:44:49,wallet_344,0.07677346,Outgoing,3,2,wallet_102
2025-01-10 19:44:49,wallet_102,0.07677346,Incoming,3,2,wallet_344
2025-01-10 20:10:18,wallet_329,0.01043725,Outgoing,4,2,wallet_146
2025-01-10 20:10:18,wallet_146,0.01043725,Incoming,4,2,wallet_329
2025-01-10 20:10:25,wallet_307,0.02565148,Outgoing,1,1,wallet_228
2025-01-10 20:10:25,wallet_228,0.02565148,Incoming,1,1,wallet_307
2025-01-11 04:02:28,wallet_162,0.03184182,Outgoing,4,2,wallet_277
2025-01-11 04:02:28,wallet_277,0.03184182,Incoming,4,2,wallet_162
2025-01-11 04:56:08,wallet_118,0.01819214,Outgoing,3,3,wallet_350
2025-01-11 04:56:08,wallet_350,0.01819214,Incoming,3,3,wallet_118
2025-01-11 06:24:58,wallet_309,0.08892763,Outgoing,1,2,wallet_230
2025-01-11 06:24:58,wallet_230,0.08892763,Incoming,1,2,wallet_309
2025-01-11 06:51:01,wallet_268,0.03552361,Outgoing,3,1,wallet_345
2025-01-11 06:51:01,wallet_345,0.03552361,Incoming,3,1,wallet_268
2025-01-11 08:54:00,wallet_262,0.16696272,Outgoing,3,3,wallet_100
2025-01-11 08:54:00,wallet_100,0.16696272,Incoming,3,3,wallet_262
2025-01-11 10:38:24,wallet_129,0.0820011,Outgoing,1,1,wallet_165
2025-01-11 10:38:24,wallet_165,0.0820011,Incoming,1,1,wallet_129
2025-01-11 10:58:56,wallet_123,0.06635657,Outgoing,1,1,wallet_393
2025-01-11 10:58:56,wallet_393,0.06635657,Incoming,1,1,wallet_123
2025-01-11 11:24:52,wallet_228,0.01617887,Outgoing,1,2,wallet_071
2025-01-11 11:24:52,wallet_071,0.01617887,Incoming,1,2,wallet_228
2025-01-11 11:58:14,wallet_384,0.04045028,Outgoing,3,3,wallet_185
2025-01-11 11:58:14,wallet_185,0.04045028,Incoming,3,3,wallet_384
2025-01-11 12:47:54,wallet_059,0.04714792,Outgoing,1,1,wallet_233
2025-01-11 12:47:54,wallet_233,0.04714792,Incoming,1,1,wallet_059
2025-01-11 12:48:27,wallet_016,0.05777163,Outgoing,1,2,wallet_393
2025-01-11 12:48:27,wallet_393,0.05777163,Incoming,1,2,wallet_016
2025-01-11 13:29:07,wallet_396,0.03311663,Outgoing,2,1,wallet_052
2025-01-11 13:29:07,wallet_052,0.03311663,Incoming,2,1,wallet_396
2025-01-11 15:13:05,wallet_377,0.34634136,Outgoing,4,3,wallet_004
2025-01-11 15:13:05,wallet_004,0.34634136,Incoming,4,3,wallet_377
2025-01-11 16:16:21,wallet_317,0.08798567,Outgoing,2,2,wallet_051
2025-01-11 16:16:21,wallet_051,0.08798567,Incoming,2,2,wallet_317
2025-01-11 16:42:39,wallet_076,0.07771888,Outgoing,3,2,wallet_167
2025-01-11 16:42:39,wallet_167,0.07771888,Incoming,3,2,wallet_076
2025-01-11 16:45:13,wallet_217,0.10611101,Outgoing,1,1,wallet_018
2025-01-11 16:45:13,wallet_018,0.10611101,Incoming,1,1,wallet_217
2025-01-11 17:41:21,wallet_233,0.00437393,Outgoing,1,3,wallet_048
2025-01-11 17:41:21,wallet_048,0.00437393,Incoming,1,3,wallet_233
2025-01-11 18:09:37,wallet_187,0.39344954,Outgoing,1,2,wallet_208
2025-01-11 18:09:37,wallet_208,0.39344954,Incoming,1,2,wallet_187
2025-01-12 06:31:41,wallet_192,0.07401897,Outgoing,1,3,wallet_349
2025-01-12 06:31:41,wallet_349,0.07401897,Incoming,1,3,wallet_192
2025-01-12 06:32:52,wallet_004,0.06463544,Outgoing,1,1,wallet_266
2025-01-12 06:32:52,wallet_266,0.06463544,Incoming,1,1,wallet_004
2025-01-12 09:40:47,wallet_307,0.0112077,Outgoing,1,2,wallet_232
2025-01-12 09:40:47,wallet_232,0.0112077,Incoming,1,2,wallet_307
2025-01-12 09:46:55,wallet_036,0.06856734,Outgoing,1,1,wallet_069
2025-01-12 09:46:55,wallet_069,0.06856734,Incoming,1,1,wallet_036
2025-01-12 10:45:31,wallet_234,0.04467255,Outgoing,4,2,wallet_313
2025-01-12 10:45:31,wallet_313,0.04467255,Incoming,4,2,wallet_234
2025-01-12 10:55:27,wallet_392,0.69940391,Outgoing,1,2,wallet_318
2025-01-12 10:55:27,wallet_318,0.69940391,Incoming,1,2,wallet_392
2025-01-12 11:42:54,wallet_112,0.02519018,Outgoing,3,3,wallet_228
2025-01-12 11:42:54,wallet_228,0.02519018,Incoming,3,3,wallet_112
2025-01-12 12:29:37,wallet_104,0.16236396,Outgoing,2,1,wallet_061
2025-01-12 12:29:37,wallet_061,0.16236396,Incoming,2,1,wallet_104
2025-01-12 12:57:08,wallet_317,0.01800197,Outgoing,1,1,wallet_263
2025-01-12 12:57:08,wallet_263,0.01800197,Incoming,1,1,wallet_317
2025-01-12 13:57:21,wallet_091,0.12018436,Outgoing,1,2,wallet_008
2025-01-12 13:57:21,wallet_008,0.12018436,Incoming,1,2,wallet_091
2025-01-12 18:06:11,wallet_262,0.1069178,Outgoing,2,1,wallet_217
2025-01-12 18:06:11,wallet_217,0.1069178,Incoming,2,1,wallet_262
2025-01-12 18:31:40,wallet_016,0.04851462,Outgoing,2,3,wallet_232
2025-01-12 18:31:40,wallet_232,0.04851462,Incoming,2,3,wallet_016
2025-01-12 22:26:07,wallet_102,0.05800868,Outgoing,1,2,wallet_344
2025-01-12 22:26:07,wallet_344,0.05800868,Incoming,1,2,wallet_102
2025-01-13 02:02:21,wallet_122,0.05378088,Outgoing,3,1,wallet_383
2025-01-13 02:02:21,wallet_383,0.05378088,Incoming,3,1,wallet_122
2025-01-13 06:00:04,wallet_069,0.0488859,Outgoing,3,2,wallet_158
2025-01-13 06:00:04,wallet_158,0.0488859,Incoming,3,2,wallet_069
2025-01-13 09:46:17,wallet_016,0.05667848,Outgoing,2,2,wallet_232
2025-01-13 09:46:17,wallet_232,0.05667848,Incoming,2,2,wallet_016
2025-01-13 10:47:39,wallet_360,0.02544096,Outgoing,1,1,wallet_202
2025-01-13 10:47:39,wallet_202,0.02544096,Incoming,1,1,wallet_360
2025-01-13 12:40:25,wallet_179,0.03111091,Outgoing,1,1,wallet_173
2025-01-13 12:40:25,wallet_173,0.03111091,Incoming,1,1,wallet_179
2025-01-13 13:43:06,wallet_234,0.0547205,Outgoing,3,2,wallet_037
2025-01-13 13:43:06,wallet_037,0.0547205,Incoming,3,2,wallet_234
2025-01-13 15:14:30,wallet_215,0.02827567,Outgoing,1,1,wallet_042
2025-01-13 15:14:30,wallet_042,0.02827567,Incoming,1,1,wallet_215
2025-01-13 15:18:27,wallet_410,0.01706332,Outgoing,3,3,wallet_232
2025-01-13 15:18:27,wallet_232,0.01706332,Incoming,3,3,wallet_410
2025-01-13 15:57:53,wallet_175,0.08276029,Outgoing,1,1,wallet_030
2025-01-13 15:57:53,wallet_030,0.08276029,Incoming,1,1,wallet_175
2025-01-13 16:49:30,wallet_404,0.03403029,Outgoing,4,2,wallet_047
2025-01-13 16:49:30,wallet_047,0.03403029,Incoming,4,2,wallet_404
2025-01-13 19:48:18,wallet_153,0.05324446,Outgoing,1,2,wallet_084
2025-01-13 19:48:18,wallet_084,0.05324446,Incoming,1,2,wallet_153
2025-01-14 06:11:55,wallet_022,0.05400998,Outgoing,3,2,wallet_151
2025-01-14 06:11:55,wallet_151,0.05400998,Incoming,3,2,wallet_022
2025-01-14 06:42:29,wallet_279,0.25352232,Outgoing,1,2,wallet_360
2025-01-14 06:42:29,wallet_360,0.25352232,Incoming,1,2,wallet_279
2025-01-14 08:59:53,wallet_198,0.08433382,Outgoing,1,1,wallet_231
2025-01-14 08:59:53,wallet_231,0.08433382,Incoming,1,1,wallet_198
2025-01-14 09:18:29,wallet_140,0.04115886,Outgoing,1,3,wallet_121
2025-01-14 09:18:29,wallet_121,0.04115886,Incoming,1,3,wallet_140
2025-01-14 13:23:48,wallet_145,0.04408471,Outgoing,1,2,wallet_350
2025-01-14 13:23:48,wallet_350,0.04408471,Incoming,1,2,wallet_145
2025-01-14 14:44:34,wallet_318,0.19254173,Outgoing,2,1,wallet_349
2025-01-14 14:44:34,wallet_349,0.19254173,Incoming,2,1,wallet_318
2025-01-14 15:12:51,wallet_123,0.08434015,Outgoing,1,1,wallet_253
2025-01-14 15:12:51,wallet_253,0.08434015,Incoming,1,1,wallet_123
2025-01-14 15:38:59,wallet_368,0.03877471,Outgoing,3,1,wallet_109
2025-01-14 15:38:59,wallet_109,0.03877471,Incoming,3,1,wallet_368
2025-01-14 15:45:00,wallet_277,0.02793691,Outgoing,2,3,wallet_119
2025-01-14 15:45:00,wallet_119,0.02793691,Incoming,2,3,wallet_277
2025-01-14 15:59:55,wallet_360,0.08652504,Outgoing,3,1,wallet_043
2025-01-14 15:59:55,wallet_043,0.08652504,Incoming,3,1,wallet_360
2025-01-14 16:12:38,wallet_347,0.01789685,Outgoing,1,3,wallet_361
2025-01-14 16:12:38,wallet_361,0.01789685,Incoming,1,3,wallet_347
2025-01-14 16:18:06,wallet_185,0.01338546,Outgoing,1,2,wallet_233
2025-01-14 16:18:06,wallet_233,0.01338546,Incoming,1,2,wallet_185
2025-01-14 17:08:10,wallet_217,0.09766024,Outgoing,4,3,wallet_350
2025-01-14 17:08:10,wallet_350,0.09766024,Incoming,4,3,wallet_217
2025-01-14 17:08:26,wallet_040,0.03997387,Outgoing,2,2,wallet_074
2025-01-14 17:08:26,wallet_074,0.03997387,Incoming,2,2,wallet_040
2025-01-14 21:25:05,wallet_076,0.06718254,Outgoing,2,2,wallet_248
2025-01-14 21:25:05,wallet_248,0.06718254,Incoming,2,2,wallet_076
2025-01-15 01:06:48,wallet_109,0.02959378,Outgoing,4,1,wallet_252
2025-01-15 01:06:48,wallet_252,0.02959378,Incoming,4,1,wallet_109
2025-01-15 06:53:32,wallet_051,0.02693145,Outgoing,2,1,wallet_362
2025-01-15 06:53:32,wallet_362,0.02693145,Incoming,2,1,wallet_051
2025-01-15 08:08:36,wallet_225,0.12964695,Outgoing,1,1,wallet_205
2025-01-15 08:08:36,wallet_205,0.12964695,Incoming,1,1,wallet_225
2025-01-15 10:36:37,wallet_149,0.01586219,Outgoing,1,2,wallet_269
2025-01-15 10:36:37,wallet_269,0.01586219,Incoming,1,2,wallet_149
2025-01-15 12:16:19,wallet_290,0.02235839,Outgoing,2,1,wallet_263
2025-01-15 12:16:19,wallet_263,0.02235839,Incoming,2,1,wallet_290
2025-01-15 13:00:00,wallet_398,0.14838736,Outgoing,3,2,wallet_049
2025-01-15 13:00:00,wallet_049,0.14838736,Incoming,3,2,wallet_398
2025-01-15 13:33:15,wallet_198,0.08671002,Outgoing,1,2,wallet_329
2025-01-15 13:33:15,wallet_329,0.08671002,Incoming,1,2,wallet_198
2025-01-15 15:37:49,wallet_126,0.01160014,Outgoing,1,2,wallet_260
2025-01-15 15:37:49,wallet_260,0.01160014,Incoming,1,2,wallet_126
2025-01-15 18:13:24,wallet_074,0.1080521,Outgoing,1,2,wallet_221
2025-01-15 18:13:24,wallet_221,0.1080521,Incoming,1,2,wallet_074
2025-01-15 19:26:32,wallet_251,0.32272999,Outgoing,1,1,wallet_050
2025-01-15 19:26:32,wallet_050,0.32272999,Incoming,1,1,wallet_251
2025-01-15 20:26:21,wallet_056,0.13641821,Outgoing,1,1,wallet_378
2025-01-15 20:26:21,wallet_378,0.13641821,Incoming,1,1,wallet_056
2025-01-15 22:55:57,wallet_179,0.04383311,Outgoing,2,3,wallet_366
2025-01-15 22:55:57,wallet_366,0.04383311,Incoming,2,3,wallet_179
2025-01-16 05:12:06,wallet_161,0.04976355,Outgoing,2,3,wallet_110
2025-01-16 05:12:06,wallet_110,0.04976355,Incoming,2,3,wallet_161
2025-01-16 07:34:47,wallet_410,0.0051822,Outgoing,1,2,wallet_323
2025-01-16 07:34:47,wallet_323,0.0051822,Incoming,1,2,wallet_410
2025-01-16 09:09:29,wallet_351,0.01256101,Outgoing,1,2,wallet_270
2025-01-16 09:09:29,wallet_270,0.01256101,Incoming,1,2,wallet_351
2025-01-16 11:19:28,wallet_367,0.03736987,Outgoing,1,3,wallet_343
2025-01-16 11:19:28,wallet_343,0.03736987,Incoming,1,3,wallet_367
2025-01-16 12:16:58,wallet_257,0.03369782,Outgoing,1,3,wallet_324
2025-01-16 12:16:58,wallet_324,0.03369782,Incoming,1,3,wallet_257
2025-01-16 12:35:41,wallet_064,0.00834271,Outgoing,2,3,wallet_241
2025-01-16 12:35:41,wallet_241,0.00834271,Incoming,2,3,wallet_064
2025-01-16 12:49:50,wallet_319,0.04018207,Outgoing,2,3,wallet_280
2025-01-16 12:49:50,wallet_280,0.04018207,Incoming,2,3,wallet_319
2025-01-16 14:20:04,wallet_238,0.15911344,Outgoing,1,2,wallet_383
2025-01-16 14:20:04,wallet_383,0.15911344,Incoming,1,2,wallet_238
2025-01-16 17:49:13,wallet_344,0.07099964,Outgoing,3,2,wallet_295
2025-01-16 17:49:13,wallet_295,0.07099964,Incoming,3,2,wallet_344
2025-01-16 19:32:19,wallet_201,0.16156521,Outgoing,1,2,wallet_068
2025-01-16 19:32:19,wallet_068,0.16156521,Incoming,1,2,wallet_201
2025-01-16 21:36:38,wallet_121,0.01749233,Outgoing,1,2,wallet_159
2025-01-16 21:36:38,wallet_159,0.01749233,Incoming,1,2,wallet_121
2025-01-16 21:43:30,wallet_123,0.06992873,Outgoing,1,2,wallet_316
2025-01-16 21:43:30,wallet_316,0.06992873,Incoming,1,2,wallet_123
2025-01-16 23:39:03,wallet_004,0.04672603,Outgoing,1,2,wallet_198
2025-01-16 23:39:03,wallet_198,0.04672603,Incoming,1,2,wallet_004
2025-01-17 06:15:51,wallet_383,0.66771436,Outgoing,1,2,wallet_348
2025-01-17 06:15:51,wallet_348,0.66771436,Incoming,1,2,wallet_383
2025-01-17 09:40:59,wallet_378,0.08047207,Outgoing,2,2,wallet_130
2025-01-17 09:40:59,wallet_130,0.08047207,Incoming,2,2,wallet_378
2025-01-17 09:42:12,wallet_338,0.11217733,Outgoing,1,2,wallet_051
2025-01-17 09:42:12,wallet_051,0.11217733,Incoming,1,2,wallet_338
2025-01-17 10:58:55,wallet_307,0.02387416,Outgoing,4,3,wallet_410
2025-01-17 10:58:55,wallet_410,0.02387416,Incoming,4,3,wallet_307
2025-01-17 11:50:33,wallet_316,0.0558591,Outgoing,1,1,wallet_304
2025-01-17 11:50:33,wallet_304,0.0558591,Incoming,1,1,wallet_316
2025-01-17 12:41:30,wallet_379,0.10140291,Outgoing,2,1,wallet_100
2025-01-17 12:41:30,wallet_100,0.10140291,Incoming,2,1,wallet_379
2025-01-17 13:50:15,wallet_317,0.25656457,Outgoing,1,2,wallet_051
2025-01-17 13:50:15,wallet_051,0.25656457,Incoming,1,2,wallet_317
2025-01-17 13:55:24,wallet_346,0.05701703,Outgoing,1,1,wallet_268
2025-01-17 13:55:24,wallet_268,0.05701703,Incoming,1,1,wallet_346
2025-01-17 14:42:16,wallet_309,0.10844088,Outgoing,1,2,wallet_032
2025-01-17 14:42:16,wallet_032,0.10844088,Incoming,1,2,wallet_309
2025-01-17 15:26:10,wallet_297,0.04741157,Outgoing,2,1,wallet_396
2025-01-17 15:26:10,wallet_396,0.04741157,Incoming,2,1,wallet_297
2025-01-17 15:33:54,wallet_162,0.27078486,Outgoing,2,2,wallet_221
2025-01-17 15:33:54,wallet_221,0.27078486,Incoming,2,2,wallet_162
2025-01-18 12:08:30,wallet_228,0.02444836,Outgoing,3,1,wallet_232
2025-01-18 12:08:30,wallet_232,0.02444836,Incoming,3,1,wallet_228
2025-01-18 12:58:20,wallet_022,0.02306204,Outgoing,1,2,wallet_357
2025-01-18 12:58:20,wallet_357,0.02306204,Incoming,1,2,wallet_022
2025-01-18 14:10:23,wallet_110,1.91372613,Outgoing,2,2,wallet_407
2025-01-18 14:10:23,wallet_407,1.91372613,Incoming,2,2,wallet_110
2025-01-18 14:36:43,wallet_394,0.11246282,Outgoing,1,1,wallet_126
2025-01-18 14:36:43,wallet_126,0.11246282,Incoming,1,1,wallet_394
2025-01-18 15:27:49,wallet_102,0.05370751,Outgoing,1,3,wallet_344
2025-01-18 15:27:49,wallet_344,0.05370751,Incoming,1,3,wallet_102
2025-01-18 15:45:38,wallet_334,0.04653581,Outgoing,1,2,wallet_152
2025-01-18 15:45:38,wallet_152,0.04653581,Incoming,1,2,wallet_334
2025-01-18 18:14:40,wallet_346,0.10789835,Outgoing,1,1,wallet_360
2025-01-18 18:14:40,wallet_360,0.10789835,Incoming,1,1,wallet_346
2025-01-18 18:39:13,wallet_068,0.11972166,Outgoing,3,1,wallet_105
2025-01-18 18:39:13,wallet_105,0.11972166,Incoming,3,1,wallet_068
2025-01-18 19:23:25,wallet_069,0.09374361,Outgoing,1,2,wallet_257
2025-01-18 19:23:25,wallet_257,0.09374361,Incoming,1,2,wallet_069
2025-01-18 19:55:10,wallet_405,0.09968094,Outgoing,2,2,wallet_292
2025-01-18 19:55:10,wallet_292,0.09968094,Incoming,2,2,wallet_405
2025-01-18 21:32:49,wallet_054,0.01339715,Outgoing,1,1,wallet_233
2025-01-18 21:32:49,wallet_233,0.01339715,Incoming,1,1,wallet_054
2025-01-18 22:13:07,wallet_219,0.03253172,Outgoing,1,2,wallet_226
2025-01-18 22:13:07,wallet_226,0.03253172,Incoming,1,2,wallet_219
2025-01-19 07:15:31,wallet_234,0.05265008,Outgoing,1,1,wallet_212
2025-01-19 07:15:31,wallet_212,0.05265008,Incoming,1,1,wallet_234
2025-01-19 07:20:15,wallet_007,0.03474254,Outgoing,2,2,wallet_202
2025-01-19 07:20:15,wallet_202,0.03474254,Incoming,2,2,wallet_007
2025-01-19 07:26:56,wallet_218,0.06638371,Outgoing,1,2,wallet_279
2025-01-19 07:26:56,wallet_279,0.06638371,Incoming,1,2,wallet_218
2025-01-19 08:03:00,wallet_238,0.04002117,Outgoing,1,1,wallet_403
2025-01-19 08:03:00,wallet_403,0.04002117,Incoming,1,1,wallet_238
2025-01-19 08:35:26,wallet_185,0.01064918,Outgoing,2,2,wallet_233
2025-01-19 08:35:26,wallet_233,0.01064918,Incoming,2,2,wallet_185
2025-01-19 09:58:24,wallet_306,0.06265235,Outgoing,2,2,wallet_244
2025-01-19 09:58:24,wallet_244,0.06265235,Incoming,2,2,wallet_306
2025-01-19 11:47:41,wallet_062,0.03290091,Outgoing,2,2,wallet_298
2025-01-19 11:47:41,wallet_298,0.03290091,Incoming,2,2,wallet_062
2025-01-19 16:44:56,wallet_133,0.08626095,Outgoing,1,1,wallet_051
2025-01-19 16:44:56,wallet_051,0.08626095,Incoming,1,1,wallet_133
2025-01-19 18:29:48,wallet_217,0.05318119,Outgoing,1,2,wallet_262
2025-01-19 18:29:48,wallet_262,0.05318119,Incoming,1,2,wallet_217
2025-01-19 18:34:57,wallet_301,0.05669526,Outgoing,2,2,wallet_212
2025-01-19 18:34:57,wallet_212,0.05669526,Incoming,2,2,wallet_301
2025-01-20 04:10:23,wallet_304,0.04781088,Outgoing,1,2,wallet_249
2025-01-20 04:10:23,wallet_249,0.04781088,Incoming,1,2,wallet_304
2025-01-20 06:36:25,wallet_208,0.06794022,Outgoing,1,3,wallet_393
2025-01-20 06:36:25,wallet_393,0.06794022,Incoming,1,3,wallet_208
2025-01-20 07:33:32,wallet_070,0.02044341,Outgoing,2,2,wallet_392
2025-01-20 07:33:32,wallet_392,0.02044341,Incoming,2,2,wallet_070
2025-01-20 08:17:30,wallet_282,0.05655792,Outgoing,2,1,wallet_001
2025-01-20 08:17:30,wallet_001,0.05655792,Incoming,2,1,wallet_282
2025-01-20 09:15:48,wallet_228,0.03955086,Outgoing,3,1,wallet_155
2025-01-20 09:15:48,wallet_155,0.03955086,Incoming,3,1,wallet_228
2025-01-20 09:58:31,wallet_041,0.09142773,Outgoing,3,1,wallet_095
2025-01-20 09:58:31,wallet_095,0.09142773,Incoming,3,1,wallet_041
2025-01-20 10:33:00,wallet_394,0.16507287,Outgoing,2,2,wallet_277
2025-01-20 10:33:00,wallet_277,0.16507287,Incoming,2,2,wallet_394
2025-01-20 10:45:50,wallet_297,0.02051114,Outgoing,4,2,wallet_210
2025-01-20 10:45:50,wallet_210,0.02051114,Incoming,4,2,wallet_297
2025-01-20 11:26:32,wallet_324,0.09261684,Outgoing,2,2,wallet_252
2025-01-20 11:26:32,wallet_252,0.09261684,Incoming,2,2,wallet_324
2025-01-20 11:55:27,wallet_100,0.08016049,Outgoing,1,2,wallet_319
2025-01-20 11:55:27,wallet_319,0.08016049,Incoming,1,2,wallet_100
2025-01-20 12:14:25,wallet_233,0.05007306,Outgoing,2,2,wallet_059
2025-01-20 12:14:25,wallet_059,0.05007306,Incoming,2,2,wallet_233
2025-01-20 15:06:01,wallet_107,0.00651226,Outgoing,1,2,wallet_343
2025-01-20 15:06:01,wallet_343,0.00651226,Incoming,1,2,wallet_107
2025-01-20 15:43:19,wallet_174,0.06142583,Outgoing,4,1,wallet_292
2025-01-20 15:43:19,wallet_292,0.06142583,Incoming,4,1,wallet_174
2025-01-20 16:53:35,wallet_261,0.02978376,Outgoing,1,2,wallet_334
2025-01-20 16:53:35,wallet_334,0.02978376,Incoming,1,2,wallet_261
2025-01-20 20:10:58,wallet_334,0.02376805,Outgoing,1,2,wallet_261
2025-01-20 20:10:58,wallet_261,0.02376805,Incoming,1,2,wallet_334
2025-01-20 20:54:17,wallet_264,0.13300114,Outgoing,3,2,wallet_099
2025-01-20 20:54:17,wallet_099,0.13300114,Incoming,3,2,wallet_264
2025-01-21 06:46:11,wallet_198,1.56663099,Outgoing,4,2,wallet_329
2025-01-21 06:46:11,wallet_329,1.56663099,Incoming,4,2,wallet_198
2025-01-21 08:32:58,wallet_130,0.05156944,Outgoing,1,2,wallet_104
2025-01-21 08:32:58,wallet_104,0.05156944,Incoming,1,2,wallet_130
2025-01-21 09:17:36,wallet_159,0.38007919,Outgoing,2,1,wallet_371
2025-01-21 09:17:36,wallet_371,0.38007919,Incoming,2,1,wallet_159
2025-01-21 10:26:22,wallet_043,0.0284866,Outgoing,2,1,wallet_202
2025-01-21 10:26:22,wallet_202,0.0284866,Incoming,2,1,wallet_043
2025-01-21 11:07:41,wallet_010,0.05032239,Outgoing,1,2,wallet_350
2025-01-21 11:07:41,wallet_350,0.05032239,Incoming,1,2,wallet_010
2025-01-21 13:35:52,wallet_170,0.04211214,Outgoing,1,2,wallet_182
2025-01-21 13:35:52,wallet_182,0.04211214,Incoming,1,2,wallet_170
2025-01-21 13:41:17,wallet_199,0.28079972,Outgoing,1,3,wallet_114
2025-01-21 13:41:17,wallet_114,0.28079972,Incoming,1,3,wallet_199
2025-01-21 13:47:55,wallet_362,0.01541824,Outgoing,4,2,wallet_005
2025-01-21 13:47:55,wallet_005,0.01541824,Incoming,4,2,wallet_362
2025-01-21 15:27:56,wallet_306,0.08493103,Outgoing,2,2,wallet_344
2025-01-21 15:27:56,wallet_344,0.08493103,Incoming,2,2,wallet_306
2025-01-21 15:31:22,wallet_297,0.04276091,Outgoing,1,2,wallet_350
2025-01-21 15:31:22,wallet_350,0.04276091,Incoming,1,2,wallet_297
2025-01-21 15:58:21,wallet_202,0.029317,Outgoing,2,1,wallet_351
2025-01-21 15:58:21,wallet_351,0.029317,Incoming,2,1,wallet_202
2025-01-21 16:37:00,wallet_286,0.12666906,Outgoing,4,3,wallet_201
2025-01-21 16:37:00,wallet_201,0.12666906,Incoming,4,3,wallet_286
2025-01-21 18:24:40,wallet_072,0.03948914,Outgoing,2,1,wallet_155
2025-01-21 18:24:40,wallet_155,0.03948914,Incoming,2,1,wallet_072
2025-01-22 08:44:33,wallet_345,0.01666374,Outgoing,1,1,wallet_401
2025-01-22 08:44:33,wallet_401,0.01666374,Incoming,1,1,wallet_345
2025-01-22 09:06:43,wallet_306,0.04030898,Outgoing,1,2,wallet_344
2025-01-22 09:06:43,wallet_344,0.04030898,Incoming,1,2,wallet_306
2025-01-22 09:31:29,wallet_099,0.10162829,Outgoing,1,2,wallet_114
2025-01-22 09:31:29,wallet_114,0.10162829,Incoming,1,2,wallet_099
2025-01-22 10:56:40,wallet_027,0.06906576,Outgoing,2,2,wallet_360
2025-01-22 10:56:40,wallet_360,0.06906576,Incoming,2,2,wallet_027
2025-01-22 11:02:27,wallet_039,0.06646623,Outgoing,1,1,wallet_152
2025-01-22 11:02:27,wallet_152,0.06646623,Incoming,1,1,wallet_039
2025-01-22 11:42:00,wallet_255,0.00662046,Outgoing,2,2,wallet_045
2025-01-22 11:42:00,wallet_045,0.00662046,Incoming,2,2,wallet_255
2025-01-22 12:00:32,wallet_073,0.0672197,Outgoing,3,1,wallet_074
2025-01-22 12:00:32,wallet_074,0.0672197,Incoming,3,1,wallet_073
2025-01-22 14:10:41,wallet_045,0.00899307,Outgoing,2,1,wallet_333
2025-01-22 14:10:41,wallet_333,0.00899307,Incoming,2,1,wallet_045
2025-01-22 14:13:33,wallet_272,0.04747637,Outgoing,1,1,wallet_319
2025-01-22 14:13:33,wallet_319,0.04747637,Incoming,1,1,wallet_272
2025-01-22 15:03:49,wallet_374,0.08250531,Outgoing,1,2,wallet_235
2025-01-22 15:03:49,wallet_235,0.08250531,Incoming,1,2,wallet_374
2025-01-22 17:00:38,wallet_228,0.06833033,Outgoing,3,2,wallet_388
2025-01-22 17:00:38,wallet_388,0.06833033,Incoming,3,2,wallet_228
2025-01-22 19:12:32,wallet_193,0.04500074,Outgoing,2,1,wallet_122
2025-01-22 19:12:32,wallet_122,0.04500074,Incoming,2,1,wallet_193
2025-01-23 05:44:25,wallet_230,0.10724204,Outgoing,1,2,wallet_324
2025-01-23 05:44:25,wallet_324,0.10724204,Incoming,1,2,wallet_230
2025-01-23 06:07:17,wallet_041,0.06801167,Outgoing,1,2,wallet_063
2025-01-23 06:07:17,wallet_063,0.06801167,Incoming,1,2,wallet_041
2025-01-23 08:33:13,wallet_338,0.0369897,Outgoing,4,3,wallet_297
2025-01-23 08:33:13,wallet_297,0.0369897,Incoming,4,3,wallet_338
2025-01-23 11:01:22,wallet_104,0.14086525,Outgoing,2,3,wallet_061
2025-01-23 11:01:22,wallet_061,0.14086525,Incoming,2,3,wallet_104
2025-01-23 15:19:39,wallet_237,0.055417,Outgoing,1,2,wallet_234
2025-01-23 15:19:39,wallet_234,0.055417,Incoming,1,2,wallet_237
2025-01-23 16:10:26,wallet_132,0.1313352,Outgoing,1,2,wallet_051
2025-01-23 16:10:26,wallet_051,0.1313352,Incoming,1,2,wallet_132
2025-01-23 17:48:30,wallet_074,0.04555977,Outgoing,2,2,wallet_350
2025-01-23 17:48:30,wallet_350,0.04555977,Incoming,2,2,wallet_074
2025-01-23 19:41:45,wallet_147,0.07508519,Outgoing,3,1,wallet_239
2025-01-23 19:41:45,wallet_239,0.07508519,Incoming,3,1,wallet_147
2025-01-24 07:47:39,wallet_150,0.03032338,Outgoing,1,1,wallet_313
2025-01-24 07:47:39,wallet_313,0.03032338,Incoming,1,1,wallet_150
2025-01-24 07:47:59,wallet_064,0.02033216,Outgoing,1,2,wallet_078
2025-01-24 07:47:59,wallet_078,0.02033216,Incoming,1,2,wallet_064
2025-01-24 08:02:17,wallet_104,0.2368568,Outgoing,4,3,wallet_169
2025-01-24 08:02:17,wallet_169,0.2368568,Incoming,4,3,wallet_104
2025-01-24 08:59:17,wallet_011,0.02605552,Outgoing,1,2,wallet_232
2025-01-24 08:59:17,wallet_232,0.02605552,Incoming,1,2,wallet_011
2025-01-24 09:43:32,wallet_252,0.0364548,Outgoing,3,1,wallet_235
2025-01-24 09:43:32,wallet_235,0.0364548,Incoming,3,1,wallet_252
2025-01-24 12:06:47,wallet_127,0.01554428,Outgoing,1,1,wallet_124
2025-01-24 12:06:47,wallet_124,0.01554428,Incoming,1,1,wallet_127
2025-01-24 13:01:38,wallet_205,0.12097373,Outgoing,2,1,wallet_350
2025-01-24 13:01:38,wallet_350,0.12097373,Incoming,2,1,wallet_205
2025-01-24 13:07:56,wallet_109,0.10324501,Outgoing,1,2,wallet_324
2025-01-24 13:07:56,wallet_324,0.10324501,Incoming,1,2,wallet_109
2025-01-24 14:00:30,wallet_022,1.08829745,Outgoing,4,2,wallet_055
2025-01-24 14:00:30,wallet_055,1.08829745,Incoming,4,2,wallet_022
2025-01-24 15:03:47,wallet_150,0.04128935,Outgoing,1,2,wallet_116
2025-01-24 15:03:47,wallet_116,0.04128935,Incoming,1,2,wallet_150
2025-01-24 15:30:52,wallet_140,0.01655736,Outgoing,1,2,wallet_166
2025-01-24 15:30:52,wallet_166,0.01655736,Incoming,1,2,wallet_140
2025-01-24 21:20:06,wallet_392,0.0328306,Outgoing,2,2,wallet_304
2025-01-24 21:20:06,wallet_304,0.0328306,Incoming,2,2,wallet_392
2025-01-25 05:24:45,wallet_093,0.13285608,Outgoing,3,2,wallet_087
2025-01-25 05:24:45,wallet_087,0.13285608,Incoming,3,2,wallet_093
2025-01-25 07:03:36,wallet_014,0.01933477,Outgoing,4,2,wallet_350
2025-01-25 07:03:36,wallet_350,0.01933477,Incoming,4,2,wallet_014
2025-01-25 07:53:10,wallet_048,0.00447888,Outgoing,4,1,wallet_314
2025-01-25 07:53:10,wallet_314,0.00447888,Incoming,4,1,wallet_048
2025-01-25 08:08:32,wallet_283,0.41011138,Outgoing,1,1,wallet_201
2025-01-25 08:08:32,wallet_201,0.41011138,Incoming,1,1,wallet_283
2025-01-25 10:14:40,wallet_169,0.01336578,Outgoing,2,1,wallet_378
2025-01-25 10:14:40,wallet_378,0.01336578,Incoming,2,1,wallet_169
2025-01-25 11:24:39,wallet_088,0.0671146,Outgoing,1,3,wallet_142
2025-01-25 11:24:39,wallet_142,0.0671146,Incoming,1,3,wallet_088
2025-01-25 11:43:44,wallet_158,0.02270147,Outgoing,4,2,wallet_254
2025-01-25 11:43:44,wallet_254,0.02270147,Incoming,4,2,wallet_158
2025-01-25 11:48:41,wallet_076,0.09161256,Outgoing,1,3,wallet_167
2025-01-25 11:48:41,wallet_167,0.09161256,Incoming,1,3,wallet_076
2025-01-25 11:56:55,wallet_167,0.06977891,Outgoing,1,2,wallet_076
2025-01-25 11:56:55,wallet_076,0.06977891,Incoming,1,2,wallet_167
2025-01-25 14:03:33,wallet_205,4.6028532,Outgoing,1,2,wallet_100
2025-01-25 14:03:33,wallet_100,4.6028532,Incoming,1,2,wallet_205
2025-01-25 14:33:00,wallet_344,0.05740457,Outgoing,1,2,wallet_119
2025-01-25 14:33:00,wallet_119,0.05740457,Incoming,1,2,wallet_344
2025-01-25 15:44:55,wallet_268,0.00708121,Outgoing,2,1,wallet_270
2025-01-25 15:44:55,wallet_270,0.00708121,Incoming,2,1,wallet_268
2025-01-25 19:45:06,wallet_238,0.25674922,Outgoing,1,2,wallet_175
2025-01-25 19:45:06,wallet_175,0.25674922,Incoming,1,2,wallet_238
2025-01-25 21:20:32,wallet_323,0.00917549,Outgoing,1,2,wallet_372
2025-01-25 21:20:32,wallet_372,0.00917549,Incoming,1,2,wallet_323
2025-01-26 05:36:36,wallet_241,0.03711392,Outgoing,2,2,wallet_274
2025-01-26 05:36:36,wallet_274,0.03711392,Incoming,2,2,wallet_241
2025-01-26 06:17:50,wallet_349,0.1565719,Outgoing,2,3,wallet_032
2025-01-26 06:17:50,wallet_032,0.1565719,Incoming,2,3,wallet_349
2025-01-26 09:39:51,wallet_059,0.05015108,Outgoing,3,1,wallet_013
2025-01-26 09:39:51,wallet_013,0.05015108,Incoming,3,1,wallet_059
2025-01-26 09:41:27,wallet_228,0.021876,Outgoing,4,2,wallet_388
2025-01-26 09:41:27,wallet_388,0.021876,Incoming,4,2,wallet_228
2025-01-26 13:05:13,wallet_173,0.02043291,Outgoing,3,3,wallet_183
2025-01-26 13:05:13,wallet_183,0.02043291,Incoming,3,3,wallet_173
2025-01-26 13:43:22,wallet_202,0.02879338,Outgoing,1,2,wallet_351
2025-01-26 13:43:22,wallet_351,0.02879338,Incoming,1,2,wallet_202
2025-01-26 13:49:20,wallet_187,0.01046165,Outgoing,2,2,wallet_064
2025-01-26 13:49:20,wallet_064,0.01046165,Incoming,2,2,wallet_187
2025-01-26 16:41:13,wallet_151,0.11248623,Outgoing,1,2,wallet_264
2025-01-26 16:41:13,wallet_264,0.11248623,Incoming,1,2,wallet_151
2025-01-26 16:51:54,wallet_139,0.0295778,Outgoing,2,2,wallet_095
2025-01-26 16:51:54,wallet_095,0.0295778,Incoming,2,2,wallet_139
2025-01-26 16:52:06,wallet_066,0.01328556,Outgoing,1,2,wallet_328
2025-01-26 16:52:06,wallet_328,0.01328556,Incoming,1,2,wallet_066
2025-01-26 17:18:55,wallet_113,0.01856572,Outgoing,1,1,wallet_347
2025-01-26 17:18:55,wallet_347,0.01856572,Incoming,1,1,wallet_113
2025-01-26 18:04:11,wallet_083,0.01794778,Outgoing,2,1,wallet_350
2025-01-26 18:04:11,wallet_350,0.01794778,Incoming,2,1,wallet_083
2025-01-27 09:31:59,wallet_306,0.06775105,Outgoing,1,2,wallet_336
2025-01-27 09:31:59,wallet_336,0.06775105,Incoming,1,2,wallet_306
2025-01-27 11:03:27,wallet_130,0.0449576,Outgoing,2,2,wallet_002
2025-01-27 11:03:27,wallet_002,0.0449576,Incoming,2,2,wallet_130
2025-01-27 14:51:27,wallet_317,0.01726335,Outgoing,1,2,wallet_051
2025-01-27 14:51:27,wallet_051,0.01726335,Incoming,1,2,wallet_317
2025-01-27 15:21:42,wallet_278,0.05450062,Outgoing,2,2,wallet_047
2025-01-27 15:21:42,wallet_047,0.05450062,Incoming,2,2,wallet_278
2025-01-27 17:43:32,wallet_086,0.02433173,Outgoing,4,1,wallet_190
2025-01-27 17:43:32,wallet_190,0.02433173,Incoming,4,1,wallet_086
2025-01-27 17:46:07,wallet_085,0.02243819,Outgoing,1,1,wallet_152
2025-01-27 17:46:07,wallet_152,0.02243819,Incoming,1,1,wallet_085
2025-01-27 22:47:07,wallet_307,0.00936142,Outgoing,1,3,wallet_228
2025-01-27 22:47:07,wallet_228,0.00936142,Incoming,1,3,wallet_307
2025-01-28 06:06:56,wallet_234,0.01708844,Outgoing,1,1,wallet_066
2025-01-28 06:06:56,wallet_066,0.01708844,Incoming,1,1,wallet_234
2025-01-28 08:28:53,wallet_169,0.01454442,Outgoing,1,2,wallet_097
2025-01-28 08:28:53,wallet_097,0.01454442,Incoming,1,2,wallet_169
2025-01-28 10:02:42,wallet_133,0.02426806,Outgoing,1,1,wallet_362
2025-01-28 10:02:42,wallet_362,0.02426806,Incoming,1,1,wallet_133
2025-01-28 10:43:58,wallet_408,0.02174836,Outgoing,1,1,wallet_343
2025-01-28 10:43:58,wallet_343,0.02174836,Incoming,1,1,wallet_408
2025-01-28 13:33:57,wallet_225,0.04107988,Outgoing,2,2,wallet_076
2025-01-28 13:33:57,wallet_076,0.04107988,Incoming,2,2,wallet_225
2025-01-28 13:53:33,wallet_063,0.05065428,Outgoing,3,2,wallet_319
2025-01-28 13:53:33,wallet_319,0.05065428,Incoming,3,2,wallet_063
2025-01-28 14:14:07,wallet_017,0.04406992,Outgoing,1,2,wallet_314
2025-01-28 14:14:07,wallet_314,0.04406992,Incoming,1,2,wallet_017
2025-01-28 16:47:22,wallet_097,0.01811696,Outgoing,1,2,wallet_169
2025-01-28 16:47:22,wallet_169,0.01811696,Incoming,1,2,wallet_097
2025-01-28 17:08:50,wallet_232,0.04146015,Outgoing,1,2,wallet_016
2025-01-28 17:08:50,wallet_016,0.04146015,Incoming,1,2,wallet_232
2025-01-28 17:28:02,wallet_132,0.11300397,Outgoing,1,1,wallet_350
2025-01-28 17:28:02,wallet_350,0.11300397,Incoming,1,1,wallet_132
2025-01-28 20:08:42,wallet_328,0.00881664,Outgoing,1,1,wallet_166
2025-01-28 20:08:42,wallet_166,0.00881664,Incoming,1,1,wallet_328
2025-01-28 20:29:45,wallet_237,0.04310586,Outgoing,1,2,wallet_197
2025-01-28 20:29:45,wallet_197,0.04310586,Incoming,1,2,wallet_237
2025-01-28 23:08:56,wallet_370,0.0566042,Outgoing,1,1,wallet_129
2025-01-28 23:08:56,wallet_129,0.0566042,Incoming,1,1,wallet_370
2025-01-29 07:20:55,wallet_308,0.21939639,Outgoing,1,2,wallet_099
2025-01-29 07:20:55,wallet_099,0.21939639,Incoming,1,2,wallet_308
2025-01-29 08:15:04,wallet_253,0.08230515,Outgoing,3,1,wallet_123
2025-01-29 08:15:04,wallet_123,0.08230515,Incoming,3,1,wallet_253
2025-01-29 14:50:16,wallet_388,0.020754,Outgoing,2,2,wallet_307
2025-01-29 14:50:16,wallet_307,0.020754,Incoming,2,2,wallet_388
2025-01-29 16:10:55,wallet_045,0.01016279,Outgoing,3,2,wallet_145
2025-01-29 16:10:55,wallet_145,0.01016279,Incoming,3,2,wallet_045
2025-01-29 16:28:38,wallet_089,0.08017826,Outgoing,2,2,wallet_094
2025-01-29 16:28:38,wallet_094,0.08017826,Incoming,2,2,wallet_089
2025-01-29 16:40:09,wallet_354,0.16198265,Outgoing,4,1,wallet_314
2025-01-29 16:40:09,wallet_314,0.16198265,Incoming,4,1,wallet_354
2025-01-29 17:37:05,wallet_038,0.12740006,Outgoing,1,2,wallet_170
2025-01-29 17:37:05,wallet_170,0.12740006,Incoming,1,2,wallet_038
2025-01-29 17:42:36,wallet_010,0.02122552,Outgoing,1,3,wallet_326
2025-01-29 17:42:36,wallet_326,0.02122552,Incoming,1,3,wallet_010
2025-01-29 18:22:12,wallet_224,0.02249687,Outgoing,3,3,wallet_194
2025-01-29 18:22:12,wallet_194,0.02249687,Incoming,3,3,wallet_224
2025-01-29 18:28:20,wallet_331,0.05225613,Outgoing,1,3,wallet_385
2025-01-29 18:28:20,wallet_385,0.05225613,Incoming,1,3,wallet_331
2025-01-29 20:00:41,wallet_269,0.04435754,Outgoing,3,3,wallet_288
2025-01-29 20:00:41,wallet_288,0.04435754,Incoming,3,3,wallet_269
2025-01-29 20:20:48,wallet_384,0.01830873,Outgoing,1,3,wallet_105
2025-01-29 20:20:48,wallet_105,0.01830873,Incoming,1,3,wallet_384
2025-01-29 20:22:07,wallet_179,0.03461991,Outgoing,1,2,wallet_050
2025-01-29 20:22:07,wallet_050,0.03461991,Incoming,1,2,wallet_179
2025-01-30 04:34:57,wallet_174,0.08357071,Outgoing,1,2,wallet_292
2025-01-30 04:34:57,wallet_292,0.08357071,Incoming,1,2,wallet_174
2025-01-30 05:58:55,wallet_140,0.3157396,Outgoing,1,1,wallet_377
2025-01-30 05:58:55,wallet_377,0.3157396,Incoming,1,1,wallet_140
2025-01-30 06:27:14,wallet_182,0.18440645,Outgoing,1,1,wallet_135
2025-01-30 06:27:14,wallet_135,0.18440645,Incoming,1,1,wallet_182
2025-01-30 07:52:39,wallet_036,0.06213376,Outgoing,1,3,wallet_069
2025-01-30 07:52:39,wallet_069,0.06213376,Incoming,1,3,wallet_036
2025-01-30 08:19:30,wallet_351,0.14403698,Outgoing,1,1,wallet_039
2025-01-30 08:19:30,wallet_039,0.14403698,Incoming,1,1,wallet_351
2025-01-30 09:04:25,wallet_030,0.08523475,Outgoing,4,3,wallet_146
2025-01-30 09:04:25,wallet_146,0.08523475,Incoming,4,3,wallet_030
2025-01-30 09:51:13,wallet_242,0.09144086,Outgoing,1,2,wallet_046
2025-01-30 09:51:13,wallet_046,0.09144086,Incoming,1,2,wallet_242
2025-01-30 10:15:20,wallet_272,0.04847889,Outgoing,1,2,wallet_217
2025-01-30 10:15:20,wallet_217,0.04847889,Incoming,1,2,wallet_272
2025-01-30 11:56:21,wallet_234,0.02035916,Outgoing,2,2,wallet_124
2025-01-30 11:56:21,wallet_124,0.02035916,Incoming,2,2,wallet_234
2025-01-30 12:21:06,wallet_142,0.03770451,Outgoing,4,1,wallet_402
2025-01-30 12:21:06,wallet_402,0.03770451,Incoming,4,1,wallet_142
2025-01-30 15:54:50,wallet_169,0.01223313,Outgoing,2,3,wallet_376
2025-01-30 15:54:50,wallet_376,0.01223313,Incoming,2,3,wallet_169
2025-01-30 16:47:20,wallet_104,0.12791603,Outgoing,1,2,wallet_056
2025-01-30 16:47:20,wallet_056,0.12791603,Incoming,1,2,wallet_104
2025-01-30 17:17:53,wallet_041,0.05718071,Outgoing,1,1,wallet_146
2025-01-30 17:17:53,wallet_146,0.05718071,Incoming,1,1,wallet_041
2025-01-30 17:42:38,wallet_385,0.05635803,Outgoing,3,3,wallet_338
2025-01-30 17:42:38,wallet_338,0.05635803,Incoming,3,3,wallet_385
2025-01-30 19:20:44,wallet_014,0.06026885,Outgoing,1,2,wallet_350
2025-01-30 19:20:44,wallet_350,0.06026885,Incoming,1,2,wallet_014
2025-01-31 00:29:34,wallet_177,0.17759737,Outgoing,1,1,wallet_220
2025-01-31 00:29:34,wallet_220,0.17759737,Incoming,1,1,wallet_177
2025-01-31 07:43:56,wallet_345,0.21931877,Outgoing,2,1,wallet_181
2025-01-31 07:43:56,wallet_181,0.21931877,Incoming,2,1,wallet_345
2025-01-31 08:03:17,wallet_043,0.03209036,Outgoing,1,2,wallet_130
2025-01-31 08:03:17,wallet_130,0.03209036,Incoming,1,2,wallet_043
2025-01-31 08:41:08,wallet_100,0.46872088,Outgoing,3,1,wallet_018
2025-01-31 08:41:08,wallet_018,0.46872088,Incoming,3,1,wallet_100
2025-01-31 09:20:58,wallet_071,0.0412241,Outgoing,4,2,wallet_199
2025-01-31 09:20:58,wallet_199,0.0412241,Incoming,4,2,wallet_071
2025-01-31 11:19:31,wallet_360,0.12510401,Outgoing,2,1,wallet_043
2025-01-31 11:19:31,wallet_043,0.12510401,Incoming,2,1,wallet_360
2025-01-31 11:36:00,wallet_296,0.13111202,Outgoing,1,1,wallet_083
2025-01-31 11:36:00,wallet_083,0.13111202,Incoming,1,1,wallet_296
2025-01-31 12:11:48,wallet_107,0.02649655,Outgoing,4,2,wallet_132
2025-01-31 12:11:48,wallet_132,0.02649655,Incoming,4,2,wallet_107
2025-01-31 12:14:34,wallet_107,0.02532753,Outgoing,1,2,wallet_218
2025-01-31 12:14:34,wallet_218,0.02532753,Incoming,1,2,wallet_107
2025-01-31 12:15:39,wallet_278,0.2352753,Outgoing,1,2,wallet_251
2025-01-31 12:15:39,wallet_251,0.2352753,Incoming,1,2,wallet_278
2025-01-31 12:16:36,wallet_107,0.03340902,Outgoing,1,1,wallet_021
2025-01-31 12:16:36,wallet_021,0.03340902,Incoming,1,1,wallet_107
2025-01-31 12:17:21,wallet_107,0.04306795,Outgoing,2,2,wallet_205
2025-01-31 12:17:21,wallet_205,0.04306795,Incoming,2,2,wallet_107
2025-01-31 12:21:20,wallet_107,0.0277265,Outgoing,2,2,wallet_212
2025-01-31 12:21:20,wallet_212,0.0277265,Incoming,2,2,wallet_107
2025-01-31 12:27:33,wallet_261,0.04273712,Outgoing,4,2,wallet_107
2025-01-31 12:27:33,wallet_107,0.04273712,Incoming,4,2,wallet_261
2025-01-31 12:33:49,wallet_268,0.04199695,Outgoing,3,3,wallet_107
2025-01-31 12:33:49,wallet_107,0.04199695,Incoming,3,3,wallet_268
2025-01-31 12:38:08,wallet_107,0.03791961,Outgoing,3,2,wallet_056
2025-01-31 12:38:08,wallet_056,0.03791961,Incoming,3,2,wallet_107
2025-01-31 12:43:19,wallet_385,0.04130342,Outgoing,1,2,wallet_107
2025-01-31 12:43:19,wallet_107,0.04130342,Incoming,1,2,wallet_385
2025-01-31 12:44:28,wallet_348,0.04418,Outgoing,2,2,wallet_107
2025-01-31 12:44:28,wallet_107,0.04418,Incoming,2,2,wallet_348
2025-01-31 12:50:00,wallet_296,0.02236518,Outgoing,2,3,wallet_119
2025-01-31 12:50:00,wallet_119,0.02236518,Incoming,2,3,wallet_296
2025-01-31 12:50:50,wallet_107,0.0449927,Outgoing,2,2,wallet_297
2025-01-31 12:50:50,wallet_297,0.0449927,Incoming,2,2,wallet_107
2025-01-31 12:56:29,wallet_107,0.02894696,Outgoing,3,2,wallet_156
2025-01-31 12:56:29,wallet_156,0.02894696,Incoming,3,2,wallet_107
2025-01-31 13:04:31,wallet_277,0.02972787,Outgoing,2,2,wallet_282
2025-01-31 13:04:31,wallet_282,0.02972787,Incoming,2,2,wallet_277
2025-01-31 13:19:00,wallet_296,0.13868342,Outgoing,1,1,wallet_184
2025-01-31 13:19:00,wallet_184,0.13868342,Incoming,1,1,wallet_296
2025-01-31 13:21:06,wallet_262,0.15417979,Outgoing,2,2,wallet_100
2025-01-31 13:21:06,wallet_100,0.15417979,Incoming,2,2,wallet_262
2025-01-31 13:34:00,wallet_296,0.05333747,Outgoing,1,3,wallet_228
2025-01-31 13:34:00,wallet_228,0.05333747,Incoming,1,3,wallet_296
2025-01-31 14:03:24,wallet_280,0.02735956,Outgoing,1,2,wallet_027
2025-01-31 14:03:24,wallet_027,0.02735956,Incoming,1,2,wallet_280
2025-01-31 14:07:29,wallet_153,0.03914256,Outgoing,1,1,wallet_071
2025-01-31 14:07:29,wallet_071,0.03914256,Incoming,1,1,wallet_153
2025-01-31 14:36:00,wallet_369,0.06912213,Outgoing,2,1,wallet_340
2025-01-31 14:36:00,wallet_340,0.06912213,Incoming,2,1,wallet_369
2025-01-31 16:13:00,wallet_369,0.05174288,Outgoing,4,2,wallet_078
2025-01-31 16:13:00,wallet_078,0.05174288,Incoming,4,2,wallet_369
2025-01-31 17:27:21,wallet_208,0.04359781,Outgoing,2,1,wallet_016
2025-01-31 17:27:21,wallet_016,0.04359781,Incoming,2,1,wallet_208
2025-01-31 20:35:14,wallet_172,0.01702622,Outgoing,2,1,wallet_056
2025-01-31 20:35:14,wallet_056,0.01702622,Incoming,2,1,wallet_172
2025-01-31 21:19:28,wallet_309,0.14575043,Outgoing,1,3,wallet_032
2025-01-31 21:19:28,wallet_032,0.14575043,Incoming,1,3,wallet_309
2025-02-01 09:00:00,wallet_369,0.09528763,Outgoing,1,2,wallet_219
2025-02-01 09:00:00,wallet_219,0.09528763,Incoming,1,2,wallet_369
2025-02-01 12:06:08,wallet_188,0.01335481,Outgoing,1,2,wallet_091
2025-02-01 12:06:08,wallet_091,0.01335481,Incoming,1,2,wallet_188
2025-02-01 12:51:00,wallet_369,0.07513004,Outgoing,1,2,wallet_189
2025-02-01 12:51:00,wallet_189,0.07513004,Incoming,1,2,wallet_369
2025-02-01 13:08:40,wallet_020,0.03054342,Outgoing,1,2,wallet_208
2025-02-01 13:08:40,wallet_208,0.03054342,Incoming,1,2,wallet_020
2025-02-01 13:21:00,wallet_296,0.0663589,Outgoing,1,3,wallet_111
2025-02-01 13:21:00,wallet_111,0.0663589,Incoming,1,3,wallet_296
2025-02-01 13:42:43,wallet_022,0.02709648,Outgoing,2,2,wallet_386
2025-02-01 13:42:43,wallet_386,0.02709648,Incoming,2,2,wallet_022
2025-02-01 14:13:08,wallet_034,0.07419416,Outgoing,1,1,wallet_350
2025-02-01 14:13:08,wallet_350,0.07419416,Incoming,1,1,wallet_034
2025-02-01 14:34:05,wallet_379,0.00969569,Outgoing,4,1,wallet_158
2025-02-01 14:34:05,wallet_158,0.00969569,Incoming,4,1,wallet_379
2025-02-01 15:53:00,wallet_369,0.11333662,Outgoing,1,1,wallet_021
2025-02-01 15:53:00,wallet_021,0.11333662,Incoming,1,1,wallet_369
2025-02-01 15:58:17,wallet_262,0.0755907,Outgoing,1,2,wallet_217
2025-02-01 15:58:17,wallet_217,0.0755907,Incoming,1,2,wallet_262
2025-02-01 16:02:30,wallet_183,0.01983773,Outgoing,2,2,wallet_358
2025-02-01 16:02:30,wallet_358,0.01983773,Incoming,2,2,wallet_183
2025-02-01 16:50:59,wallet_061,0.3733923,Outgoing,1,2,wallet_216
2025-02-01 16:50:59,wallet_216,0.3733923,Incoming,1,2,wallet_061
2025-02-01 17:02:05,wallet_084,0.04868849,Outgoing,1,1,wallet_215
2025-02-01 17:02:05,wallet_215,0.04868849,Incoming,1,1,wallet_084
2025-02-01 20:36:43,wallet_349,0.0216448,Outgoing,2,1,wallet_082
2025-02-01 20:36:43,wallet_082,0.0216448,Incoming,2,1,wallet_349
2025-02-01 20:49:06,wallet_251,0.14725384,Outgoing,1,3,wallet_050
2025-02-01 20:49:06,wallet_050,0.14725384,Incoming,1,3,wallet_251
2025-02-02 08:24:55,wallet_126,0.02451703,Outgoing,2,2,wallet_228
2025-02-02 08:24:55,wallet_228,0.02451703,Incoming,2,2,wallet_126
2025-02-02 08:58:42,wallet_397,0.09299522,Outgoing,1,2,wallet_349
2025-02-02 08:58:42,wallet_349,0.09299522,Incoming,1,2,wallet_397
2025-02-02 09:09:50,wallet_162,0.06462944,Outgoing,2,2,wallet_074
2025-02-02 09:09:50,wallet_074,0.06462944,Incoming,2,2,wallet_162
2025-02-02 09:48:00,wallet_369,0.08491874,Outgoing,4,1,wallet_386
2025-02-02 09:48:00,wallet_386,0.08491874,Incoming,4,1,wallet_369
2025-02-02 10:08:52,wallet_338,0.03493569,Outgoing,1,2,wallet_195
2025-02-02 10:08:52,wallet_195,0.03493569,Incoming,1,2,wallet_338
2025-02-02 10:20:00,wallet_369,0.14255135,Outgoing,1,3,wallet_288
2025-02-02 10:20:00,wallet_288,0.14255135,Incoming,1,3,wallet_369
2025-02-02 10:25:00,wallet_296,0.12052818,Outgoing,1,2,wallet_110
2025-02-02 10:25:00,wallet_110,0.12052818,Incoming,1,2,wallet_296
2025-02-02 10:55:00,wallet_369,0.09568326,Outgoing,1,2,wallet_275
2025-02-02 10:55:00,wallet_275,0.09568326,Incoming,1,2,wallet_369
2025-02-02 11:23:00,wallet_296,0.04056407,Outgoing,2,2,wallet_239
2025-02-02 11:23:00,wallet_239,0.04056407,Incoming,2,2,wallet_296
2025-02-02 11:57:13,wallet_059,0.07657313,Outgoing,1,2,wallet_233
2025-02-02 11:57:13,wallet_233,0.07657313,Incoming,1,2,wallet_059
2025-02-02 11:57:27,wallet_069,0.05109026,Outgoing,1,1,wallet_048
2025-02-02 11:57:27,wallet_048,0.05109026,Incoming,1,1,wallet_069
2025-02-02 12:20:00,wallet_296,0.0240703,Outgoing,3,1,wallet_257
2025-02-02 12:20:00,wallet_257,0.0240703,Incoming,3,1,wallet_296
2025-02-02 13:59:40,wallet_091,0.00870191,Outgoing,2,1,wallet_188
2025-02-02 13:59:40,wallet_188,0.00870191,Incoming,2,1,wallet_091
2025-02-02 14:02:00,wallet_262,0.05358676,Outgoing,1,3,wallet_100
2025-02-02 14:02:00,wallet_100,0.05358676,Incoming,1,3,wallet_262
2025-02-02 14:05:26,wallet_362,0.03144083,Outgoing,1,3,wallet_078
2025-02-02 14:05:26,wallet_078,0.03144083,Incoming,1,3,wallet_362
2025-02-02 14:34:38,wallet_324,0.07706427,Outgoing,1,2,wallet_368
2025-02-02 14:34:38,wallet_368,0.07706427,Incoming,1,2,wallet_324
2025-02-02 15:14:04,wallet_217,0.14049068,Outgoing,3,1,wallet_262
2025-02-02 15:14:04,wallet_262,0.14049068,Incoming,3,1,wallet_217
2025-02-02 17:18:33,wallet_333,0.02779451,Outgoing,1,1,wallet_145
2025-02-02 17:18:33,wallet_145,0.02779451,Incoming,1,1,wallet_333
2025-02-02 17:31:44,wallet_243,0.04138724,Outgoing,1,2,wallet_129
2025-02-02 17:31:44,wallet_129,0.04138724,Incoming,1,2,wallet_243
2025-02-02 19:00:31,wallet_052,0.07746139,Outgoing,1,2,wallet_051
2025-02-02 19:00:31,wallet_051,0.07746139,Incoming,1,2,wallet_052
2025-02-02 19:13:31,wallet_361,0.0515403,Outgoing,1,2,wallet_015
2025-02-02 19:13:31,wallet_015,0.0515403,Incoming,1,2,wallet_361
2025-02-03 09:13:27,wallet_269,0.01189493,Outgoing,4,2,wallet_234
2025-02-03 09:13:27,wallet_234,0.01189493,Incoming,4,2,wallet_269
2025-02-03 11:42:25,wallet_328,0.00791115,Outgoing,3,2,wallet_166
2025-02-03 11:42:25,wallet_166,0.00791115,Incoming,3,2,wallet_328
2025-02-03 14:37:20,wallet_010,0.06481269,Outgoing,2,1,wallet_025
2025-02-03 14:37:20,wallet_025,0.06481269,Incoming,2,1,wallet_010
2025-02-03 18:05:20,wallet_073,0.04736012,Outgoing,3,3,wallet_158
2025-02-03 18:05:20,wallet_158,0.04736012,Incoming,3,3,wallet_073
2025-02-03 18:23:45,wallet_234,0.02291961,Outgoing,1,1,wallet_313
2025-02-03 18:23:45,wallet_313,0.02291961,Incoming,1,1,wallet_234
2025-02-03 18:35:18,wallet_262,0.11523624,Outgoing,1,2,wallet_100
2025-02-03 18:35:18,wallet_100,0.11523624,Incoming,1,2,wallet_262
2025-02-03 20:04:27,wallet_142,0.05164559,Outgoing,2,1,wallet_402
2025-02-03 20:04:27,wallet_402,0.05164559,Incoming,2,1,wallet_142
2025-02-04 03:12:47,wallet_076,0.04888026,Outgoing,1,1,wallet_248
2025-02-04 03:12:47,wallet_248,0.04888026,Incoming,1,1,wallet_076
2025-02-04 05:10:48,wallet_269,0.01687352,Outgoing,3,1,wallet_234
2025-02-04 05:10:48,wallet_234,0.01687352,Incoming,3,1,wallet_269
2025-02-04 07:23:33,wallet_286,0.16475847,Outgoing,1,2,wallet_196
2025-02-04 07:23:33,wallet_196,0.16475847,Incoming,1,2,wallet_286
2025-02-04 11:01:56,wallet_253,0.12275866,Outgoing,1,2,wallet_123
2025-02-04 11:01:56,wallet_123,0.12275866,Incoming,1,2,wallet_253
2025-02-04 11:58:30,wallet_225,0.05174686,Outgoing,1,1,wallet_099
2025-02-04 11:58:30,wallet_099,0.05174686,Incoming,1,1,wallet_225
2025-02-04 13:51:03,wallet_078,0.04251743,Outgoing,2,1,wallet_241
2025-02-04 13:51:03,wallet_241,0.04251743,Incoming,2,1,wallet_078
2025-02-04 14:02:01,wallet_198,0.06169662,Outgoing,2,2,wallet_128
2025-02-04 14:02:01,wallet_128,0.06169662,Incoming,2,2,wallet_198
2025-02-04 14:40:58,wallet_265,0.02120352,Outgoing,1,1,wallet_343
2025-02-04 14:40:58,wallet_343,0.02120352,Incoming,1,1,wallet_265
2025-02-04 15:21:24,wallet_265,0.01633147,Outgoing,1,1,wallet_091
2025-02-04 15:21:24,wallet_091,0.01633147,Incoming,1,1,wallet_265
2025-02-04 16:11:17,wallet_087,0.21974626,Outgoing,1,2,wallet_043
2025-02-04 16:11:17,wallet_043,0.21974626,Incoming,1,2,wallet_087
2025-02-04 16:16:42,wallet_087,0.28550176,Outgoing,1,1,wallet_163
2025-02-04 16:16:42,wallet_163,0.28550176,Incoming,1,1,wallet_087
2025-02-04 16:19:02,wallet_087,0.31178009,Outgoing,4,2,wallet_231
2025-02-04 16:19:02,wallet_231,0.31178009,Incoming,4,2,wallet_087
2025-02-04 16:20:18,wallet_284,0.11753093,Outgoing,1,1,wallet_029
2025-02-04 16:20:18,wallet_029,0.11753093,Incoming,1,1,wallet_284
2025-02-04 16:22:09,wallet_087,0.21068373,Outgoing,2,2,wallet_235
2025-02-04 16:22:09,wallet_235,0.21068373,Incoming,2,2,wallet_087
2025-02-04 16:24:05,wallet_087,0.27221454,Outgoing,4,3,wallet_182
2025-02-04 16:24:05,wallet_182,0.27221454,Incoming,4,3,wallet_087
2025-02-04 16:27:11,wallet_251,0.29540122,Outgoing,1,2,wallet_087
2025-02-04 16:27:11,wallet_087,0.29540122,Incoming,1,2,wallet_251
2025-02-04 16:31:42,wallet_368,0.28650043,Outgoing,1,2,wallet_087
2025-02-04 16:31:42,wallet_087,0.28650043,Incoming,1,2,wallet_368
2025-02-04 16:34:01,wallet_087,0.20733426,Outgoing,3,3,wallet_258
2025-02-04 16:34:01,wallet_258,0.20733426,Incoming,3,3,wallet_087
2025-02-04 16:37:56,wallet_087,0.225616,Outgoing,1,2,wallet_397
2025-02-04 16:37:56,wallet_397,0.225616,Incoming,1,2,wallet_087
2025-02-04 16:38:29,wallet_087,0.19651734,Outgoing,2,2,wallet_145
2025-02-04 16:38:29,wallet_145,0.19651734,Incoming,2,2,wallet_087
2025-02-04 16:42:10,wallet_087,0.23548173,Outgoing,1,1,wallet_173
2025-02-04 16:42:10,wallet_173,0.23548173,Incoming,1,1,wallet_087
2025-02-04 16:43:09,wallet_087,0.20019187,Outgoing,1,2,wallet_343
2025-02-04 16:43:09,wallet_343,0.20019187,Incoming,1,2,wallet_087
2025-02-04 16:48:35,wallet_070,0.07138686,Outgoing,4,1,wallet_219
2025-02-04 16:48:35,wallet_219,0.07138686,Incoming,4,1,wallet_070
2025-02-04 17:17:29,wallet_175,0.03522053,Outgoing,3,3,wallet_268
2025-02-04 17:17:29,wallet_268,0.03522053,Incoming,3,3,wallet_175
2025-02-04 17:31:29,wallet_233,0.01655655,Outgoing,1,2,wallet_350
2025-02-04 17:31:29,wallet_350,0.01655655,Incoming,1,2,wallet_233
2025-02-04 18:22:39,wallet_405,0.08512302,Outgoing,2,2,wallet_298
2025-02-04 18:22:39,wallet_298,0.08512302,Incoming,2,2,wallet_405
2025-02-04 18:33:43,wallet_254,0.038581,Outgoing,2,2,wallet_152
2025-02-04 18:33:43,wallet_152,0.038581,Incoming,2,2,wallet_254
2025-02-04 19:48:18,wallet_167,0.02692143,Outgoing,2,2,wallet_225
2025-02-04 19:48:18,wallet_225,0.02692143,Incoming,2,2,wallet_167
2025-02-05 00:25:28,wallet_390,0.04577105,Outgoing,1,1,wallet_385
2025-02-05 00:25:28,wallet_385,0.04577105,Incoming,1,1,wallet_390
2025-02-05 04:10:53,wallet_167,0.02282306,Outgoing,3,2,wallet_131
2025-02-05 04:10:53,wallet_131,0.02282306,Incoming,3,2,wallet_167
2025-02-05 07:51:59,wallet_225,0.06226415,Outgoing,2,2,wallet_172
2025-02-05 07:51:59,wallet_172,0.06226415,Incoming,2,2,wallet_225
2025-02-05 08:50:48,wallet_091,0.1100101,Outgoing,3,1,wallet_170
2025-02-05 08:50:48,wallet_170,0.1100101,Incoming,3,1,wallet_091
2025-02-05 09:36:19,wallet_201,0.34171273,Outgoing,1,1,wallet_068
2025-02-05 09:36:19,wallet_068,0.34171273,Incoming,1,1,wallet_201
2025-02-05 10:17:31,wallet_258,0.02875164,Outgoing,3,3,wallet_236
2025-02-05 10:17:31,wallet_236,0.02875164,Incoming,3,3,wallet_258
2025-02-05 11:41:19,wallet_298,0.02532613,Outgoing,1,1,wallet_405
2025-02-05 11:41:19,wallet_405,0.02532613,Incoming,1,1,wallet_298
2025-02-05 12:11:20,wallet_298,0.02967426,Outgoing,1,2,wallet_405
2025-02-05 12:11:20,wallet_405,0.02967426,Incoming,1,2,wallet_298
2025-02-05 12:27:44,wallet_251,0.13235351,Outgoing,2,1,wallet_055
2025-02-05 12:27:44,wallet_055,0.13235351,Incoming,2,1,wallet_251
2025-02-05 12:53:47,wallet_169,0.01047393,Outgoing,1,3,wallet_376
2025-02-05 12:53:47,wallet_376,0.01047393,Incoming,1,3,wallet_169
2025-02-05 13:12:29,wallet_287,0.0202799,Outgoing,1,2,wallet_006
2025-02-05 13:12:29,wallet_006,0.0202799,Incoming,1,2,wallet_287
2025-02-05 15:00:44,wallet_252,0.01814239,Outgoing,1,1,wallet_235
2025-02-05 15:00:44,wallet_235,0.01814239,Incoming,1,1,wallet_252
2025-02-05 15:18:46,wallet_078,0.04365611,Outgoing,2,3,wallet_396
2025-02-05 15:18:46,wallet_396,0.04365611,Incoming,2,3,wallet_078
2025-02-05 15:33:57,wallet_074,0.03622489,Outgoing,1,1,wallet_129
2025-02-05 15:33:57,wallet_129,0.03622489,Incoming,1,1,wallet_074
2025-02-05 15:38:03,wallet_095,0.60759678,Outgoing,1,2,wallet_195
2025-02-05 15:38:03,wallet_195,0.60759678,Incoming,1,2,wallet_095
2025-02-05 17:34:31,wallet_382,0.03249262,Outgoing,2,2,wallet_402
2025-02-05 17:34:31,wallet_402,0.03249262,Incoming,2,2,wallet_382
2025-02-05 18:46:58,wallet_112,0.03108542,Outgoing,1,3,wallet_253
2025-02-05 18:46:58,wallet_253,0.03108542,Incoming,1,3,wallet_112
2025-02-05 23:22:41,wallet_344,0.05479932,Outgoing,1,2,wallet_306
2025-02-05 23:22:41,wallet_306,0.05479932,Incoming,1,2,wallet_344
2025-02-06 05:55:53,wallet_227,0.03517036,Outgoing,1,2,wallet_333
2025-02-06 05:55:53,wallet_333,0.03517036,Incoming,1,2,wallet_227
2025-02-06 09:27:02,wallet_169,0.27777025,Outgoing,1,2,wallet_104
2025-02-06 09:27:02,wallet_104,0.27777025,Incoming,1,2,wallet_169
2025-02-06 11:36:40,wallet_360,0.11036472,Outgoing,2,2,wallet_352
2025-02-06 11:36:40,wallet_352,0.11036472,Incoming,2,2,wallet_360
2025-02-06 12:51:58,wallet_237,0.03019982,Outgoing,1,3,wallet_380
2025-02-06 12:51:58,wallet_380,0.03019982,Incoming,1,3,wallet_237
2025-02-06 15:39:24,wallet_089,0.01481962,Outgoing,1,1,wallet_094
2025-02-06 15:39:24,wallet_094,0.01481962,Incoming,1,1,wallet_089
2025-02-06 17:46:39,wallet_279,0.0987869,Outgoing,2,2,wallet_122
2025-02-06 17:46:39,wallet_122,0.0987869,Incoming,2,2,wallet_279
2025-02-06 17:54:59,wallet_389,0.09328797,Outgoing,1,3,wallet_123
2025-02-06 17:54:59,wallet_123,0.09328797,Incoming,1,3,wallet_389
2025-02-06 18:58:55,wallet_265,0.017453,Outgoing,1,1,wallet_189
2025-02-06 18:58:55,wallet_189,0.017453,Incoming,1,1,wallet_265
2025-02-06 19:14:29,wallet_140,0.0355075,Outgoing,2,2,wallet_226
2025-02-06 19:14:29,wallet_226,0.0355075,Incoming,2,2,wallet_140
2025-02-06 20:34:14,wallet_089,0.05063757,Outgoing,2,1,wallet_041
2025-02-06 20:34:14,wallet_041,0.05063757,Incoming,2,1,wallet_089
2025-02-06 20:36:50,wallet_169,0.03315679,Outgoing,2,3,wallet_376
2025-02-06 20:36:50,wallet_376,0.03315679,Incoming,2,3,wallet_169
2025-02-07 09:48:39,wallet_129,0.00981428,Outgoing,4,1,wallet_184
2025-02-07 09:48:39,wallet_184,0.00981428,Incoming,4,1,wallet_129
2025-02-07 12:26:47,wallet_264,0.07396836,Outgoing,1,2,wallet_114
2025-02-07 12:26:47,wallet_114,0.07396836,Incoming,1,2,wallet_264
2025-02-07 15:11:25,wallet_388,0.00721806,Outgoing,2,1,wallet_323
2025-02-07 15:11:25,wallet_323,0.00721806,Incoming,2,1,wallet_388
2025-02-07 15:16:08,wallet_383,1.83845332,Outgoing,2,1,wallet_072
2025-02-07 15:16:08,wallet_072,1.83845332,Incoming,2,1,wallet_383
2025-02-07 17:37:47,wallet_290,0.02739866,Outgoing,3,2,wallet_172
2025-02-07 17:37:47,wallet_172,0.02739866,Incoming,3,2,wallet_290
2025-02-07 19:03:26,wallet_262,0.08386531,Outgoing,1,1,wallet_217
2025-02-07 19:03:26,wallet_217,0.08386531,Incoming,1,1,wallet_262
2025-02-07 20:57:07,wallet_027,0.01003573,Outgoing,2,1,wallet_256
2025-02-07 20:57:07,wallet_256,0.01003573,Incoming,2,1,wallet_027
2025-02-07 23:13:02,wallet_130,0.071609,Outgoing,1,2,wallet_382
2025-02-07 23:13:02,wallet_382,0.071609,Incoming,1,2,wallet_130
2025-02-08 01:21:59,wallet_055,0.06365,Outgoing,2,2,wallet_047
2025-02-08 01:21:59,wallet_047,0.06365,Incoming,2,2,wallet_055
2025-02-08 08:51:42,wallet_351,0.02444299,Outgoing,1,3,wallet_345
2025-02-08 08:51:42,wallet_345,0.02444299,Incoming,1,3,wallet_351
2025-02-08 09:07:16,wallet_133,0.04343841,Outgoing,2,1,wallet_152
2025-02-08 09:07:16,wallet_152,0.04343841,Incoming,2,1,wallet_133
2025-02-08 09:52:01,wallet_383,0.20658743,Outgoing,1,2,wallet_340
2025-02-08 09:52:01,wallet_340,0.20658743,Incoming,1,2,wallet_383
2025-02-08 14:23:16,wallet_385,0.05302561,Outgoing,1,2,wallet_271
2025-02-08 14:23:16,wallet_271,0.05302561,Incoming,1,2,wallet_385
2025-02-08 17:27:04,wallet_140,0.24103763,Outgoing,1,3,wallet_377
2025-02-08 17:27:04,wallet_377,0.24103763,Incoming,1,3,wallet_140
2025-02-08 17:31:27,wallet_093,0.14138353,Outgoing,1,1,wallet_235
2025-02-08 17:31:27,wallet_235,0.14138353,Incoming,1,1,wallet_093
2025-02-08 17:33:52,wallet_383,2.06605753,Outgoing,4,2,wallet_072
2025-02-08 17:33:52,wallet_072,2.06605753,Incoming,4,2,wallet_383
2025-02-08 18:06:13,wallet_368,0.04350728,Outgoing,1,2,wallet_146
2025-02-08 18:06:13,wallet_146,0.04350728,Incoming,1,2,wallet_368
2025-02-08 19:25:11,wallet_014,0.04789017,Outgoing,2,3,wallet_047
2025-02-08 19:25:11,wallet_047,0.04789017,Incoming,2,3,wallet_014
2025-02-08 21:57:24,wallet_135,0.05083423,Outgoing,3,2,wallet_367
2025-02-08 21:57:24,wallet_367,0.05083423,Incoming,3,2,wallet_135
2025-02-09 06:43:57,wallet_130,0.0689525,Outgoing,1,2,wallet_402
2025-02-09 06:43:57,wallet_402,0.0689525,Incoming,1,2,wallet_130
2025-02-09 08:31:13,wallet_182,0.05357015,Outgoing,1,2,wallet_107
2025-02-09 08:31:13,wallet_107,0.05357015,Incoming,1,2,wallet_182
2025-02-09 10:52:51,wallet_048,0.00337551,Outgoing,2,2,wallet_303
2025-02-09 10:52:51,wallet_303,0.00337551,Incoming,2,2,wallet_048
2025-02-09 11:20:09,wallet_151,0.03329639,Outgoing,3,2,wallet_150
2025-02-09 11:20:09,wallet_150,0.03329639,Incoming,3,2,wallet_151
2025-02-09 11:45:48,wallet_333,0.00692061,Outgoing,2,2,wallet_045
2025-02-09 11:45:48,wallet_045,0.00692061,Incoming,2,2,wallet_333
2025-02-09 11:54:36,wallet_025,0.07314258,Outgoing,1,1,wallet_282
2025-02-09 11:54:36,wallet_282,0.07314258,Incoming,1,1,wallet_025
2025-02-09 16:07:04,wallet_169,0.01874754,Outgoing,1,2,wallet_376
2025-02-09 16:07:04,wallet_376,0.01874754,Incoming,1,2,wallet_169
2025-02-10 04:52:15,wallet_368,0.09857781,Outgoing,3,2,wallet_374
2025-02-10 04:52:15,wallet_374,0.09857781,Incoming,3,2,wallet_368
2025-02-10 05:46:17,wallet_147,0.07640986,Outgoing,1,2,wallet_248
2025-02-10 05:46:17,wallet_248,0.07640986,Incoming,1,2,wallet_147
2025-02-10 06:41:19,wallet_127,0.02109246,Outgoing,2,3,wallet_184
2025-02-10 06:41:19,wallet_184,0.02109246,Incoming,2,3,wallet_127
2025-02-10 07:45:57,wallet_175,0.02799031,Outgoing,1,2,wallet_155
2025-02-10 07:45:57,wallet_155,0.02799031,Incoming,1,2,wallet_175
2025-02-10 09:11:11,wallet_364,0.04413319,Outgoing,2,2,wallet_234
2025-02-10 09:11:11,wallet_234,0.04413319,Incoming,2,2,wallet_364
2025-02-10 09:34:20,wallet_057,0.04608546,Outgoing,4,2,wallet_113
2025-02-10 09:34:20,wallet_113,0.04608546,Incoming,4,2,wallet_057
2025-02-10 10:09:37,wallet_163,0.05017746,Outgoing,1,1,wallet_142
2025-02-10 10:09:37,wallet_142,0.05017746,Incoming,1,1,wallet_163
2025-02-10 10:46:35,wallet_007,2.13175276,Outgoing,1,1,wallet_027
2025-02-10 10:46:35,wallet_027,2.13175276,Incoming,1,1,wallet_007
2025-02-10 11:15:30,wallet_042,0.05041407,Outgoing,2,2,wallet_288
2025-02-10 11:15:30,wallet_288,0.05041407,Incoming,2,2,wallet_042
2025-02-10 12:05:39,wallet_256,0.01612406,Outgoing,2,1,wallet_270
2025-02-10 12:05:39,wallet_270,0.01612406,Incoming,2,1,wallet_256
2025-02-10 15:15:51,wallet_340,0.15464603,Outgoing,2,2,wallet_104
2025-02-10 15:15:51,wallet_104,0.15464603,Incoming,2,2,wallet_340
2025-02-10 15:41:21,wallet_201,0.23585744,Outgoing,3,2,wallet_244
2025-02-10 15:41:21,wallet_244,0.23585744,Incoming,3,2,wallet_201
2025-02-10 17:54:05,wallet_069,0.07297712,Outgoing,1,2,wallet_036
2025-02-10 17:54:05,wallet_036,0.07297712,Incoming,1,2,wallet_069
2025-02-10 18:58:24,wallet_168,0.2000263,Outgoing,1,2,wallet_207
2025-02-10 18:58:24,wallet_207,0.2000263,Incoming,1,2,wallet_168
2025-02-10 19:41:00,wallet_372,0.31905524,Outgoing,2,1,wallet_087
2025-02-10 19:41:00,wallet_087,0.31905524,Incoming,2,1,wallet_372
2025-02-10 20:43:43,wallet_367,0.02970445,Outgoing,4,2,wallet_343
2025-02-10 20:43:43,wallet_343,0.02970445,Incoming,4,2,wallet_367
2025-02-11 07:36:18,wallet_149,0.03623269,Outgoing,1,2,wallet_313
2025-02-11 07:36:18,wallet_313,0.03623269,Incoming,1,2,wallet_149
2025-02-11 07:53:09,wallet_272,0.02164024,Outgoing,2,1,wallet_254
2025-02-11 07:53:09,wallet_254,0.02164024,Incoming,2,1,wallet_272
2025-02-11 10:56:47,wallet_227,0.12959751,Outgoing,1,2,wallet_013
2025-02-11 10:56:47,wallet_013,0.12959751,Incoming,1,2,wallet_227
2025-02-11 11:07:28,wallet_023,0.52207409,Outgoing,1,2,wallet_158
2025-02-11 11:07:28,wallet_158,0.52207409,Incoming,1,2,wallet_023
2025-02-11 12:10:39,wallet_362,0.03783204,Outgoing,1,2,wallet_210
2025-02-11 12:10:39,wallet_210,0.03783204,Incoming,1,2,wallet_362
2025-02-11 12:53:08,wallet_271,0.0453688,Outgoing,2,1,wallet_225
2025-02-11 12:53:08,wallet_225,0.0453688,Incoming,2,1,wallet_271
2025-02-11 13:48:10,wallet_281,0.05047777,Outgoing,1,2,wallet_390
2025-02-11 13:48:10,wallet_390,0.05047777,Incoming,1,2,wallet_281
2025-02-11 15:31:49,wallet_308,0.28455231,Outgoing,2,1,wallet_300
2025-02-11 15:31:49,wallet_300,0.28455231,Incoming,2,1,wallet_308
2025-02-11 15:32:28,wallet_268,0.06790708,Outgoing,1,3,wallet_152
2025-02-11 15:32:28,wallet_152,0.06790708,Incoming,1,3,wallet_268
2025-02-11 15:39:22,wallet_020,0.00972016,Outgoing,3,1,wallet_232
2025-02-11 15:39:22,wallet_232,0.00972016,Incoming,3,1,wallet_020
2025-02-11 16:20:10,wallet_317,0.02451358,Outgoing,1,2,wallet_132
2025-02-11 16:20:10,wallet_132,0.02451358,Incoming,1,2,wallet_317
2025-02-11 16:44:36,wallet_224,0.03803912,Outgoing,1,3,wallet_277
2025-02-11 16:44:36,wallet_277,0.03803912,Incoming,1,3,wallet_224
2025-02-11 16:59:17,wallet_045,0.03481353,Outgoing,1,2,wallet_145
2025-02-11 16:59:17,wallet_145,0.03481353,Incoming,1,2,wallet_045
2025-02-11 17:19:25,wallet_335,0.07587552,Outgoing,2,1,wallet_082
2025-02-11 17:19:25,wallet_082,0.07587552,Incoming,2,1,wallet_335
2025-02-11 20:22:40,wallet_226,0.0259632,Outgoing,2,3,wallet_238
2025-02-11 20:22:40,wallet_238,0.0259632,Incoming,2,3,wallet_226
2025-02-11 22:55:00,wallet_140,0.03819452,Outgoing,1,2,wallet_212
2025-02-11 22:55:00,wallet_212,0.03819452,Incoming,1,2,wallet_140
2025-02-11 23:02:19,wallet_394,0.07293444,Outgoing,2,2,wallet_267
2025-02-11 23:02:19,wallet_267,0.07293444,Incoming,2,2,wallet_394
2025-02-11 23:04:09,wallet_228,0.02129734,Outgoing,1,3,wallet_123
2025-02-11 23:04:09,wallet_123,0.02129734,Incoming,1,3,wallet_228
2025-02-11 23:24:24,wallet_051,0.07338963,Outgoing,2,1,wallet_034
2025-02-11 23:24:24,wallet_034,0.07338963,Incoming,2,1,wallet_051
2025-02-12 05:15:05,wallet_005,0.02418084,Outgoing,4,1,wallet_388
2025-02-12 05:15:05,wallet_388,0.02418084,Incoming,4,1,wallet_005
2025-02-12 06:06:15,wallet_295,0.5602891,Outgoing,3,3,wallet_201
2025-02-12 06:06:15,wallet_201,0.5602891,Incoming,3,3,wallet_295
2025-02-12 06:20:20,wallet_217,0.07102023,Outgoing,1,2,wallet_262
2025-02-12 06:20:20,wallet_262,0.07102023,Incoming,1,2,wallet_217
2025-02-12 06:44:22,wallet_064,0.01070472,Outgoing,1,1,wallet_187
2025-02-12 06:44:22,wallet_187,0.01070472,Incoming,1,1,wallet_064
2025-02-12 07:57:41,wallet_188,0.16283587,Outgoing,1,2,wallet_094
2025-02-12 07:57:41,wallet_094,0.16283587,Incoming,1,2,wallet_188
2025-02-12 09:02:07,wallet_277,0.03427714,Outgoing,1,2,wallet_267
2025-02-12 09:02:07,wallet_267,0.03427714,Incoming,1,2,wallet_277
2025-02-12 11:54:47,wallet_076,0.05323231,Outgoing,1,2,wallet_248
2025-02-12 11:54:47,wallet_248,0.05323231,Incoming,1,2,wallet_076
2025-02-12 13:08:04,wallet_194,0.03785177,Outgoing,1,3,wallet_086
2025-02-12 13:08:04,wallet_086,0.03785177,Incoming,1,3,wallet_194
2025-02-12 13:45:18,wallet_389,0.28351025,Outgoing,1,2,wallet_300
2025-02-12 13:45:18,wallet_300,0.28351025,Incoming,1,2,wallet_389
2025-02-12 14:48:02,wallet_333,0.0042017,Outgoing,2,1,wallet_045
2025-02-12 14:48:02,wallet_045,0.0042017,Incoming,2,1,wallet_333
2025-02-12 17:46:15,wallet_170,0.07904939,Outgoing,3,2,wallet_202
2025-02-12 17:46:15,wallet_202,0.07904939,Incoming,3,2,wallet_170
2025-02-12 18:03:35,wallet_142,0.0483352,Outgoing,3,2,wallet_163
2025-02-12 18:03:35,wallet_163,0.0483352,Incoming,3,2,wallet_142
2025-02-12 18:09:58,wallet_326,0.0195501,Outgoing,1,1,wallet_061
2025-02-12 18:09:58,wallet_061,0.0195501,Incoming,1,1,wallet_326
2025-02-12 21:21:38,wallet_342,0.09410737,Outgoing,1,1,wallet_090
2025-02-12 21:21:38,wallet_090,0.09410737,Incoming,1,1,wallet_342
2025-02-13 11:53:43,wallet_317,0.01928942,Outgoing,1,2,wallet_132
2025-02-13 11:53:43,wallet_132,0.01928942,Incoming,1,2,wallet_317
2025-02-13 12:05:17,wallet_335,0.09353321,Outgoing,1,2,wallet_152
2025-02-13 12:05:17,wallet_152,0.09353321,Incoming,1,2,wallet_335
2025-02-13 14:06:21,wallet_217,0.04459103,Outgoing,1,1,wallet_262
2025-02-13 14:06:21,wallet_262,0.04459103,Incoming,1,1,wallet_217
2025-02-13 16:07:48,wallet_194,0.06044041,Outgoing,1,2,wallet_271
2025-02-13 16:07:48,wallet_271,0.06044041,Incoming,1,2,wallet_194
2025-02-13 16:50:55,wallet_089,0.0174521,Outgoing,2,1,wallet_177
2025-02-13 16:50:55,wallet_177,0.0174521,Incoming,2,1,wallet_089
2025-02-13 17:25:32,wallet_229,0.04335085,Outgoing,1,1,wallet_152
2025-02-13 17:25:32,wallet_152,0.04335085,Incoming,1,1,wallet_229
2025-02-13 17:38:56,wallet_313,0.09183139,Outgoing,1,2,wallet_359
2025-02-13 17:38:56,wallet_359,0.09183139,Incoming,1,2,wallet_313
2025-02-13 21:33:22,wallet_109,0.03298026,Outgoing,1,2,wallet_368
2025-02-13 21:33:22,wallet_368,0.03298026,Incoming,1,2,wallet_109
2025-02-13 23:17:23,wallet_238,0.19400857,Outgoing,1,2,wallet_383
2025-02-13 23:17:23,wallet_383,0.19400857,Incoming,1,2,wallet_238
2025-02-14 00:59:11,wallet_097,0.04034763,Outgoing,1,1,wallet_280
2025-02-14 00:59:11,wallet_280,0.04034763,Incoming,1,1,wallet_097
2025-02-14 05:10:04,wallet_202,0.04774585,Outgoing,1,2,wallet_020
2025-02-14 05:10:04,wallet_020,0.04774585,Incoming,1,2,wallet_202
2025-02-14 08:14:54,wallet_391,0.13934395,Outgoing,3,2,wallet_332
2025-02-14 08:14:54,wallet_332,0.13934395,Incoming,3,2,wallet_391
2025-02-14 09:23:45,wallet_288,0.03656296,Outgoing,1,2,wallet_359
2025-02-14 09:23:45,wallet_359,0.03656296,Incoming,1,2,wallet_288
2025-02-14 09:33:58,wallet_059,0.05168976,Outgoing,1,3,wallet_314
2025-02-14 09:33:58,wallet_314,0.05168976,Incoming,1,3,wallet_059
2025-02-14 11:22:59,wallet_292,0.07411101,Outgoing,1,1,wallet_385
2025-02-14 11:22:59,wallet_385,0.07411101,Incoming,1,1,wallet_292
2025-02-14 14:02:30,wallet_104,0.11521112,Outgoing,3,1,wallet_146
2025-02-14 14:02:30,wallet_146,0.11521112,Incoming,3,1,wallet_104
2025-02-14 14:26:02,wallet_090,0.12055141,Outgoing,1,2,wallet_199
2025-02-14 14:26:02,wallet_199,0.12055141,Incoming,1,2,wallet_090
2025-02-14 15:07:14,wallet_107,0.00621909,Outgoing,3,1,wallet_015
2025-02-14 15:07:14,wallet_015,0.00621909,Incoming,3,1,wallet_107
2025-02-14 15:43:30,wallet_126,0.01795992,Outgoing,1,2,wallet_001
2025-02-14 15:43:30,wallet_001,0.01795992,Incoming,1,2,wallet_126
2025-02-14 16:59:12,wallet_248,0.04515376,Outgoing,1,1,wallet_131
2025-02-14 16:59:12,wallet_131,0.04515376,Incoming,1,1,wallet_248
2025-02-14 18:30:45,wallet_143,0.06384543,Outgoing,1,2,wallet_149
2025-02-14 18:30:45,wallet_149,0.06384543,Incoming,1,2,wallet_143
2025-02-15 08:48:32,wallet_118,0.00971818,Outgoing,2,2,wallet_355
2025-02-15 08:48:32,wallet_355,0.00971818,Incoming,2,2,wallet_118
2025-02-15 09:13:44,wallet_253,0.0255907,Outgoing,1,1,wallet_071
2025-02-15 09:13:44,wallet_071,0.0255907,Incoming,1,1,wallet_253
2025-02-15 12:47:19,wallet_095,0.01202931,Outgoing,1,1,wallet_047
2025-02-15 12:47:19,wallet_047,0.01202931,Incoming,1,1,wallet_095
2025-02-15 13:50:16,wallet_346,0.09060383,Outgoing,2,2,wallet_285
2025-02-15 13:50:16,wallet_285,0.09060383,Incoming,2,2,wallet_346
2025-02-15 19:04:42,wallet_252,0.03520721,Outgoing,1,2,wallet_212
2025-02-15 19:04:42,wallet_212,0.03520721,Incoming,1,2,wallet_252
2025-02-16 07:14:28,wallet_020,0.03114952,Outgoing,1,1,wallet_175
2025-02-16 07:14:28,wallet_175,0.03114952,Incoming,1,1,wallet_020
2025-02-16 07:37:57,wallet_384,0.08790742,Outgoing,2,1,wallet_344
2025-02-16 07:37:57,wallet_344,0.08790742,Incoming,2,1,wallet_384
2025-02-16 09:20:50,wallet_169,0.01536069,Outgoing,1,2,wallet_097
2025-02-16 09:20:50,wallet_097,0.01536069,Incoming,1,2,wallet_169
2025-02-16 09:36:38,wallet_335,0.08519751,Outgoing,1,1,wallet_350
2025-02-16 09:36:38,wallet_350,0.08519751,Incoming,1,1,wallet_335
2025-02-16 09:47:37,wallet_207,0.11242542,Outgoing,1,2,wallet_043
2025-02-16 09:47:37,wallet_043,0.11242542,Incoming,1,2,wallet_207
2025-02-16 10:02:43,wallet_147,0.01718022,Outgoing,2,2,wallet_032
2025-02-16 10:02:43,wallet_032,0.01718022,Incoming,2,2,wallet_147
2025-02-16 11:23:53,wallet_260,0.05464221,Outgoing,1,3,wallet_010
2025-02-16 11:23:53,wallet_010,0.05464221,Incoming,1,3,wallet_260
2025-02-16 12:20:38,wallet_219,0.04971476,Outgoing,2,3,wallet_334
2025-02-16 12:20:38,wallet_334,0.04971476,Incoming,2,3,wallet_219
2025-02-16 15:54:17,wallet_158,0.00957832,Outgoing,3,2,wallet_379
2025-02-16 15:54:17,wallet_379,0.00957832,Incoming,3,2,wallet_158
2025-02-16 16:02:59,wallet_122,0.10097976,Outgoing,2,1,wallet_227
2025-02-16 16:02:59,wallet_227,0.10097976,Incoming,2,1,wallet_122
2025-02-16 17:04:25,wallet_272,0.01207591,Outgoing,1,2,wallet_160
2025-02-16 17:04:25,wallet_160,0.01207591,Incoming,1,2,wallet_272
2025-02-16 19:47:43,wallet_261,0.01245425,Outgoing,1,2,wallet_334
2025-02-16 19:47:43,wallet_334,0.01245425,Incoming,1,2,wallet_261
2025-02-16 21:57:04,wallet_076,0.0431502,Outgoing,2,2,wallet_130
2025-02-16 21:57:04,wallet_130,0.0431502,Incoming,2,2,wallet_076
2025-02-17 08:24:48,wallet_258,0.09078372,Outgoing,4,1,wallet_236
2025-02-17 08:24:48,wallet_236,0.09078372,Incoming,4,1,wallet_258
2025-02-17 08:45:06,wallet_001,0.078454,Outgoing,1,1,wallet_282
2025-02-17 08:45:06,wallet_282,0.078454,Incoming,1,1,wallet_001
2025-02-17 10:10:09,wallet_335,0.10147637,Outgoing,1,2,wallet_309
2025-02-17 10:10:09,wallet_309,0.10147637,Incoming,1,2,wallet_335
2025-02-17 10:27:56,wallet_309,0.09747775,Outgoing,2,3,wallet_152
2025-02-17 10:27:56,wallet_152,0.09747775,Incoming,2,3,wallet_309
2025-02-17 11:29:07,wallet_187,0.01878154,Outgoing,4,1,wallet_037
2025-02-17 11:29:07,wallet_037,0.01878154,Incoming,4,1,wallet_187
2025-02-17 13:04:08,wallet_237,0.02781191,Outgoing,1,2,wallet_234
2025-02-17 13:04:08,wallet_234,0.02781191,Incoming,1,2,wallet_237
2025-02-17 13:32:50,wallet_188,0.01111947,Outgoing,1,1,wallet_189
2025-02-17 13:32:50,wallet_189,0.01111947,Incoming,1,1,wallet_188
2025-02-17 16:19:49,wallet_348,0.00828274,Outgoing,1,2,wallet_328
2025-02-17 16:19:49,wallet_328,0.00828274,Incoming,1,2,wallet_348
2025-02-17 21:43:17,wallet_364,0.0273006,Outgoing,1,1,wallet_042
2025-02-17 21:43:17,wallet_042,0.0273006,Incoming,1,1,wallet_364
2025-02-18 05:31:39,wallet_051,0.16607243,Outgoing,1,3,wallet_132
2025-02-18 05:31:39,wallet_132,0.16607243,Incoming,1,3,wallet_051
2025-02-18 07:56:42,wallet_355,0.01073633,Outgoing,1,1,wallet_118
2025-02-18 07:56:42,wallet_118,0.01073633,Incoming,1,1,wallet_355
2025-02-18 10:57:38,wallet_360,0.09807853,Outgoing,1,2,wallet_268
2025-02-18 10:57:38,wallet_268,0.09807853,Incoming,1,2,wallet_360
2025-02-18 13:18:02,wallet_243,0.02588108,Outgoing,2,3,wallet_304
2025-02-18 13:18:02,wallet_304,0.02588108,Incoming,2,3,wallet_243
2025-02-18 13:22:59,wallet_348,0.19863038,Outgoing,1,1,wallet_383
2025-02-18 13:22:59,wallet_383,0.19863038,Incoming,1,1,wallet_348
2025-02-18 17:57:43,wallet_032,2.80329804,Outgoing,1,2,wallet_309
2025-02-18 17:57:43,wallet_309,2.80329804,Incoming,1,2,wallet_032
2025-02-18 19:47:40,wallet_372,0.23414037,Outgoing,2,1,wallet_087
2025-02-18 19:47:40,wallet_087,0.23414037,Incoming,2,1,wallet_372
2025-02-18 22:35:48,wallet_241,0.07383854,Outgoing,1,2,wallet_274
2025-02-18 22:35:48,wallet_274,0.07383854,Incoming,1,2,wallet_241
2025-02-19 03:21:36,wallet_037,0.02909174,Outgoing,1,2,wallet_078
2025-02-19 03:21:36,wallet_078,0.02909174,Incoming,1,2,wallet_037
2025-02-19 07:02:47,wallet_076,0.10930298,Outgoing,3,3,wallet_289
2025-02-19 07:02:47,wallet_289,0.10930298,Incoming,3,3,wallet_076
2025-02-19 09:10:20,wallet_129,0.03320426,Outgoing,1,2,wallet_370
2025-02-19 09:10:20,wallet_370,0.03320426,Incoming,1,2,wallet_129
2025-02-19 12:25:22,wallet_361,0.03383129,Outgoing,3,2,wallet_198
2025-02-19 12:25:22,wallet_198,0.03383129,Incoming,3,2,wallet_361
2025-02-19 13:08:09,wallet_182,0.0495611,Outgoing,1,1,wallet_091
2025-02-19 13:08:09,wallet_091,0.0495611,Incoming,1,1,wallet_182
2025-02-19 13:28:23,wallet_049,0.28680544,Outgoing,2,2,wallet_318
2025-02-19 13:28:23,wallet_318,0.28680544,Incoming,2,2,wallet_049
2025-02-19 16:53:58,wallet_306,0.03179615,Outgoing,4,2,wallet_168
2025-02-19 16:53:58,wallet_168,0.03179615,Incoming,4,2,wallet_306
2025-02-19 20:40:57,wallet_169,0.01734778,Outgoing,2,1,wallet_097
2025-02-19 20:40:57,wallet_097,0.01734778,Incoming,2,1,wallet_169
2025-02-20 02:34:27,wallet_349,0.06356352,Outgoing,1,2,wallet_192
2025-02-20 02:34:27,wallet_192,0.06356352,Incoming,1,2,wallet_349
2025-02-20 03:49:30,wallet_040,0.05062814,Outgoing,1,2,wallet_302
2025-02-20 03:49:30,wallet_302,0.05062814,Incoming,1,2,wallet_040
2025-02-20 10:19:29,wallet_064,0.00952375,Outgoing,2,3,wallet_037
2025-02-20 10:19:29,wallet_037,0.00952375,Incoming,2,3,wallet_064
2025-02-20 11:48:31,wallet_233,0.21720123,Outgoing,2,2,wallet_281
2025-02-20 11:48:31,wallet_281,0.21720123,Incoming,2,2,wallet_233
2025-02-20 14:49:33,wallet_306,0.14244036,Outgoing,2,3,wallet_068
2025-02-20 14:49:33,wallet_068,0.14244036,Incoming,2,3,wallet_306
2025-02-20 18:21:40,wallet_379,0.00790787,Outgoing,1,2,wallet_038
2025-02-20 18:21:40,wallet_038,0.00790787,Incoming,1,2,wallet_379
2025-02-21 05:13:06,wallet_219,0.05203714,Outgoing,2,1,wallet_398
2025-02-21 05:13:06,wallet_398,0.05203714,Incoming,2,1,wallet_219
2025-02-21 07:47:21,wallet_231,0.02387108,Outgoing,1,1,wallet_361
2025-02-21 07:47:21,wallet_361,0.02387108,Incoming,1,1,wallet_231
2025-02-21 08:32:12,wallet_401,0.02085212,Outgoing,1,2,wallet_030
2025-02-21 08:32:12,wallet_030,0.02085212,Incoming,1,2,wallet_401
2025-02-21 10:10:40,wallet_317,0.04608995,Outgoing,4,2,wallet_110
2025-02-21 10:10:40,wallet_110,0.04608995,Incoming,4,2,wallet_317
2025-02-21 10:21:50,wallet_277,0.03817298,Outgoing,1,3,wallet_282
2025-02-21 10:21:50,wallet_282,0.03817298,Incoming,1,3,wallet_277
2025-02-21 12:45:51,wallet_132,0.03843754,Outgoing,1,1,wallet_317
2025-02-21 12:45:51,wallet_317,0.03843754,Incoming,1,1,wallet_132
2025-02-21 13:13:49,wallet_292,0.23505139,Outgoing,4,1,wallet_405
2025-02-21 13:13:49,wallet_405,0.23505139,Incoming,4,1,wallet_292
2025-02-21 17:27:01,wallet_111,0.01240812,Outgoing,1,3,wallet_295
2025-02-21 17:27:01,wallet_295,0.01240812,Incoming,1,3,wallet_111
2025-02-21 18:47:38,wallet_268,0.02357653,Outgoing,1,1,wallet_083
2025-02-21 18:47:38,wallet_083,0.02357653,Incoming,1,1,wallet_268
2025-02-22 08:20:44,wallet_254,0.02208751,Outgoing,1,2,wallet_158
2025-02-22 08:20:44,wallet_158,0.02208751,Incoming,1,2,wallet_254
2025-02-22 12:01:40,wallet_100,0.04080709,Outgoing,1,3,wallet_319
2025-02-22 12:01:40,wallet_319,0.04080709,Incoming,1,3,wallet_100
2025-02-22 13:55:57,wallet_235,0.05575323,Outgoing,2,2,wallet_069
2025-02-22 13:55:57,wallet_069,0.05575323,Incoming,2,2,wallet_235
2025-02-22 14:29:50,wallet_284,0.05134534,Outgoing,1,1,wallet_128
2025-02-22 14:29:50,wallet_128,0.05134534,Incoming,1,1,wallet_284
2025-02-22 14:35:27,wallet_360,0.09550125,Outgoing,4,2,wallet_043
2025-02-22 14:35:27,wallet_043,0.09550125,Incoming,4,2,wallet_360
2025-02-22 15:53:54,wallet_396,0.03757337,Outgoing,2,2,wallet_230
2025-02-22 15:53:54,wallet_230,0.03757337,Incoming,2,2,wallet_396
2025-02-22 21:44:30,wallet_225,0.03495625,Outgoing,1,1,wallet_125
2025-02-22 21:44:30,wallet_125,0.03495625,Incoming,1,1,wallet_225
2025-02-23 02:52:20,wallet_135,0.39511286,Outgoing,1,2,wallet_069
2025-02-23 02:52:20,wallet_069,0.39511286,Incoming,1,2,wallet_135
2025-02-23 07:16:26,wallet_177,0.04280954,Outgoing,1,2,wallet_145
2025-02-23 07:16:26,wallet_145,0.04280954,Incoming,1,2,wallet_177
2025-02-23 09:03:40,wallet_228,0.01604995,Outgoing,1,2,wallet_020
2025-02-23 09:03:40,wallet_020,0.01604995,Incoming,1,2,wallet_228
2025-02-23 10:52:24,wallet_343,0.02370344,Outgoing,1,1,wallet_114
2025-02-23 10:52:24,wallet_114,0.02370344,Incoming,1,1,wallet_343
2025-02-23 12:03:18,wallet_091,0.02192993,Outgoing,1,2,wallet_182
2025-02-23 12:03:18,wallet_182,0.02192993,Incoming,1,2,wallet_091
2025-02-23 12:31:51,wallet_004,0.03725573,Outgoing,4,1,wallet_198
2025-02-23 12:31:51,wallet_198,0.03725573,Incoming,4,1,wallet_004
2025-02-23 13:00:06,wallet_343,0.03163461,Outgoing,4,3,wallet_008
2025-02-23 13:00:06,wallet_008,0.03163461,Incoming,4,3,wallet_343
2025-02-23 13:27:19,wallet_343,0.01849627,Outgoing,2,1,wallet_408
2025-02-23 13:27:19,wallet_408,0.01849627,Incoming,2,1,wallet_343
2025-02-23 16:16:18,wallet_403,0.97213806,Outgoing,1,2,wallet_072
2025-02-23 16:16:18,wallet_072,0.97213806,Incoming,1,2,wallet_403
2025-02-23 16:37:56,wallet_135,0.395846,Outgoing,1,1,wallet_069
2025-02-23 16:37:56,wallet_069,0.395846,Incoming,1,1,wallet_135
2025-02-23 16:55:47,wallet_207,0.16740241,Outgoing,1,2,wallet_093
2025-02-23 16:55:47,wallet_093,0.16740241,Incoming,1,2,wallet_207
2025-02-23 16:59:03,wallet_207,0.11826368,Outgoing,1,2,wallet_128
2025-02-23 16:59:03,wallet_128,0.11826368,Incoming,1,2,wallet_207
2025-02-23 17:05:57,wallet_207,0.16827683,Outgoing,1,2,wallet_001
2025-02-23 17:05:57,wallet_001,0.16827683,Incoming,1,2,wallet_207
2025-02-23 17:06:47,wallet_207,0.20479188,Outgoing,1,1,wallet_090
2025-02-23 17:06:47,wallet_090,0.20479188,Incoming,1,1,wallet_207
2025-02-23 17:11:36,wallet_197,0.14284519,Outgoing,1,2,wallet_207
2025-02-23 17:11:36,wallet_207,0.14284519,Incoming,1,2,wallet_197
2025-02-23 17:12:18,wallet_207,0.11709529,Outgoing,1,2,wallet_001
2025-02-23 17:12:18,wallet_001,0.11709529,Incoming,1,2,wallet_207
2025-02-23 17:18:32,wallet_286,0.18496226,Outgoing,1,2,wallet_207
2025-02-23 17:18:32,wallet_207,0.18496226,Incoming,1,2,wallet_286
2025-02-23 17:19:52,wallet_294,0.17557558,Outgoing,2,3,wallet_207
2025-02-23 17:19:52,wallet_207,0.17557558,Incoming,2,3,wallet_294
2025-02-23 17:21:33,wallet_207,0.12775563,Outgoing,1,3,wallet_070
2025-02-23 17:21:33,wallet_070,0.12775563,Incoming,1,3,wallet_207
2025-02-23 17:28:21,wallet_207,0.12546013,Outgoing,1,2,wallet_139
2025-02-23 17:28:21,wallet_139,0.12546013,Incoming,1,2,wallet_207
2025-02-23 17:30:23,wallet_207,0.18662471,Outgoing,3,1,wallet_368
2025-02-23 17:30:23,wallet_368,0.18662471,Incoming,3,1,wallet_207
2025-02-23 17:37:19,wallet_380,0.12677762,Outgoing,1,1,wallet_207
2025-02-23 17:37:19,wallet_207,0.12677762,Incoming,1,1,wallet_380
2025-02-23 17:42:15,wallet_207,0.19477478,Outgoing,2,2,wallet_394
2025-02-23 17:42:15,wallet_394,0.19477478,Incoming,2,2,wallet_207
2025-02-23 17:42:15,wallet_391,0.02273612,Outgoing,3,2,wallet_190
2025-02-23 17:42:15,wallet_190,0.02273612,Incoming,3,2,wallet_391
2025-02-23 17:48:42,wallet_207,0.13394321,Outgoing,1,1,wallet_021
2025-02-23 17:48:42,wallet_021,0.13394321,Incoming,1,1,wallet_207
2025-02-23 19:57:11,wallet_405,0.13546849,Outgoing,1,2,wallet_161
2025-02-23 19:57:11,wallet_161,0.13546849,Incoming,1,2,wallet_405
2025-02-24 04:24:49,wallet_404,0.01129934,Outgoing,4,2,wallet_169
2025-02-24 04:24:49,wallet_169,0.01129934,Incoming,4,2,wallet_404
2025-02-24 07:48:04,wallet_304,0.03236219,Outgoing,1,2,wallet_330
2025-02-24 07:48:04,wallet_330,0.03236219,Incoming,1,2,wallet_304
2025-02-24 11:27:58,wallet_135,0.40254598,Outgoing,1,1,wallet_069
2025-02-24 11:27:58,wallet_069,0.40254598,Incoming,1,1,wallet_135
2025-02-24 11:36:16,wallet_344,0.05649099,Outgoing,1,1,wallet_119
2025-02-24 11:36:16,wallet_119,0.05649099,Incoming,1,1,wallet_344
2025-02-24 11:53:04,wallet_371,0.35310435,Outgoing,4,2,wallet_149
2025-02-24 11:53:04,wallet_149,0.35310435,Incoming,4,2,wallet_371
2025-02-24 14:29:31,wallet_117,0.0823693,Outgoing,1,2,wallet_289
2025-02-24 14:29:31,wallet_289,0.0823693,Incoming,1,2,wallet_117
2025-02-24 18:40:15,wallet_364,0.01449655,Outgoing,2,1,wallet_359
2025-02-24 18:40:15,wallet_359,0.01449655,Incoming,2,1,wallet_364
2025-02-24 19:40:56,wallet_071,0.10392777,Outgoing,3,1,wallet_230
2025-02-24 19:40:56,wallet_230,0.10392777,Incoming,3,1,wallet_071
2025-02-24 21:01:26,wallet_261,0.03318121,Outgoing,4,3,wallet_334
2025-02-24 21:01:26,wallet_334,0.03318121,Incoming,4,3,wallet_261
2025-02-24 21:13:41,wallet_374,0.18912236,Outgoing,2,3,wallet_252
2025-02-24 21:13:41,wallet_252,0.18912236,Incoming,2,3,wallet_374
2025-02-25 00:09:17,wallet_135,0.40093314,Outgoing,1,1,wallet_069
2025-02-25 00:09:17,wallet_069,0.40093314,Incoming,1,1,wallet_135
2025-02-25 07:44:01,wallet_029,0.02984486,Outgoing,2,2,wallet_128
2025-02-25 07:44:01,wallet_128,0.02984486,Incoming,2,2,wallet_029
2025-02-25 07:53:03,wallet_007,0.08077266,Outgoing,1,2,wallet_043
2025-02-25 07:53:03,wallet_043,0.08077266,Incoming,1,2,wallet_007
2025-02-25 08:16:37,wallet_015,0.05118039,Outgoing,1,3,wallet_262
2025-02-25 08:16:37,wallet_262,0.05118039,Incoming,1,3,wallet_015
2025-02-25 08:33:45,wallet_173,0.02214487,Outgoing,2,3,wallet_021
2025-02-25 08:33:45,wallet_021,0.02214487,Incoming,2,3,wallet_173
2025-02-25 09:19:07,wallet_107,0.03413104,Outgoing,4,1,wallet_182
2025-02-25 09:19:07,wallet_182,0.03413104,Incoming,4,1,wallet_107
2025-02-25 09:20:17,wallet_135,0.40043172,Outgoing,2,2,wallet_069
2025-02-25 09:20:17,wallet_069,0.40043172,Incoming,2,2,wallet_135
2025-02-25 09:57:20,wallet_015,0.01220243,Outgoing,2,2,wallet_343
2025-02-25 09:57:20,wallet_343,0.01220243,Incoming,2,2,wallet_015
2025-02-25 10:54:32,wallet_176,0.36317534,Outgoing,1,2,wallet_169
2025-02-25 10:54:32,wallet_169,0.36317534,Incoming,1,2,wallet_176
2025-02-25 14:28:23,wallet_286,0.09381582,Outgoing,2,2,wallet_201
2025-02-25 14:28:23,wallet_201,0.09381582,Incoming,2,2,wallet_286
2025-02-25 15:31:37,wallet_265,0.02306704,Outgoing,1,2,wallet_091
2025-02-25 15:31:37,wallet_091,0.02306704,Incoming,1,2,wallet_265
2025-02-25 15:38:02,wallet_015,0.0045319,Outgoing,1,2,wallet_265
2025-02-25 15:38:02,wallet_265,0.0045319,Incoming,1,2,wallet_015
2025-02-25 16:28:14,wallet_362,0.03915884,Outgoing,1,2,wallet_187
2025-02-25 16:28:14,wallet_187,0.03915884,Incoming,1,2,wallet_362
2025-02-25 17:13:14,wallet_130,0.05688047,Outgoing,1,2,wallet_402
2025-02-25 17:13:14,wallet_402,0.05688047,Incoming,1,2,wallet_130
2025-02-26 04:21:00,wallet_069,0.39234822,Outgoing,3,2,wallet_135
2025-02-26 04:21:00,wallet_135,0.39234822,Incoming,3,2,wallet_069
2025-02-26 10:02:09,wallet_177,0.17362463,Outgoing,1,3,wallet_046
2025-02-26 10:02:09,wallet_046,0.17362463,Incoming,1,3,wallet_177
2025-02-26 10:43:22,wallet_248,0.076712,Outgoing,2,1,wallet_131
2025-02-26 10:43:22,wallet_131,0.076712,Incoming,2,1,wallet_248
2025-02-26 11:02:52,wallet_123,0.07279303,Outgoing,4,1,wallet_253
2025-02-26 11:02:52,wallet_253,0.07279303,Incoming,4,1,wallet_123
2025-02-26 12:54:31,wallet_151,0.02158742,Outgoing,1,2,wallet_366
2025-02-26 12:54:31,wallet_366,0.02158742,Incoming,1,2,wallet_151
2025-02-26 14:49:26,wallet_289,0.11877699,Outgoing,1,2,wallet_174
2025-02-26 14:49:26,wallet_174,0.11877699,Incoming,1,2,wallet_289
2025-02-26 15:30:58,wallet_394,0.02136752,Outgoing,1,1,wallet_194
2025-02-26 15:30:58,wallet_194,0.02136752,Incoming,1,1,wallet_394
2025-02-26 15:41:07,wallet_335,0.1492286,Outgoing,1,3,wallet_215
2025-02-26 15:41:07,wallet_215,0.1492286,Incoming,1,3,wallet_335
2025-02-26 17:37:51,wallet_089,0.00996144,Outgoing,2,3,wallet_177
2025-02-26 17:37:51,wallet_177,0.00996144,Incoming,2,3,wallet_089
2025-02-26 18:47:29,wallet_255,0.01211594,Outgoing,1,2,wallet_046
2025-02-26 18:47:29,wallet_046,0.01211594,Incoming,1,2,wallet_255
2025-02-26 21:59:47,wallet_271,0.01909063,Outgoing,1,3,wallet_227
2025-02-26 21:59:47,wallet_227,0.01909063,Incoming,1,3,wallet_271
2025-02-26 22:52:12,wallet_135,0.39148907,Outgoing,1,2,wallet_069
2025-02-26 22:52:12,wallet_069,0.39148907,Incoming,1,2,wallet_135
2025-02-27 02:21:35,wallet_313,0.05601218,Outgoing,1,2,wallet_234
2025-02-27 02:21:35,wallet_234,0.05601218,Incoming,1,2,wallet_313
2025-02-27 07:08:55,wallet_243,0.03124946,Outgoing,2,1,wallet_152
2025-02-27 07:08:55,wallet_152,0.03124946,Incoming,2,1,wallet_243
2025-02-27 07:54:46,wallet_135,0.3881071,Outgoing,1,2,wallet_069
2025-02-27 07:54:46,wallet_069,0.3881071,Incoming,1,2,wallet_135
2025-02-27 08:32:19,wallet_220,0.13111685,Outgoing,2,2,wallet_046
2025-02-27 08:32:19,wallet_046,0.13111685,Incoming,2,2,wallet_220
2025-02-27 11:56:30,wallet_149,0.11403589,Outgoing,1,2,wallet_042
2025-02-27 11:56:30,wallet_042,0.11403589,Incoming,1,2,wallet_149
2025-02-27 16:07:44,wallet_400,0.60794877,Outgoing,1,1,wallet_183
2025-02-27 16:07:44,wallet_183,0.60794877,Incoming,1,1,wallet_400
2025-02-27 17:42:46,wallet_286,0.08073924,Outgoing,3,2,wallet_336
2025-02-27 17:42:46,wallet_336,0.08073924,Incoming,3,2,wallet_286
2025-02-27 18:29:40,wallet_228,0.01772376,Outgoing,2,2,wallet_232
2025-02-27 18:29:40,wallet_232,0.01772376,Incoming,2,2,wallet_228
2025-02-27 18:47:33,wallet_298,0.03218703,Outgoing,3,3,wallet_231
2025-02-27 18:47:33,wallet_231,0.03218703,Incoming,3,3,wallet_298
2025-02-27 19:22:29,wallet_279,0.16686441,Outgoing,3,3,wallet_093
2025-02-27 19:22:29,wallet_093,0.16686441,Incoming,3,3,wallet_279
2025-02-27 20:17:09,wallet_069,0.39188354,Outgoing,4,1,wallet_135
2025-02-27 20:17:09,wallet_135,0.39188354,Incoming,4,1,wallet_069
2025-02-27 20:34:56,wallet_054,0.15607453,Outgoing,2,1,wallet_185
2025-02-27 20:34:56,wallet_185,0.15607453,Incoming,2,1,wallet_054
2025-02-27 20:59:11,wallet_011,0.1131776,Outgoing,3,2,wallet_253
2025-02-27 20:59:11,wallet_253,0.1131776,Incoming,3,2,wallet_011
2025-02-28 02:11:56,wallet_216,0.0330402,Outgoing,3,2,wallet_152
2025-02-28 02:11:56,wallet_152,0.0330402,Incoming,3,2,wallet_216
2025-02-28 02:15:32,wallet_217,0.01483994,Outgoing,1,2,wallet_137
2025-02-28 02:15:32,wallet_137,0.01483994,Incoming,1,2,wallet_217
2025-02-28 06:30:02,wallet_231,0.02831597,Outgoing,2,1,wallet_095
2025-02-28 06:30:02,wallet_095,0.02831597,Incoming,2,1,wallet_231
2025-02-28 08:05:51,wallet_135,0.39736759,Outgoing,1,2,wallet_069
2025-02-28 08:05:51,wallet_069,0.39736759,Incoming,1,2,wallet_135
2025-02-28 09:11:50,wallet_008,0.13067296,Outgoing,1,1,wallet_015
2025-02-28 09:11:50,wallet_015,0.13067296,Incoming,1,1,wallet_008
2025-02-28 10:31:11,wallet_403,0.01789261,Outgoing,1,2,wallet_166
2025-02-28 10:31:11,wallet_166,0.01789261,Incoming,1,2,wallet_403
2025-02-28 11:26:51,wallet_289,0.08838035,Outgoing,3,1,wallet_146
2025-02-28 11:26:51,wallet_146,0.08838035,Incoming,3,1,wallet_289
2025-02-28 11:41:11,wallet_319,0.03366081,Outgoing,2,2,wallet_100
2025-02-28 11:41:11,wallet_100,0.03366081,Incoming,2,2,wallet_319
2025-02-28 12:21:29,wallet_239,0.12494402,Outgoing,1,2,wallet_306
2025-02-28 12:21:29,wallet_306,0.12494402,Incoming,1,2,wallet_239
2025-02-28 14:01:38,wallet_292,0.13231096,Outgoing,1,2,wallet_385
2025-02-28 14:01:38,wallet_385,0.13231096,Incoming,1,2,wallet_292
2025-02-28 14:27:06,wallet_265,0.06657409,Outgoing,1,1,wallet_218
2025-02-28 14:27:06,wallet_218,0.06657409,Incoming,1,1,wallet_265
2025-02-28 14:35:55,wallet_285,0.12149861,Outgoing,1,3,wallet_270
2025-02-28 14:35:55,wallet_270,0.12149861,Incoming,1,3,wallet_285
2025-02-28 15:50:08,wallet_135,0.39235825,Outgoing,2,2,wallet_069
2025-02-28 15:50:08,wallet_069,0.39235825,Incoming,2,2,wallet_135
2025-02-28 17:17:08,wallet_168,0.11227848,Outgoing,2,2,wallet_286
2025-02-28 17:17:08,wallet_286,0.11227848,Incoming,2,2,wallet_168
2025-02-28 19:36:45,wallet_105,0.06036088,Outgoing,4,1,wallet_344
2025-02-28 19:36:45,wallet_344,0.06036088,Incoming,4,1,wallet_105
2025-02-28 22:29:30,wallet_135,0.3898709,Outgoing,1,1,wallet_069
2025-02-28 22:29:30,wallet_069,0.3898709,Incoming,1,1,wallet_135
2025-03-01 07:10:08,wallet_050,0.07639045,Outgoing,2,3,wallet_196
2025-03-01 07:10:08,wallet_196,0.07639045,Incoming,2,3,wallet_050
2025-03-01 10:00:25,wallet_219,0.01920081,Outgoing,2,1,wallet_169
2025-03-01 10:00:25,wallet_169,0.01920081,Incoming,2,1,wallet_219
2025-03-01 10:04:46,wallet_140,0.04261677,Outgoing,1,2,wallet_396
2025-03-01 10:04:46,wallet_396,0.04261677,Incoming,1,2,wallet_140
2025-03-01 11:19:30,wallet_167,0.03306228,Outgoing,2,2,wallet_298
2025-03-01 11:19:30,wallet_298,0.03306228,Incoming,2,2,wallet_167
2025-03-01 11:33:02,wallet_135,0.3954631,Outgoing,1,1,wallet_069
2025-03-01 11:33:02,wallet_069,0.3954631,Incoming,1,1,wallet_135
2025-03-01 12:35:09,wallet_405,0.08001274,Outgoing,2,2,wallet_269
2025-03-01 12:35:09,wallet_269,0.08001274,Incoming,2,2,wallet_405
2025-03-01 13:46:40,wallet_160,0.02535145,Outgoing,2,2,wallet_137
2025-03-01 13:46:40,wallet_137,0.02535145,Incoming,2,2,wallet_160
2025-03-01 13:58:23,wallet_135,0.08103112,Outgoing,4,1,wallet_189
2025-03-01 13:58:23,wallet_189,0.08103112,Incoming,4,1,wallet_135
2025-03-01 14:18:36,wallet_197,0.0686688,Outgoing,3,2,wallet_085
2025-03-01 14:18:36,wallet_085,0.0686688,Incoming,3,2,wallet_197
2025-03-01 15:26:09,wallet_262,0.13882658,Outgoing,3,2,wallet_207
2025-03-01 15:26:09,wallet_207,0.13882658,Incoming,3,2,wallet_262
2025-03-01 15:26:12,wallet_317,0.05068358,Outgoing,1,1,wallet_034
2025-03-01 15:26:12,wallet_034,0.05068358,Incoming,1,1,wallet_317
2025-03-01 17:00:29,wallet_308,0.20122674,Outgoing,2,3,wallet_099
2025-03-01 17:00:29,wallet_099,0.20122674,Incoming,2,3,wallet_308
2025-03-01 21:40:07,wallet_352,0.0578999,Outgoing,1,3,wallet_109
2025-03-01 21:40:07,wallet_109,0.0578999,Incoming,1,3,wallet_352
2025-03-02 02:59:06,wallet_069,0.38797323,Outgoing,1,2,wallet_135
2025-03-02 02:59:06,wallet_135,0.38797323,Incoming,1,2,wallet_069
2025-03-02 07:47:33,wallet_048,0.00292771,Outgoing,3,1,wallet_233
2025-03-02 07:47:33,wallet_233,0.00292771,Incoming,3,1,wallet_048
2025-03-02 07:51:40,wallet_255,0.25633795,Outgoing,1,1,wallet_094
2025-03-02 07:51:40,wallet_094,0.25633795,Incoming,1,1,wallet_255
2025-03-02 10:24:18,wallet_034,0.03520917,Outgoing,1,2,wallet_317
2025-03-02 10:24:18,wallet_317,0.03520917,Incoming,1,2,wallet_034
2025-03-02 12:32:36,wallet_252,0.04259294,Outgoing,2,1,wallet_350
2025-03-02 12:32:36,wallet_350,0.04259294,Incoming,2,1,wallet_252
2025-03-02 14:13:00,wallet_369,0.07231624,Outgoing,1,2,wallet_189
2025-03-02 14:13:00,wallet_189,0.07231624,Incoming,1,2,wallet_369
2025-03-02 16:14:10,wallet_402,0.00611753,Outgoing,1,1,wallet_045
2025-03-02 16:14:10,wallet_045,0.00611753,Incoming,1,1,wallet_402
2025-03-02 16:31:00,wallet_296,0.13268719,Outgoing,2,2,wallet_083
2025-03-02 16:31:00,wallet_083,0.13268719,Incoming,2,2,wallet_296
2025-03-02 18:30:01,wallet_164,0.01611697,Outgoing,2,2,wallet_329
2025-03-02 18:30:01,wallet_329,0.01611697,Incoming,2,2,wallet_164
2025-03-02 19:08:48,wallet_357,0.07595671,Outgoing,1,1,wallet_151
2025-03-02 19:08:48,wallet_151,0.07595671,Incoming,1,1,wallet_357
2025-03-02 20:15:08,wallet_100,0.01776795,Outgoing,3,1,wallet_272
2025-03-02 20:15:08,wallet_272,0.01776795,Incoming,3,1,wallet_100
2025-03-02 20:40:38,wallet_122,0.06769668,Outgoing,1,2,wallet_177
2025-03-02 20:40:38,wallet_177,0.06769668,Incoming,1,2,wallet_122
2025-03-02 20:50:28,wallet_209,0.02133857,Outgoing,1,1,wallet_375
2025-03-02 20:50:28,wallet_375,0.02133857,Incoming,1,1,wallet_209
2025-03-02 21:30:50,wallet_135,0.3961611,Outgoing,2,1,wallet_069
2025-03-02 21:30:50,wallet_069,0.3961611,Incoming,2,1,wallet_135
2025-03-03 00:13:58,wallet_366,0.01652777,Outgoing,1,2,wallet_278
2025-03-03 00:13:58,wallet_278,0.01652777,Incoming,1,2,wallet_366
2025-03-03 05:24:08,wallet_321,0.10167936,Outgoing,1,3,wallet_061
2025-03-03 05:24:08,wallet_061,0.10167936,Incoming,1,3,wallet_321
2025-03-03 09:19:14,wallet_396,0.02334914,Outgoing,3,2,wallet_317
2025-03-03 09:19:14,wallet_317,0.02334914,Incoming,3,2,wallet_396
2025-03-03 09:30:54,wallet_224,0.01373414,Outgoing,4,1,wallet_146
2025-03-03 09:30:54,wallet_146,0.01373414,Incoming,4,1,wallet_224
2025-03-03 10:47:00,wallet_296,0.13887306,Outgoing,1,2,wallet_184
2025-03-03 10:47:00,wallet_184,0.13887306,Incoming,1,2,wallet_296
2025-03-03 11:47:58,wallet_038,0.01229429,Outgoing,1,3,wallet_188
2025-03-03 11:47:58,wallet_188,0.01229429,Incoming,1,3,wallet_038
2025-03-03 12:27:41,wallet_229,2.88291751,Outgoing,1,1,wallet_019
2025-03-03 12:27:41,wallet_019,2.88291751,Incoming,1,1,wallet_229
2025-03-03 12:33:21,wallet_019,2.83656984,Outgoing,1,1,wallet_203
2025-03-03 12:33:21,wallet_203,2.83656984,Incoming,1,1,wallet_019
2025-03-03 12:37:06,wallet_203,2.79554299,Outgoing,2,1,wallet_200
2025-03-03 12:37:06,wallet_200,2.79554299,Incoming,2,1,wallet_203
2025-03-03 12:39:59,wallet_200,2.71995747,Outgoing,1,2,wallet_147
2025-03-03 12:39:59,wallet_147,2.71995747,Incoming,1,2,wallet_200
2025-03-03 12:57:46,wallet_069,0.40102556,Outgoing,1,2,wallet_135
2025-03-03 12:57:46,wallet_135,0.40102556,Incoming,1,2,wallet_069
2025-03-03 13:31:00,wallet_296,0.0668228,Outgoing,4,2,wallet_111
2025-03-03 13:31:00,wallet_111,0.0668228,Incoming,4,2,wallet_296
2025-03-03 14:39:00,wallet_296,0.12213919,Outgoing,1,2,wallet_110
2025-03-03 14:39:00,wallet_110,0.12213919,Incoming,1,2,wallet_296
2025-03-03 17:26:54,wallet_295,0.011988,Outgoing,1,2,wallet_152
2025-03-03 17:26:54,wallet_152,0.011988,Incoming,1,2,wallet_295
2025-03-03 17:50:09,wallet_248,0.10053856,Outgoing,1,2,wallet_365
2025-03-03 17:50:09,wallet_365,0.10053856,Incoming,1,2,wallet_248
2025-03-04 00:21:14,wallet_095,0.02099546,Outgoing,3,2,wallet_374
2025-03-04 00:21:14,wallet_374,0.02099546,Incoming,3,2,wallet_095
2025-03-04 05:30:33,wallet_135,0.39569316,Outgoing,1,1,wallet_069
2025-03-04 05:30:33,wallet_069,0.39569316,Incoming,1,1,wallet_135
2025-03-04 06:06:27,wallet_045,0.00399978,Outgoing,4,1,wallet_333
2025-03-04 06:06:27,wallet_333,0.00399978,Incoming,4,1,wallet_045
2025-03-04 09:25:00,wallet_369,0.09705763,Outgoing,1,2,wallet_275
2025-03-04 09:25:00,wallet_275,0.09705763,Incoming,1,2,wallet_369
2025-03-04 10:01:44,wallet_238,0.49568975,Outgoing,2,2,wallet_403
2025-03-04 10:01:44,wallet_403,0.49568975,Incoming,2,2,wallet_238
2025-03-04 10:36:00,wallet_369,0.05206033,Outgoing,1,1,wallet_078
2025-03-04 10:36:00,wallet_078,0.05206033,Incoming,1,1,wallet_369
2025-03-04 11:28:00,wallet_296,0.05367127,Outgoing,1,3,wallet_228
2025-03-04 11:28:00,wallet_228,0.05367127,Incoming,1,3,wallet_296
2025-03-04 12:10:00,wallet_296,0.02379256,Outgoing,4,1,wallet_257
2025-03-04 12:10:00,wallet_257,0.02379256,Incoming,4,1,wallet_296
2025-03-04 12:19:26,wallet_405,0.03863484,Outgoing,1,2,wallet_298
2025-03-04 12:19:26,wallet_298,0.03863484,Incoming,1,2,wallet_405
2025-03-04 12:25:00,wallet_369,0.14622707,Outgoing,2,2,wallet_288
2025-03-04 12:25:00,wallet_288,0.14622707,Incoming,2,2,wallet_369
2025-03-04 13:27:00,wallet_296,0.02260014,Outgoing,1,2,wallet_119
2025-03-04 13:27:00,wallet_119,0.02260014,Incoming,1,2,wallet_296
2025-03-04 13:30:14,wallet_162,0.1263844,Outgoing,4,1,wallet_221
2025-03-04 13:30:14,wallet_221,0.1263844,Incoming,4,1,wallet_162
2025-03-04 13:51:00,wallet_296,0.04008462,Outgoing,3,2,wallet_239
2025-03-04 13:51:00,wallet_239,0.04008462,Incoming,3,2,wallet_296
2025-03-04 13:55:00,wallet_369,0.11343946,Outgoing,4,2,wallet_021
2025-03-04 13:55:00,wallet_021,0.11343946,Incoming,4,2,wallet_369
2025-03-04 14:55:00,wallet_369,0.09809008,Outgoing,3,1,wallet_219
2025-03-04 14:55:00,wallet_219,0.09809008,Incoming,3,1,wallet_369
2025-03-04 15:20:00,wallet_369,0.07002277,Outgoing,2,2,wallet_340
2025-03-04 15:20:00,wallet_340,0.07002277,Incoming,2,2,wallet_369
2025-03-04 16:03:23,wallet_169,0.01771003,Outgoing,3,1,wallet_378
2025-03-04 16:03:23,wallet_378,0.01771003,Incoming,3,1,wallet_169
2025-03-04 16:09:00,wallet_369,0.08208043,Outgoing,4,2,wallet_386
2025-03-04 16:09:00,wallet_386,0.08208043,Incoming,4,2,wallet_369
2025-03-04 16:21:27,wallet_089,0.1717017,Outgoing,1,2,wallet_094
2025-03-04 16:21:27,wallet_094,0.1717017,Incoming,1,2,wallet_089
2025-03-04 17:53:51,wallet_102,0.02958685,Outgoing,2,3,wallet_295
2025-03-04 17:53:51,wallet_295,0.02958685,Incoming,2,3,wallet_102
2025-03-04 22:31:06,wallet_008,0.03289591,Outgoing,1,2,wallet_038
2025-03-04 22:31:06,wallet_038,0.03289591,Incoming,1,2,wallet_008
2025-03-05 05:34:13,wallet_331,0.06749981,Outgoing,2,2,wallet_385
2025-03-05 05:34:13,wallet_385,0.06749981,Incoming,2,2,wallet_331
2025-03-05 08:38:14,wallet_016,0.02999957,Outgoing,1,2,wallet_232
2025-03-05 08:38:14,wallet_232,0.02999957,Incoming,1,2,wallet_016
2025-03-05 10:13:39,wallet_112,0.2260426,Outgoing,1,1,wallet_253
2025-03-05 10:13:39,wallet_253,0.2260426,Incoming,1,1,wallet_112
2025-03-05 11:46:46,wallet_069,0.04741286,Outgoing,1,2,wallet_236
2025-03-05 11:46:46,wallet_236,0.04741286,Incoming,1,2,wallet_069
2025-03-05 13:17:54,wallet_388,0.04790766,Outgoing,2,2,wallet_232
2025-03-05 13:17:54,wallet_232,0.04790766,Incoming,2,2,wallet_388
2025-03-05 14:48:34,wallet_268,0.05189834,Outgoing,1,1,wallet_152
2025-03-05 14:48:34,wallet_152,0.05189834,Incoming,1,1,wallet_268
2025-03-05 15:50:59,wallet_052,0.0409937,Outgoing,2,1,wallet_396
2025-03-05 15:50:59,wallet_396,0.0409937,Incoming,2,1,wallet_052
2025-03-05 17:15:54,wallet_405,0.16157671,Outgoing,1,1,wallet_292
2025-03-05 17:15:54,wallet_292,0.16157671,Incoming,1,1,wallet_405
2025-03-05 17:44:51,wallet_051,0.11473084,Outgoing,3,2,wallet_349
2025-03-05 17:44:51,wallet_349,0.11473084,Incoming,3,2,wallet_051
2025-03-05 19:03:37,wallet_072,0.01202633,Outgoing,1,1,wallet_166
2025-03-05 19:03:37,wallet_166,0.01202633,Incoming,1,1,wallet_072
2025-03-05 20:25:59,wallet_238,0.65607165,Outgoing,1,1,wallet_403
2025-03-05 20:25:59,wallet_403,0.65607165,Incoming,1,1,wallet_238
2025-03-06 00:44:52,wallet_256,0.09168877,Outgoing,1,2,wallet_360
2025-03-06 00:44:52,wallet_360,0.09168877,Incoming,1,2,wallet_256
2025-03-06 09:58:52,wallet_179,0.02007943,Outgoing,2,2,wallet_159
2025-03-06 09:58:52,wallet_159,0.02007943,Incoming,2,2,wallet_179
2025-03-06 10:44:14,wallet_129,0.07654645,Outgoing,1,1,wallet_218
2025-03-06 10:44:14,wallet_218,0.07654645,Incoming,1,1,wallet_129
2025-03-06 12:54:20,wallet_102,0.1264955,Outgoing,2,2,wallet_344
2025-03-06 12:54:20,wallet_344,0.1264955,Incoming,2,2,wallet_102
2025-03-06 13:06:20,wallet_112,0.01547653,Outgoing,1,1,wallet_020
2025-03-06 13:06:20,wallet_020,0.01547653,Incoming,1,1,wallet_112
2025-03-06 14:26:23,wallet_375,0.02190015,Outgoing,2,2,wallet_152
2025-03-06 14:26:23,wallet_152,0.02190015,Incoming,2,2,wallet_375
2025-03-06 16:09:19,wallet_127,0.02163027,Outgoing,1,2,wallet_313
2025-03-06 16:09:19,wallet_313,0.02163027,Incoming,1,2,wallet_127
2025-03-06 16:23:26,wallet_263,0.05056557,Outgoing,4,2,wallet_169
2025-03-06 16:23:26,wallet_169,0.05056557,Incoming,4,2,wallet_263
2025-03-06 17:21:21,wallet_135,0.08601322,Outgoing,1,2,wallet_152
2025-03-06 17:21:21,wallet_152,0.08601322,Incoming,1,2,wallet_135
2025-03-06 19:44:11,wallet_277,0.0331194,Outgoing,1,3,wallet_267
2025-03-06 19:44:11,wallet_267,0.0331194,Incoming,1,3,wallet_277
2025-03-06 20:47:22,wallet_360,0.05353751,Outgoing,1,1,wallet_346
2025-03-06 20:47:22,wallet_346,0.05353751,Incoming,1,1,wallet_360
2025-03-06 20:48:45,wallet_106,0.04454466,Outgoing,1,3,wallet_361
2025-03-06 20:48:45,wallet_361,0.04454466,Incoming,1,3,wallet_106
2025-03-06 23:29:47,wallet_064,0.01835163,Outgoing,3,2,wallet_366
2025-03-06 23:29:47,wallet_366,0.01835163,Incoming,3,2,wallet_064
2025-03-07 01:42:42,wallet_343,0.00962324,Outgoing,2,2,wallet_015
2025-03-07 01:42:42,wallet_015,0.00962324,Incoming,2,2,wallet_343
2025-03-07 06:04:21,wallet_142,0.03500855,Outgoing,1,2,wallet_163
2025-03-07 06:04:21,wallet_163,0.03500855,Incoming,1,2,wallet_142
2025-03-07 07:27:41,wallet_254,0.02461736,Outgoing,1,3,wallet_379
2025-03-07 07:27:41,wallet_379,0.02461736,Incoming,1,3,wallet_254
2025-03-07 07:53:38,wallet_269,0.06227928,Outgoing,1,1,wallet_313
2025-03-07 07:53:38,wallet_313,0.06227928,Incoming,1,1,wallet_269
2025-03-07 08:05:45,wallet_158,0.0123298,Outgoing,3,2,wallet_205
2025-03-07 08:05:45,wallet_205,0.0123298,Incoming,3,2,wallet_158
2025-03-07 08:21:49,wallet_282,0.03547836,Outgoing,1,2,wallet_001
2025-03-07 08:21:49,wallet_001,0.03547836,Incoming,1,2,wallet_282
2025-03-07 09:44:33,wallet_087,0.30309429,Outgoing,1,2,wallet_184
2025-03-07 09:44:33,wallet_184,0.30309429,Incoming,1,2,wallet_087
2025-03-07 13:21:21,wallet_389,0.20627121,Outgoing,1,2,wallet_300
2025-03-07 13:21:21,wallet_300,0.20627121,Incoming,1,2,wallet_389
2025-03-07 14:18:04,wallet_169,0.02522477,Outgoing,1,2,wallet_097
2025-03-07 14:18:04,wallet_097,0.02522477,Incoming,1,2,wallet_169
2025-03-07 15:25:11,wallet_304,0.50718104,Outgoing,2,1,wallet_243
2025-03-07 15:25:11,wallet_243,0.50718104,Incoming,2,1,wallet_304
2025-03-07 16:09:07,wallet_173,0.09163758,Outgoing,1,2,wallet_407
2025-03-07 16:09:07,wallet_407,0.09163758,Incoming,1,2,wallet_173
2025-03-07 16:12:08,wallet_173,0.01164131,Outgoing,2,2,wallet_146
2025-03-07 16:12:08,wallet_146,0.01164131,Incoming,2,2,wallet_173
2025-03-07 17:23:49,wallet_097,0.01853264,Outgoing,3,1,wallet_169
2025-03-07 17:23:49,wallet_169,0.01853264,Incoming,3,1,wallet_097
2025-03-07 20:02:35,wallet_069,0.039115,Outgoing,1,2,wallet_185
2025-03-07 20:02:35,wallet_185,0.039115,Incoming,1,2,wallet_069
2025-03-07 23:51:43,wallet_123,0.03230375,Outgoing,2,2,wallet_253
2025-03-07 23:51:43,wallet_253,0.03230375,Incoming,2,2,wallet_123
2025-03-08 09:07:31,wallet_386,0.02932724,Outgoing,2,1,wallet_179
2025-03-08 09:07:31,wallet_179,0.02932724,Incoming,2,1,wallet_386
2025-03-08 12:31:08,wallet_251,0.26548048,Outgoing,1,2,wallet_278
2025-03-08 12:31:08,wallet_278,0.26548048,Incoming,1,2,wallet_251
2025-03-08 12:41:11,wallet_256,0.01777822,Outgoing,1,2,wallet_350
2025-03-08 12:41:11,wallet_350,0.01777822,Incoming,1,2,wallet_256
2025-03-08 15:37:44,wallet_078,0.03318125,Outgoing,4,2,wallet_297
2025-03-08 15:37:44,wallet_297,0.03318125,Incoming,4,2,wallet_078
2025-03-08 15:45:54,wallet_182,0.04553784,Outgoing,1,1,wallet_265
2025-03-08 15:45:54,wallet_265,0.04553784,Incoming,1,1,wallet_182
2025-03-08 16:02:42,wallet_100,0.01030481,Outgoing,1,3,wallet_023
2025-03-08 16:02:42,wallet_023,0.01030481,Incoming,1,3,wallet_100
2025-03-08 19:45:52,wallet_329,0.02291477,Outgoing,1,1,wallet_275
2025-03-08 19:45:52,wallet_275,0.02291477,Incoming,1,1,wallet_329
2025-03-08 22:18:14,wallet_257,0.03996357,Outgoing,1,2,wallet_059
2025-03-08 22:18:14,wallet_059,0.03996357,Incoming,1,2,wallet_257
2025-03-09 00:56:15,wallet_195,0.12071861,Outgoing,1,2,wallet_292
2025-03-09 00:56:15,wallet_292,0.12071861,Incoming,1,2,wallet_195
2025-03-09 05:22:49,wallet_072,1.54176601,Outgoing,2,2,wallet_348
2025-03-09 05:22:49,wallet_348,1.54176601,Incoming,2,2,wallet_072
2025-03-09 06:33:00,wallet_236,0.03148272,Outgoing,1,2,wallet_054
2025-03-09 06:33:00,wallet_054,0.03148272,Incoming,1,2,wallet_236
2025-03-09 10:12:56,wallet_159,0.02043663,Outgoing,1,1,wallet_140
2025-03-09 10:12:56,wallet_140,0.02043663,Incoming,1,1,wallet_159
2025-03-09 13:00:48,wallet_268,0.08047309,Outgoing,3,3,wallet_043
2025-03-09 13:00:48,wallet_043,0.08047309,Incoming,3,3,wallet_268
2025-03-09 17:23:55,wallet_147,0.08910698,Outgoing,1,3,wallet_335
2025-03-09 17:23:55,wallet_335,0.08910698,Incoming,1,3,wallet_147
2025-03-09 19:04:58,wallet_163,0.02553774,Outgoing,4,3,wallet_343
2025-03-09 19:04:58,wallet_343,0.02553774,Incoming,4,3,wallet_163
2025-03-09 20:29:22,wallet_227,0.01096878,Outgoing,1,2,wallet_045
2025-03-09 20:29:22,wallet_045,0.01096878,Incoming,1,2,wallet_227
2025-03-10 02:18:28,wallet_317,0.01512643,Outgoing,2,2,wallet_396
2025-03-10 02:18:28,wallet_396,0.01512643,Incoming,2,2,wallet_317
2025-03-10 09:18:29,wallet_045,0.00828745,Outgoing,1,2,wallet_391
2025-03-10 09:18:29,wallet_391,0.00828745,Incoming,1,2,wallet_045
2025-03-10 09:22:27,wallet_117,0.07752344,Outgoing,1,2,wallet_289
2025-03-10 09:22:27,wallet_289,0.07752344,Incoming,1,2,wallet_117
2025-03-10 11:07:47,wallet_317,0.01687078,Outgoing,1,1,wallet_133
2025-03-10 11:07:47,wallet_133,0.01687078,Incoming,1,1,wallet_317
2025-03-10 12:39:29,wallet_153,0.03160891,Outgoing,1,1,wallet_088
2025-03-10 12:39:29,wallet_088,0.03160891,Incoming,1,1,wallet_153
2025-03-10 12:59:31,wallet_131,0.06170352,Outgoing,4,2,wallet_152
2025-03-10 12:59:31,wallet_152,0.06170352,Incoming,4,2,wallet_131
2025-03-10 13:32:23,wallet_268,0.04113883,Outgoing,2,2,wallet_207
2025-03-10 13:32:23,wallet_207,0.04113883,Incoming,2,2,wallet_268
2025-03-10 14:26:24,wallet_384,0.03070225,Outgoing,1,2,wallet_215
2025-03-10 14:26:24,wallet_215,0.03070225,Incoming,1,2,wallet_384
2025-03-10 15:46:18,wallet_038,0.06566705,Outgoing,3,2,wallet_076
2025-03-10 15:46:18,wallet_076,0.06566705,Incoming,3,2,wallet_038
2025-03-10 17:48:32,wallet_034,0.05622869,Outgoing,1,1,wallet_133
2025-03-10 17:48:32,wallet_133,0.05622869,Incoming,1,1,wallet_034
2025-03-11 07:03:18,wallet_360,0.08368258,Outgoing,1,3,wallet_256
2025-03-11 07:03:18,wallet_256,0.08368258,Incoming,1,3,wallet_360
2025-03-11 07:09:33,wallet_400,0.30098831,Outgoing,2,2,wallet_383
2025-03-11 07:09:33,wallet_383,0.30098831,Incoming,2,2,wallet_400
2025-03-11 08:56:47,wallet_076,0.1108858,Outgoing,1,2,wallet_248
2025-03-11 08:56:47,wallet_248,0.1108858,Incoming,1,2,wallet_076
2025-03-11 11:43:48,wallet_279,0.11743773,Outgoing,1,2,wallet_093
2025-03-11 11:43:48,wallet_093,0.11743773,Incoming,1,2,wallet_279
2025-03-11 11:47:05,wallet_011,0.12010018,Outgoing,1,1,wallet_029
2025-03-11 11:47:05,wallet_029,0.12010018,Incoming,1,1,wallet_011
2025-03-11 13:01:12,wallet_039,0.11588908,Outgoing,2,3,wallet_262
2025-03-11 13:01:12,wallet_262,0.11588908,Incoming,2,3,wallet_039
2025-03-11 13:43:15,wallet_027,0.05921461,Outgoing,2,1,wallet_346
2025-03-11 13:43:15,wallet_346,0.05921461,Incoming,2,1,wallet_027
2025-03-11 14:57:09,wallet_201,0.25230496,Outgoing,2,2,wallet_146
2025-03-11 14:57:09,wallet_146,0.25230496,Incoming,2,2,wallet_201
2025-03-11 18:00:14,wallet_219,0.0607901,Outgoing,2,2,wallet_113
2025-03-11 18:00:14,wallet_113,0.0607901,Incoming,2,2,wallet_219
2025-03-12 07:15:13,wallet_343,0.02073006,Outgoing,1,2,wallet_408
2025-03-12 07:15:13,wallet_408,0.02073006,Incoming,1,2,wallet_343
2025-03-12 07:39:52,wallet_235,0.12846229,Outgoing,2,2,wallet_352
2025-03-12 07:39:52,wallet_352,0.12846229,Incoming,2,2,wallet_235
2025-03-12 08:56:44,wallet_093,0.02559383,Outgoing,2,2,wallet_165
2025-03-12 08:56:44,wallet_165,0.02559383,Incoming,2,2,wallet_093
2025-03-12 09:38:19,wallet_371,0.2900577,Outgoing,1,2,wallet_313
2025-03-12 09:38:19,wallet_313,0.2900577,Incoming,1,2,wallet_371
2025-03-12 12:20:13,wallet_042,0.02269466,Outgoing,1,2,wallet_269
2025-03-12 12:20:13,wallet_269,0.02269466,Incoming,1,2,wallet_042
2025-03-12 12:22:57,wallet_393,0.07106723,Outgoing,3,2,wallet_228
2025-03-12 12:22:57,wallet_228,0.07106723,Incoming,3,2,wallet_393
2025-03-12 13:05:51,wallet_042,0.01871791,Outgoing,2,2,wallet_149
2025-03-12 13:05:51,wallet_149,0.01871791,Incoming,2,2,wallet_042
2025-03-12 13:14:54,wallet_397,0.02665144,Outgoing,3,2,wallet_263
2025-03-12 13:14:54,wallet_263,0.02665144,Incoming,3,2,wallet_397
2025-03-12 15:35:11,wallet_184,0.00851571,Outgoing,4,2,wallet_146
2025-03-12 15:35:11,wallet_146,0.00851571,Incoming,4,2,wallet_184
2025-03-12 22:57:18,wallet_268,0.09022972,Outgoing,1,2,wallet_152
2025-03-12 22:57:18,wallet_152,0.09022972,Incoming,1,2,wallet_268
2025-03-13 05:23:47,wallet_153,0.0507341,Outgoing,2,1,wallet_402
2025-03-13 05:23:47,wallet_402,0.0507341,Incoming,2,1,wallet_153
2025-03-13 11:33:18,wallet_050,0.05112662,Outgoing,2,1,wallet_055
2025-03-13 11:33:18,wallet_055,0.05112662,Incoming,2,1,wallet_050
2025-03-13 12:24:26,wallet_372,0.01127147,Outgoing,2,1,wallet_350
2025-03-13 12:24:26,wallet_350,0.01127147,Incoming,2,1,wallet_372
2025-03-13 13:27:01,wallet_404,0.12645659,Outgoing,1,2,wallet_152
2025-03-13 13:27:01,wallet_152,0.12645659,Incoming,1,2,wallet_404
2025-03-13 13:46:02,wallet_270,0.00826502,Outgoing,2,1,wallet_350
2025-03-13 13:46:02,wallet_350,0.00826502,Incoming,2,1,wallet_270
2025-03-13 15:02:53,wallet_173,0.01392926,Outgoing,1,2,wallet_166
2025-03-13 15:02:53,wallet_166,0.01392926,Incoming,1,2,wallet_173
2025-03-13 16:38:49,wallet_034,0.05643124,Outgoing,2,2,wallet_051
2025-03-13 16:38:49,wallet_051,0.05643124,Incoming,2,2,wallet_034
2025-03-13 16:38:57,wallet_133,0.07313851,Outgoing,2,1,wallet_146
2025-03-13 16:38:57,wallet_146,0.07313851,Incoming,2,1,wallet_133
2025-03-13 16:42:28,wallet_254,0.01527904,Outgoing,4,1,wallet_100
2025-03-13 16:42:28,wallet_100,0.01527904,Incoming,4,1,wallet_254
2025-03-13 20:21:03,wallet_159,0.01474659,Outgoing,3,2,wallet_368
2025-03-13 20:21:03,wallet_368,0.01474659,Incoming,3,2,wallet_159
2025-03-13 22:13:39,wallet_243,0.03156378,Outgoing,2,3,wallet_304
2025-03-13 22:13:39,wallet_304,0.03156378,Incoming,2,3,wallet_243
2025-03-14 06:27:13,wallet_342,0.03429502,Outgoing,4,2,wallet_152
2025-03-14 06:27:13,wallet_152,0.03429502,Incoming,4,2,wallet_342
2025-03-14 08:47:04,wallet_287,0.02223489,Outgoing,1,1,wallet_006
2025-03-14 08:47:04,wallet_006,0.02223489,Incoming,1,1,wallet_287
2025-03-14 09:33:25,wallet_129,0.02348021,Outgoing,1,2,wallet_218
2025-03-14 09:33:25,wallet_218,0.02348021,Incoming,1,2,wallet_129
2025-03-14 11:23:52,wallet_100,0.55499904,Outgoing,4,2,wallet_023
2025-03-14 11:23:52,wallet_023,0.55499904,Incoming,4,2,wallet_100
2025-03-14 13:22:53,wallet_233,0.09770981,Outgoing,2,1,wallet_069
2025-03-14 13:22:53,wallet_069,0.09770981,Incoming,2,1,wallet_233
2025-03-14 15:28:36,wallet_387,0.0637454,Outgoing,1,1,wallet_123
2025-03-14 15:28:36,wallet_123,0.0637454,Incoming,1,1,wallet_387
2025-03-14 18:33:35,wallet_387,0.0087057,Outgoing,2,2,wallet_307
2025-03-14 18:33:35,wallet_307,0.0087057,Incoming,2,2,wallet_387
2025-03-15 00:57:14,wallet_298,0.05267199,Outgoing,2,3,wallet_195
2025-03-15 00:57:14,wallet_195,0.05267199,Incoming,2,3,wallet_298
2025-03-15 05:19:23,wallet_320,0.00967584,Outgoing,3,2,wallet_243
2025-03-15 05:19:23,wallet_243,0.00967584,Incoming,3,2,wallet_320
2025-03-15 06:13:33,wallet_121,0.00810498,Outgoing,1,2,wallet_324
2025-03-15 06:13:33,wallet_324,0.00810498,Incoming,1,2,wallet_121
2025-03-15 07:47:12,wallet_269,0.03264245,Outgoing,2,2,wallet_042
2025-03-15 07:47:12,wallet_042,0.03264245,Incoming,2,2,wallet_269
2025-03-15 10:24:47,wallet_169,0.01708212,Outgoing,1,1,wallet_376
2025-03-15 10:24:47,wallet_376,0.01708212,Incoming,1,1,wallet_169
2025-03-15 12:59:52,wallet_384,0.01472757,Outgoing,1,2,wallet_111
2025-03-15 12:59:52,wallet_111,0.01472757,Incoming,1,2,wallet_384
2025-03-15 13:56:50,wallet_402,0.02009243,Outgoing,3,2,wallet_142
2025-03-15 13:56:50,wallet_142,0.02009243,Incoming,3,2,wallet_402
2025-03-15 14:56:14,wallet_298,0.03667535,Outgoing,3,2,wallet_139
2025-03-15 14:56:14,wallet_139,0.03667535,Incoming,3,2,wallet_298
2025-03-15 15:50:30,wallet_288,0.14944215,Outgoing,1,2,wallet_371
2025-03-15 15:50:30,wallet_371,0.14944215,Incoming,1,2,wallet_288
2025-03-15 17:22:51,wallet_147,0.03719823,Outgoing,2,3,wallet_192
2025-03-15 17:22:51,wallet_192,0.03719823,Incoming,2,3,wallet_147
2025-03-15 19:22:47,wallet_281,0.34971958,Outgoing,1,2,wallet_054
2025-03-15 19:22:47,wallet_054,0.34971958,Incoming,1,2,wallet_281
2025-03-15 21:08:16,wallet_177,0.08309197,Outgoing,1,1,wallet_220
2025-03-15 21:08:16,wallet_220,0.08309197,Incoming,1,1,wallet_177
2025-03-15 23:36:20,wallet_110,0.04185848,Outgoing,1,2,wallet_335
2025-03-15 23:36:20,wallet_335,0.04185848,Incoming,1,2,wallet_110
2025-03-16 06:02:08,wallet_140,0.02385778,Outgoing,2,2,wallet_159
2025-03-16 06:02:08,wallet_159,0.02385778,Incoming,2,2,wallet_140
2025-03-16 08:58:28,wallet_129,1.07992099,Outgoing,2,2,wallet_093
2025-03-16 08:58:28,wallet_093,1.07992099,Incoming,2,2,wallet_129
2025-03-16 09:35:00,wallet_238,0.69913943,Outgoing,2,1,wallet_328
2025-03-16 09:35:00,wallet_328,0.69913943,Incoming,2,1,wallet_238
2025-03-16 10:00:16,wallet_047,0.03539385,Outgoing,2,2,wallet_251
2025-03-16 10:00:16,wallet_251,0.03539385,Incoming,2,2,wallet_047
2025-03-16 10:40:08,wallet_116,0.22050134,Outgoing,2,2,wallet_026
2025-03-16 10:40:08,wallet_026,0.22050134,Incoming,2,2,wallet_116
2025-03-16 10:46:46,wallet_342,0.01842722,Outgoing,1,2,wallet_255
2025-03-16 10:46:46,wallet_255,0.01842722,Incoming,1,2,wallet_342
2025-03-16 11:18:54,wallet_362,0.49145527,Outgoing,1,1,wallet_026
2025-03-16 11:18:54,wallet_026,0.49145527,Incoming,1,1,wallet_362
2025-03-16 11:28:53,wallet_251,0.27920274,Outgoing,1,2,wallet_026
2025-03-16 11:28:53,wallet_026,0.27920274,Incoming,1,2,wallet_251
2025-03-16 12:09:10,wallet_375,0.10905122,Outgoing,2,2,wallet_026
2025-03-16 12:09:10,wallet_026,0.10905122,Incoming,2,2,wallet_375
2025-03-16 12:19:23,wallet_235,0.0256693,Outgoing,1,1,wallet_317
2025-03-16 12:19:23,wallet_317,0.0256693,Incoming,1,1,wallet_235
2025-03-16 12:19:24,wallet_342,0.05733154,Outgoing,2,2,wallet_122
2025-03-16 12:19:24,wallet_122,0.05733154,Incoming,2,2,wallet_342
2025-03-16 12:20:24,wallet_271,0.42737112,Outgoing,2,2,wallet_026
2025-03-16 12:20:24,wallet_026,0.42737112,Incoming,2,2,wallet_271
2025-03-16 12:43:35,wallet_143,0.09569553,Outgoing,2,1,wallet_026
2025-03-16 12:43:35,wallet_026,0.09569553,Incoming,2,1,wallet_143
2025-03-16 13:04:55,wallet_317,0.49599431,Outgoing,2,2,wallet_026
2025-03-16 13:04:55,wallet_026,0.49599431,Incoming,2,2,wallet_317
2025-03-16 13:42:25,wallet_236,0.04079145,Outgoing,4,3,wallet_382
2025-03-16 13:42:25,wallet_382,0.04079145,Incoming,4,3,wallet_236
2025-03-16 13:44:55,wallet_301,0.20053522,Outgoing,1,2,wallet_026
2025-03-16 13:44:55,wallet_026,0.20053522,Incoming,1,2,wallet_301
2025-03-16 14:02:11,wallet_195,0.06920369,Outgoing,1,2,wallet_026
2025-03-16 14:02:11,wallet_026,0.06920369,Incoming,1,2,wallet_195
2025-03-16 14:33:35,wallet_344,0.12825564,Outgoing,1,1,wallet_026
2025-03-16 14:33:35,wallet_026,0.12825564,Incoming,1,1,wallet_344
2025-03-16 14:43:53,wallet_151,0.09265342,Outgoing,1,2,wallet_026
2025-03-16 14:43:53,wallet_026,0.09265342,Incoming,1,2,wallet_151
2025-03-16 15:26:39,wallet_387,0.07560863,Outgoing,2,1,wallet_026
2025-03-16 15:26:39,wallet_026,0.07560863,Incoming,2,1,wallet_387
2025-03-16 16:01:08,wallet_314,0.59830018,Outgoing,2,1,wallet_026
2025-03-16 16:01:08,wallet_026,0.59830018,Incoming,2,1,wallet_314
2025-03-16 17:33:17,wallet_227,0.00398655,Outgoing,4,1,wallet_045
2025-03-16 17:33:17,wallet_045,0.00398655,Incoming,4,1,wallet_227
2025-03-16 18:26:47,wallet_026,3.25099003,Outgoing,7,1,wallet_091
2025-03-16 18:26:47,wallet_091,3.25099003,Incoming,7,1,wallet_026
2025-03-16 19:09:18,wallet_069,0.0676031,Outgoing,3,2,wallet_236
2025-03-16 19:09:18,wallet_236,0.0676031,Incoming,3,2,wallet_069
2025-03-16 19:12:24,wallet_049,0.25980601,Outgoing,1,2,wallet_383
2025-03-16 19:12:24,wallet_383,0.25980601,Incoming,1,2,wallet_049
2025-03-16 19:16:40,wallet_274,0.02902541,Outgoing,1,2,wallet_241
2025-03-16 19:16:40,wallet_241,0.02902541,Incoming,1,2,wallet_274
2025-03-16 21:23:52,wallet_288,0.02726011,Outgoing,1,1,wallet_269
2025-03-16 21:23:52,wallet_269,0.02726011,Incoming,1,1,wallet_288
2025-03-17 07:22:54,wallet_344,0.11372476,Outgoing,1,1,wallet_105
2025-03-17 07:22:54,wallet_105,0.11372476,Incoming,1,1,wallet_344
2025-03-17 12:40:35,wallet_133,0.10868576,Outgoing,3,2,wallet_034
2025-03-17 12:40:35,wallet_034,0.10868576,Incoming,3,2,wallet_133
2025-03-17 15:43:45,wallet_270,0.01973056,Outgoing,1,1,wallet_152
2025-03-17 15:43:45,wallet_152,0.01973056,Incoming,1,1,wallet_270
2025-03-17 16:06:36,wallet_243,0.01160516,Outgoing,1,2,wallet_320
2025-03-17 16:06:36,wallet_320,0.01160516,Incoming,1,2,wallet_243
2025-03-17 18:46:17,wallet_065,0.01218175,Outgoing,1,1,wallet_085
2025-03-17 18:46:17,wallet_085,0.01218175,Incoming,1,1,wallet_065
2025-03-17 20:05:56,wallet_111,0.30737805,Outgoing,1,2,wallet_336
2025-03-17 20:05:56,wallet_336,0.30737805,Incoming,1,2,wallet_111
2025-03-17 21:30:36,wallet_217,0.02318874,Outgoing,1,1,wallet_137
2025-03-17 21:30:36,wallet_137,0.02318874,Incoming,1,1,wallet_217
2025-03-18 08:03:34,wallet_384,0.01446349,Outgoing,2,2,wallet_111
2025-03-18 08:03:34,wallet_111,0.01446349,Incoming,2,2,wallet_384
2025-03-18 08:06:07,wallet_348,0.01271584,Outgoing,1,2,wallet_146
2025-03-18 08:06:07,wallet_146,0.01271584,Incoming,1,2,wallet_348
2025-03-18 10:03:58,wallet_348,0.01114814,Outgoing,1,1,wallet_146
2025-03-18 10:03:58,wallet_146,0.01114814,Incoming,1,1,wallet_348
2025-03-18 10:19:03,wallet_272,0.00425633,Outgoing,2,2,wallet_160
2025-03-18 10:19:03,wallet_160,0.00425633,Incoming,2,2,wallet_272
2025-03-18 10:45:30,wallet_097,0.01091414,Outgoing,1,1,wallet_169
2025-03-18 10:45:30,wallet_169,0.01091414,Incoming,1,1,wallet_097
2025-03-18 13:00:54,wallet_196,0.0754633,Outgoing,2,1,wallet_050
2025-03-18 13:00:54,wallet_050,0.0754633,Incoming,2,1,wallet_196
2025-03-18 15:52:58,wallet_017,0.02907866,Outgoing,1,2,wallet_059
2025-03-18 15:52:58,wallet_059,0.02907866,Incoming,1,2,wallet_017
2025-03-18 16:56:15,wallet_319,1.8503466,Outgoing,2,2,wallet_003
2025-03-18 16:56:15,wallet_003,1.8503466,Incoming,2,2,wallet_319
2025-03-18 18:18:45,wallet_301,0.46696506,Outgoing,1,2,wallet_377
2025-03-18 18:18:45,wallet_377,0.46696506,Incoming,1,2,wallet_301
2025-03-18 21:05:34,wallet_118,0.01310792,Outgoing,1,1,wallet_086
2025-03-18 21:05:34,wallet_086,0.01310792,Incoming,1,1,wallet_118
2025-03-18 22:54:52,wallet_078,0.0200065,Outgoing,2,2,wallet_396
2025-03-18 22:54:52,wallet_396,0.0200065,Incoming,2,2,wallet_078
2025-03-19 00:21:49,wallet_349,0.07703846,Outgoing,2,1,wallet_263
2025-03-19 00:21:49,wallet_263,0.07703846,Incoming,2,1,wallet_349
2025-03-19 06:39:49,wallet_016,0.04208324,Outgoing,1,2,wallet_393
2025-03-19 06:39:49,wallet_393,0.04208324,Incoming,1,2,wallet_016
2025-03-19 07:36:10,wallet_289,0.05778869,Outgoing,1,2,wallet_174
2025-03-19 07:36:10,wallet_174,0.05778869,Incoming,1,2,wallet_289
2025-03-19 07:47:30,wallet_045,0.00716289,Outgoing,3,2,wallet_227
2025-03-19 07:47:30,wallet_227,0.00716289,Incoming,3,2,wallet_045
2025-03-19 08:24:08,wallet_048,0.00931913,Outgoing,1,2,wallet_045
2025-03-19 08:24:08,wallet_045,0.00931913,Incoming,1,2,wallet_048
2025-03-19 08:56:46,wallet_111,0.02486417,Outgoing,1,2,wallet_295
2025-03-19 08:56:46,wallet_295,0.02486417,Incoming,1,2,wallet_111
2025-03-19 09:47:01,wallet_309,0.0470728,Outgoing,2,2,wallet_287
2025-03-19 09:47:01,wallet_287,0.0470728,Incoming,2,2,wallet_309
2025-03-19 10:51:33,wallet_038,0.02428638,Outgoing,2,2,wallet_346
2025-03-19 10:51:33,wallet_346,0.02428638,Incoming,2,2,wallet_038
2025-03-19 12:46:25,wallet_360,0.10220168,Outgoing,1,2,wallet_346
2025-03-19 12:46:25,wallet_346,0.10220168,Incoming,1,2,wallet_360
2025-03-19 14:52:51,wallet_095,0.02789371,Outgoing,2,2,wallet_041
2025-03-19 14:52:51,wallet_041,0.02789371,Incoming,2,2,wallet_095
2025-03-19 16:22:54,wallet_248,0.06286116,Outgoing,2,3,wallet_135
2025-03-19 16:22:54,wallet_135,0.06286116,Incoming,2,3,wallet_248
2025-03-19 17:26:41,wallet_104,0.24622958,Outgoing,1,2,wallet_061
2025-03-19 17:26:41,wallet_061,0.24622958,Incoming,1,2,wallet_104
2025-03-19 19:25:21,wallet_167,0.01979094,Outgoing,1,3,wallet_152
2025-03-19 19:25:21,wallet_152,0.01979094,Incoming,1,3,wallet_167
2025-03-20 11:02:52,wallet_130,0.04727594,Outgoing,1,2,wallet_382
2025-03-20 11:02:52,wallet_382,0.04727594,Incoming,1,2,wallet_130
2025-03-20 11:28:36,wallet_043,0.10366088,Outgoing,1,3,wallet_360
2025-03-20 11:28:36,wallet_360,0.10366088,Incoming,1,3,wallet_043
2025-03-20 15:13:44,wallet_082,0.02177012,Outgoing,1,2,wallet_349
2025-03-20 15:13:44,wallet_349,0.02177012,Incoming,1,2,wallet_082
2025-03-20 16:38:42,wallet_197,0.09313629,Outgoing,2,2,wallet_229
2025-03-20 16:38:42,wallet_229,0.09313629,Incoming,2,2,wallet_197
2025-03-20 17:01:37,wallet_142,0.02225339,Outgoing,1,1,wallet_104
2025-03-20 17:01:37,wallet_104,0.02225339,Incoming,1,1,wallet_142
2025-03-20 17:43:49,wallet_392,0.01184853,Outgoing,1,2,wallet_242
2025-03-20 17:43:49,wallet_242,0.01184853,Incoming,1,2,wallet_392
2025-03-20 18:12:13,wallet_366,0.81831581,Outgoing,2,1,wallet_278
2025-03-20 18:12:13,wallet_278,0.81831581,Incoming,2,1,wallet_366
2025-03-20 18:30:08,wallet_324,0.07488616,Outgoing,1,2,wallet_230
2025-03-20 18:30:08,wallet_230,0.07488616,Incoming,1,2,wallet_324
2025-03-20 21:49:17,wallet_147,0.0748603,Outgoing,2,2,wallet_192
2025-03-20 21:49:17,wallet_192,0.0748603,Incoming,2,2,wallet_147
2025-03-20 22:44:58,wallet_274,0.09321007,Outgoing,2,2,wallet_241
2025-03-20 22:44:58,wallet_241,0.09321007,Incoming,2,2,wallet_274
2025-03-21 07:15:36,wallet_202,0.04741306,Outgoing,1,2,wallet_212
2025-03-21 07:15:36,wallet_212,0.04741306,Incoming,1,2,wallet_202
2025-03-21 07:43:34,wallet_306,0.05638357,Outgoing,1,3,wallet_299
2025-03-21 07:43:34,wallet_299,0.05638357,Incoming,1,3,wallet_306
2025-03-21 10:07:10,wallet_344,0.11943692,Outgoing,1,2,wallet_105
2025-03-21 10:07:10,wallet_105,0.11943692,Incoming,1,2,wallet_344
2025-03-21 10:23:31,wallet_403,0.02270338,Outgoing,1,1,wallet_152
2025-03-21 10:23:31,wallet_152,0.02270338,Incoming,1,1,wallet_403
2025-03-21 11:09:30,wallet_126,0.01482318,Outgoing,1,2,wallet_394
2025-03-21 11:09:30,wallet_394,0.01482318,Incoming,1,2,wallet_126
2025-03-21 13:57:45,wallet_159,0.05579948,Outgoing,1,2,wallet_212
2025-03-21 13:57:45,wallet_212,0.05579948,Incoming,1,2,wallet_159
2025-03-21 18:28:59,wallet_163,0.03443491,Outgoing,1,2,wallet_097
2025-03-21 18:28:59,wallet_097,0.03443491,Incoming,1,2,wallet_163
2025-03-21 20:42:48,wallet_149,0.0553506,Outgoing,1,2,wallet_143
2025-03-21 20:42:48,wallet_143,0.0553506,Incoming,1,2,wallet_149
2025-03-21 22:52:57,wallet_346,0.01572492,Outgoing,1,1,wallet_385
2025-03-21 22:52:57,wallet_385,0.01572492,Incoming,1,1,wallet_346
2025-03-22 06:49:09,wallet_380,0.01903609,Outgoing,1,2,wallet_237
2025-03-22 06:49:09,wallet_237,0.01903609,Incoming,1,2,wallet_380
2025-03-22 07:41:04,wallet_021,0.55021862,Outgoing,1,2,wallet_238
2025-03-22 07:41:04,wallet_238,0.55021862,Incoming,1,2,wallet_021
2025-03-22 08:33:13,wallet_323,0.01293897,Outgoing,2,1,wallet_388
2025-03-22 08:33:13,wallet_388,0.01293897,Incoming,2,1,wallet_323
2025-03-22 12:33:24,wallet_383,0.3281945,Outgoing,2,1,wallet_144
2025-03-22 12:33:24,wallet_144,0.3281945,Incoming,2,1,wallet_383
2025-03-22 14:03:36,wallet_279,0.32775193,Outgoing,2,1,wallet_370
2025-03-22 14:03:36,wallet_370,0.32775193,Incoming,2,1,wallet_279
2025-03-22 15:57:44,wallet_195,0.13542595,Outgoing,1,1,wallet_196
2025-03-22 15:57:44,wallet_196,0.13542595,Incoming,1,1,wallet_195
2025-03-22 22:00:16,wallet_319,0.03494849,Outgoing,1,1,wallet_280
2025-03-22 22:00:16,wallet_280,0.03494849,Incoming,1,1,wallet_319
2025-03-23 00:56:41,wallet_059,0.08657879,Outgoing,1,3,wallet_344
2025-03-23 00:56:41,wallet_344,0.08657879,Incoming,1,3,wallet_059
2025-03-23 07:30:07,wallet_119,0.11135795,Outgoing,1,2,wallet_405
2025-03-23 07:30:07,wallet_405,0.11135795,Incoming,1,2,wallet_119
2025-03-23 09:22:29,wallet_407,0.11357795,Outgoing,3,2,wallet_192
2025-03-23 09:22:29,wallet_192,0.11357795,Incoming,3,2,wallet_407
2025-03-23 09:52:54,wallet_158,0.01406892,Outgoing,1,2,wallet_205
2025-03-23 09:52:54,wallet_205,0.01406892,Incoming,1,2,wallet_158
2025-03-23 11:34:16,wallet_248,0.05324342,Outgoing,1,2,wallet_076
2025-03-23 11:34:16,wallet_076,0.05324342,Incoming,1,2,wallet_248
2025-03-23 13:27:57,wallet_394,0.02493478,Outgoing,4,2,wallet_126
2025-03-23 13:27:57,wallet_126,0.02493478,Incoming,4,2,wallet_394
2025-03-23 14:38:51,wallet_042,0.02949178,Outgoing,1,2,wallet_288
2025-03-23 14:38:51,wallet_288,0.02949178,Incoming,1,2,wallet_042
2025-03-23 14:52:54,wallet_208,0.01923373,Outgoing,1,1,wallet_016
2025-03-23 14:52:54,wallet_016,0.01923373,Incoming,1,1,wallet_208
2025-03-23 15:05:24,wallet_118,0.0302955,Outgoing,1,3,wallet_128
2025-03-23 15:05:24,wallet_128,0.0302955,Incoming,1,3,wallet_118
2025-03-23 15:45:10,wallet_230,0.01319888,Outgoing,2,1,wallet_252
2025-03-23 15:45:10,wallet_252,0.01319888,Incoming,2,1,wallet_230
2025-03-23 16:48:14,wallet_064,0.0216717,Outgoing,1,2,wallet_396
2025-03-23 16:48:14,wallet_396,0.0216717,Incoming,1,2,wallet_064
2025-03-23 18:00:19,wallet_251,0.02698803,Outgoing,1,2,wallet_009
2025-03-23 18:00:19,wallet_009,0.02698803,Incoming,1,2,wallet_251
2025-03-23 18:03:05,wallet_105,0.22280692,Outgoing,1,2,wallet_068
2025-03-23 18:03:05,wallet_068,0.22280692,Incoming,1,2,wallet_105
2025-03-23 18:38:28,wallet_158,0.01133217,Outgoing,1,2,wallet_018
2025-03-23 18:38:28,wallet_018,0.01133217,Incoming,1,2,wallet_158
2025-03-23 20:23:52,wallet_140,0.05038507,Outgoing,2,1,wallet_152
2025-03-23 20:23:52,wallet_152,0.05038507,Incoming,2,1,wallet_140
2025-03-23 21:53:28,wallet_156,0.01646688,Outgoing,4,2,wallet_158
2025-03-23 21:53:28,wallet_158,0.01646688,Incoming,4,2,wallet_156
2025-03-24 09:25:55,wallet_267,0.10914761,Outgoing,4,1,wallet_025
2025-03-24 09:25:55,wallet_025,0.10914761,Incoming,4,1,wallet_267
2025-03-24 10:18:01,wallet_003,0.03145978,Outgoing,1,1,wallet_319
2025-03-24 10:18:01,wallet_319,0.03145978,Incoming,1,1,wallet_003
2025-03-24 10:28:38,wallet_317,0.02042337,Outgoing,1,2,wallet_133
2025-03-24 10:28:38,wallet_133,0.02042337,Incoming,1,2,wallet_317
2025-03-24 11:11:44,wallet_227,0.00467444,Outgoing,4,3,wallet_045
2025-03-24 11:11:44,wallet_045,0.00467444,Incoming,4,3,wallet_227
2025-03-24 11:53:45,wallet_068,0.17907002,Outgoing,2,2,wallet_119
2025-03-24 11:53:45,wallet_119,0.17907002,Incoming,2,2,wallet_068
2025-03-24 16:01:39,wallet_189,0.10113555,Outgoing,3,2,wallet_182
2025-03-24 16:01:39,wallet_182,0.10113555,Incoming,3,2,wallet_189
2025-03-24 17:00:45,wallet_361,0.05090688,Outgoing,3,1,wallet_013
2025-03-24 17:00:45,wallet_013,0.05090688,Incoming,3,1,wallet_361
2025-03-24 18:21:29,wallet_319,0.04100205,Outgoing,1,2,wallet_272
2025-03-24 18:21:29,wallet_272,0.04100205,Incoming,1,2,wallet_319
2025-03-24 18:31:03,wallet_054,0.05991765,Outgoing,1,3,wallet_236
2025-03-24 18:31:03,wallet_236,0.05991765,Incoming,1,3,wallet_054
2025-03-24 19:51:55,wallet_251,0.18402582,Outgoing,3,1,wallet_196
2025-03-24 19:51:55,wallet_196,0.18402582,Incoming,3,1,wallet_251
2025-03-25 00:18:32,wallet_284,0.03105799,Outgoing,2,3,wallet_402
2025-03-25 00:18:32,wallet_402,0.03105799,Incoming,2,3,wallet_284
2025-03-25 06:08:19,wallet_410,0.01844784,Outgoing,1,2,wallet_307
2025-03-25 06:08:19,wallet_307,0.01844784,Incoming,1,2,wallet_410
2025-03-25 06:42:12,wallet_078,0.02051147,Outgoing,1,1,wallet_396
2025-03-25 06:42:12,wallet_396,0.02051147,Incoming,1,1,wallet_078
2025-03-25 08:15:39,wallet_392,0.02999416,Outgoing,1,2,wallet_320
2025-03-25 08:15:39,wallet_320,0.02999416,Incoming,1,2,wallet_392
2025-03-25 09:15:59,wallet_041,0.05013143,Outgoing,1,1,wallet_139
2025-03-25 09:15:59,wallet_139,0.05013143,Incoming,1,1,wallet_041
2025-03-25 10:39:12,wallet_078,0.0292628,Outgoing,1,1,wallet_362
2025-03-25 10:39:12,wallet_362,0.0292628,Incoming,1,1,wallet_078
2025-03-25 12:09:01,wallet_129,0.03890441,Outgoing,4,2,wallet_372
2025-03-25 12:09:01,wallet_372,0.03890441,Incoming,4,2,wallet_129
2025-03-25 15:41:25,wallet_365,0.04458852,Outgoing,1,2,wallet_167
2025-03-25 15:41:25,wallet_167,0.04458852,Incoming,1,2,wallet_365
2025-03-25 15:51:04,wallet_408,0.08967993,Outgoing,1,1,wallet_343
2025-03-25 15:51:04,wallet_343,0.08967993,Incoming,1,1,wallet_408
2025-03-25 17:52:05,wallet_100,0.10192277,Outgoing,1,2,wallet_262
2025-03-25 17:52:05,wallet_262,0.10192277,Incoming,1,2,wallet_100
2025-03-25 17:56:20,wallet_393,0.06100554,Outgoing,4,2,wallet_016
2025-03-25 17:56:20,wallet_016,0.06100554,Incoming,4,2,wallet_393
2025-03-25 18:29:34,wallet_397,0.02648307,Outgoing,1,2,wallet_006
2025-03-25 18:29:34,wallet_006,0.02648307,Incoming,1,2,wallet_397
2025-03-25 18:48:58,wallet_121,0.0726987,Outgoing,3,2,wallet_036
2025-03-25 18:48:58,wallet_036,0.0726987,Incoming,3,2,wallet_121
2025-03-25 19:39:52,wallet_410,0.89806325,Outgoing,2,1,wallet_393
2025-03-25 19:39:52,wallet_393,0.89806325,Incoming,2,1,wallet_410
2025-03-26 03:50:03,wallet_344,0.17764371,Outgoing,1,2,wallet_306
2025-03-26 03:50:03,wallet_306,0.17764371,Incoming,1,2,wallet_344
2025-03-26 08:15:28,wallet_082,1.27492143,Outgoing,1,1,wallet_310
2025-03-26 08:15:28,wallet_310,1.27492143,Incoming,1,1,wallet_082
2025-03-26 08:23:11,wallet_310,1.25856577,Outgoing,2,2,wallet_322
2025-03-26 08:23:11,wallet_322,1.25856577,Incoming,2,2,wallet_310
2025-03-26 08:47:14,wallet_322,1.23293553,Outgoing,2,2,wallet_323
2025-03-26 08:47:14,wallet_323,1.23293553,Incoming,2,2,wallet_322
2025-03-26 11:44:51,wallet_105,0.05912165,Outgoing,2,1,wallet_350
2025-03-26 11:44:51,wallet_350,0.05912165,Incoming,2,1,wallet_105
2025-03-26 11:53:42,wallet_142,0.04840889,Outgoing,1,1,wallet_321
2025-03-26 11:53:42,wallet_321,0.04840889,Incoming,1,1,wallet_142
2025-03-26 12:38:23,wallet_068,0.0901926,Outgoing,1,3,wallet_244
2025-03-26 12:38:23,wallet_244,0.0901926,Incoming,1,3,wallet_068
2025-03-26 15:34:30,wallet_344,0.08752461,Outgoing,1,2,wallet_102
2025-03-26 15:34:30,wallet_102,0.08752461,Incoming,1,2,wallet_344
2025-03-26 16:08:27,wallet_367,0.02738799,Outgoing,2,1,wallet_182
2025-03-26 16:08:27,wallet_182,0.02738799,Incoming,2,1,wallet_367
2025-03-26 16:42:38,wallet_192,0.13434417,Outgoing,1,2,wallet_124
2025-03-26 16:42:38,wallet_124,0.13434417,Incoming,1,2,wallet_192
2025-03-26 16:48:09,wallet_130,0.06680318,Outgoing,2,2,wallet_152
2025-03-26 16:48:09,wallet_152,0.06680318,Incoming,2,2,wallet_130
2025-03-26 17:17:13,wallet_009,0.01455309,Outgoing,2,2,wallet_251
2025-03-26 17:17:13,wallet_251,0.01455309,Incoming,2,2,wallet_009
2025-03-26 17:33:39,wallet_336,0.10705007,Outgoing,3,2,wallet_111
2025-03-26 17:33:39,wallet_111,0.10705007,Incoming,3,2,wallet_336
2025-03-26 18:31:08,wallet_095,0.01096518,Outgoing,1,1,wallet_047
2025-03-26 18:31:08,wallet_047,0.01096518,Incoming,1,1,wallet_095
2025-03-26 18:36:52,wallet_076,0.10040862,Outgoing,1,1,wallet_248
2025-03-26 18:36:52,wallet_248,0.10040862,Incoming,1,1,wallet_076
2025-03-26 21:59:09,wallet_323,0.04347915,Outgoing,1,2,wallet_388
2025-03-26 21:59:09,wallet_388,0.04347915,Incoming,1,2,wallet_323
2025-03-27 01:31:15,wallet_323,0.01002195,Outgoing,1,1,wallet_410
2025-03-27 01:31:15,wallet_410,0.01002195,Incoming,1,1,wallet_323
2025-03-27 07:13:24,wallet_349,0.19739385,Outgoing,1,2,wallet_407
2025-03-27 07:13:24,wallet_407,0.19739385,Incoming,1,2,wallet_349
2025-03-27 08:31:50,wallet_011,0.02041504,Outgoing,1,3,wallet_063
2025-03-27 08:31:50,wallet_063,0.02041504,Incoming,1,3,wallet_011
2025-03-27 09:16:22,wallet_201,0.21105561,Outgoing,1,1,wallet_068
2025-03-27 09:16:22,wallet_068,0.21105561,Incoming,1,1,wallet_201
2025-03-27 09:59:22,wallet_383,0.27625791,Outgoing,1,3,wallet_183
2025-03-27 09:59:22,wallet_183,0.27625791,Incoming,1,3,wallet_383
2025-03-27 11:01:30,wallet_367,0.01200998,Outgoing,1,2,wallet_188
2025-03-27 11:01:30,wallet_188,0.01200998,Incoming,1,2,wallet_367
2025-03-27 12:49:09,wallet_388,0.04857906,Outgoing,1,2,wallet_232
2025-03-27 12:49:09,wallet_232,0.04857906,Incoming,1,2,wallet_388
2025-03-27 13:39:53,wallet_160,0.0339064,Outgoing,1,2,wallet_145
2025-03-27 13:39:53,wallet_145,0.0339064,Incoming,1,2,wallet_160
2025-03-27 14:35:13,wallet_025,0.15109237,Outgoing,2,1,wallet_133
2025-03-27 14:35:13,wallet_133,0.15109237,Incoming,2,1,wallet_025
2025-03-27 15:28:50,wallet_398,0.01458702,Outgoing,1,1,wallet_392
2025-03-27 15:28:50,wallet_392,0.01458702,Incoming,1,1,wallet_398
2025-03-27 16:06:21,wallet_047,0.01121542,Outgoing,1,2,wallet_095
2025-03-27 16:06:21,wallet_095,0.01121542,Incoming,1,2,wallet_047
2025-03-27 17:23:53,wallet_104,0.01336896,Outgoing,4,1,wallet_056
2025-03-27 17:23:53,wallet_056,0.01336896,Incoming,4,1,wallet_104
2025-03-27 19:07:44,wallet_119,0.19369723,Outgoing,1,2,wallet_068
2025-03-27 19:07:44,wallet_068,0.19369723,Incoming,1,2,wallet_119
2025-03-27 21:28:28,wallet_122,0.04969063,Outgoing,3,1,wallet_342
2025-03-27 21:28:28,wallet_342,0.04969063,Incoming,3,1,wallet_122
2025-03-27 21:59:09,wallet_404,0.14278502,Outgoing,2,3,wallet_366
2025-03-27 21:59:09,wallet_366,0.14278502,Incoming,2,3,wallet_404
2025-03-27 22:20:32,wallet_207,0.16108375,Outgoing,2,2,wallet_168
2025-03-27 22:20:32,wallet_168,0.16108375,Incoming,2,2,wallet_207
2025-03-28 02:41:23,wallet_091,0.07506394,Outgoing,2,2,wallet_408
2025-03-28 02:41:23,wallet_408,0.07506394,Incoming,2,2,wallet_091
2025-03-28 05:31:31,wallet_252,0.02653154,Outgoing,1,2,wallet_109
2025-03-28 05:31:31,wallet_109,0.02653154,Incoming,1,2,wallet_252
2025-03-28 08:23:25,wallet_173,0.01270687,Outgoing,1,3,wallet_391
2025-03-28 08:23:25,wallet_391,0.01270687,Incoming,1,3,wallet_173
2025-03-28 10:11:08,wallet_034,0.03255595,Outgoing,1,2,wallet_317
2025-03-28 10:11:08,wallet_317,0.03255595,Incoming,1,2,wallet_034
2025-03-28 12:29:13,wallet_378,0.03034708,Outgoing,1,2,wallet_088
2025-03-28 12:29:13,wallet_088,0.03034708,Incoming,1,2,wallet_378
2025-03-28 14:09:33,wallet_143,0.04749424,Outgoing,3,1,wallet_313
2025-03-28 14:09:33,wallet_313,0.04749424,Incoming,3,1,wallet_143
2025-03-28 14:39:59,wallet_362,0.06565457,Outgoing,1,1,wallet_289
2025-03-28 14:39:59,wallet_289,0.06565457,Incoming,1,1,wallet_362
2025-03-28 15:00:09,wallet_251,0.25097728,Outgoing,1,2,wallet_197
2025-03-28 15:00:09,wallet_197,0.25097728,Incoming,1,2,wallet_251
2025-03-28 15:09:49,wallet_041,0.03593552,Outgoing,3,1,wallet_095
2025-03-28 15:09:49,wallet_095,0.03593552,Incoming,3,1,wallet_041
2025-03-28 15:56:01,wallet_294,0.0521598,Outgoing,1,2,wallet_053
2025-03-28 15:56:01,wallet_053,0.0521598,Incoming,1,2,wallet_294
2025-03-28 16:04:45,wallet_145,0.03580845,Outgoing,1,1,wallet_177
2025-03-28 16:04:45,wallet_177,0.03580845,Incoming,1,1,wallet_145
2025-03-28 18:04:23,wallet_123,0.0387258,Outgoing,3,1,wallet_228
2025-03-28 18:04:23,wallet_228,0.0387258,Incoming,3,1,wallet_123
2025-03-28 19:17:59,wallet_104,0.03192914,Outgoing,1,1,wallet_088
2025-03-28 19:17:59,wallet_088,0.03192914,Incoming,1,1,wallet_104
2025-03-28 20:49:05,wallet_169,0.05242051,Outgoing,2,1,wallet_081
2025-03-28 20:49:05,wallet_081,0.05242051,Incoming,2,1,wallet_169
2025-03-28 20:54:20,wallet_405,0.09124917,Outgoing,1,1,wallet_081
2025-03-28 20:54:20,wallet_081,0.09124917,Incoming,1,1,wallet_405
2025-03-28 21:02:36,wallet_351,0.20161599,Outgoing,1,2,wallet_081
2025-03-28 21:02:36,wallet_081,0.20161599,Incoming,1,2,wallet_351
2025-03-28 21:10:16,wallet_197,0.22511344,Outgoing,1,1,wallet_394
2025-03-28 21:10:16,wallet_394,0.22511344,Incoming,1,1,wallet_197
2025-03-28 21:19:57,wallet_268,0.59870673,Outgoing,2,2,wallet_081
2025-03-28 21:19:57,wallet_081,0.59870673,Incoming,2,2,wallet_268
2025-03-28 21:48:22,wallet_184,0.58182093,Outgoing,2,2,wallet_081
2025-03-28 21:48:22,wallet_081,0.58182093,Incoming,2,2,wallet_184
2025-03-28 22:06:07,wallet_162,0.46227794,Outgoing,2,1,wallet_081
2025-03-28 22:06:07,wallet_081,0.46227794,Incoming,2,1,wallet_162
2025-03-28 22:38:30,wallet_295,0.320095,Outgoing,1,2,wallet_081
2025-03-28 22:38:30,wallet_081,0.320095,Incoming,1,2,wallet_295
2025-03-28 22:52:57,wallet_129,0.03274531,Outgoing,1,2,wallet_275
2025-03-28 22:52:57,wallet_275,0.03274531,Incoming,1,2,wallet_129
2025-03-28 22:54:28,wallet_382,0.57546022,Outgoing,1,2,wallet_081
2025-03-28 22:54:28,wallet_081,0.57546022,Incoming,1,2,wallet_382
2025-03-28 23:06:44,wallet_097,0.1531423,Outgoing,1,1,wallet_081
2025-03-28 23:06:44,wallet_081,0.1531423,Incoming,1,1,wallet_097
2025-03-28 23:45:26,wallet_088,0.46690097,Outgoing,1,2,wallet_081
2025-03-28 23:45:26,wallet_081,0.46690097,Incoming,1,2,wallet_088
2025-03-28 23:58:47,wallet_181,0.0753357,Outgoing,1,1,wallet_081
2025-03-28 23:58:47,wallet_081,0.0753357,Incoming,1,1,wallet_181
2025-03-29 00:36:22,wallet_408,0.4513251,Outgoing,1,1,wallet_081
2025-03-29 00:36:22,wallet_081,0.4513251,Incoming,1,1,wallet_408
2025-03-29 01:05:10,wallet_116,0.28993559,Outgoing,1,1,wallet_081
2025-03-29 01:05:10,wallet_081,0.28993559,Incoming,1,1,wallet_116
2025-03-29 01:30:52,wallet_307,0.42453163,Outgoing,2,2,wallet_081
2025-03-29 01:30:52,wallet_081,0.42453163,Incoming,2,2,wallet_307
2025-03-29 02:13:29,wallet_036,0.2854155,Outgoing,2,1,wallet_081
2025-03-29 02:13:29,wallet_081,0.2854155,Incoming,2,1,wallet_036
2025-03-29 04:24:24,wallet_081,4.97993092,Outgoing,12,2,wallet_255
2025-03-29 04:24:24,wallet_255,4.97993092,Incoming,12,2,wallet_081
2025-03-29 05:46:13,wallet_142,0.02543183,Outgoing,1,2,wallet_169
2025-03-29 05:46:13,wallet_169,0.02543183,Incoming,1,2,wallet_142
2025-03-29 10:44:31,wallet_142,0.04035144,Outgoing,1,3,wallet_163
2025-03-29 10:44:31,wallet_163,0.04035144,Incoming,1,3,wallet_142
2025-03-29 11:56:08,wallet_121,0.02010093,Outgoing,1,3,wallet_374
2025-03-29 11:56:08,wallet_374,0.02010093,Incoming,1,3,wallet_121
2025-03-29 13:47:48,wallet_280,0.01059329,Outgoing,1,2,wallet_254
2025-03-29 13:47:48,wallet_254,0.01059329,Incoming,1,2,wallet_280
2025-03-29 14:12:22,wallet_061,0.00733407,Outgoing,3,2,wallet_056
2025-03-29 14:12:22,wallet_056,0.00733407,Incoming,3,2,wallet_061
2025-03-29 14:22:22,wallet_069,0.07261058,Outgoing,1,2,wallet_257
2025-03-29 14:22:22,wallet_257,0.07261058,Incoming,1,2,wallet_069
2025-03-29 15:34:38,wallet_344,0.06996985,Outgoing,1,2,wallet_295
2025-03-29 15:34:38,wallet_295,0.06996985,Incoming,1,2,wallet_344
2025-03-29 16:13:06,wallet_376,0.01716299,Outgoing,2,2,wallet_169
2025-03-29 16:13:06,wallet_169,0.01716299,Incoming,2,2,wallet_376
2025-03-29 16:26:00,wallet_237,0.02166955,Outgoing,2,1,wallet_055
2025-03-29 16:26:00,wallet_055,0.02166955,Incoming,2,1,wallet_237
2025-03-29 20:42:17,wallet_172,0.01464273,Outgoing,1,3,wallet_167
2025-03-29 20:42:17,wallet_167,0.01464273,Incoming,1,3,wallet_172
2025-03-30 06:39:53,wallet_072,0.90612072,Outgoing,1,3,wallet_348
2025-03-30 06:39:53,wallet_348,0.90612072,Incoming,1,3,wallet_072
2025-03-30 09:30:58,wallet_288,0.01992585,Outgoing,4,2,wallet_359
2025-03-30 09:30:58,wallet_359,0.01992585,Incoming,4,2,wallet_288
2025-03-30 10:34:05,wallet_274,0.07067316,Outgoing,1,1,wallet_241
2025-03-30 10:34:05,wallet_241,0.07067316,Incoming,1,1,wallet_274
2025-03-30 11:16:07,wallet_023,0.02375693,Outgoing,1,2,wallet_137
2025-03-30 11:16:07,wallet_137,0.02375693,Incoming,1,2,wallet_023
2025-03-30 13:06:43,wallet_209,0.08933387,Outgoing,1,2,wallet_238
2025-03-30 13:06:43,wallet_238,0.08933387,Incoming,1,2,wallet_209
2025-03-30 13:19:13,wallet_041,0.05679611,Outgoing,2,2,wallet_350
2025-03-30 13:19:13,wallet_350,0.05679611,Incoming,2,2,wallet_041
2025-03-30 14:05:11,wallet_268,0.11659677,Outgoing,1,1,wallet_360
2025-03-30 14:05:11,wallet_360,0.11659677,Incoming,1,1,wallet_268
2025-03-30 14:17:07,wallet_177,0.04001217,Outgoing,1,3,wallet_139
2025-03-30 14:17:07,wallet_139,0.04001217,Incoming,1,3,wallet_177
2025-03-30 16:48:52,wallet_380,0.14566239,Outgoing,3,2,wallet_350
2025-03-30 16:48:52,wallet_350,0.14566239,Incoming,3,2,wallet_380
2025-03-30 17:37:36,wallet_127,0.010869,Outgoing,1,2,wallet_124
2025-03-30 17:37:36,wallet_124,0.010869,Incoming,1,2,wallet_127
2025-03-30 17:55:55,wallet_401,0.00804726,Outgoing,1,2,wallet_040
2025-03-30 17:55:55,wallet_040,0.00804726,Incoming,1,2,wallet_401
2025-03-31 00:56:32,wallet_371,0.17643066,Outgoing,1,2,wallet_350
2025-03-31 00:56:32,wallet_350,0.17643066,Incoming,1,2,wallet_371
2025-03-31 04:28:24,wallet_236,0.0515886,Outgoing,1,1,wallet_069
2025-03-31 04:28:24,wallet_069,0.0515886,Incoming,1,1,wallet_236
2025-03-31 05:33:16,wallet_396,0.04459229,Outgoing,1,1,wallet_078
2025-03-31 05:33:16,wallet_078,0.04459229,Incoming,1,1,wallet_396
2025-03-31 06:28:04,wallet_068,0.06705696,Outgoing,2,2,wallet_105
2025-03-31 06:28:04,wallet_105,0.06705696,Incoming,2,2,wallet_068
2025-03-31 06:44:11,wallet_228,0.02413221,Outgoing,3,2,wallet_294
2025-03-31 06:44:11,wallet_294,0.02413221,Incoming,3,2,wallet_228
2025-03-31 09:21:27,wallet_087,0.28527078,Outgoing,2,2,wallet_184
2025-03-31 09:21:27,wallet_184,0.28527078,Incoming,2,2,wallet_087
2025-03-31 10:14:25,wallet_004,0.01141185,Outgoing,1,2,wallet_169
2025-03-31 10:14:25,wallet_169,0.01141185,Incoming,1,2,wallet_004
2025-03-31 12:32:50,wallet_173,0.01015541,Outgoing,3,2,wallet_166
2025-03-31 12:32:50,wallet_166,0.01015541,Incoming,3,2,wallet_173
2025-03-31 15:25:27,wallet_402,0.04467499,Outgoing,1,2,wallet_142
2025-03-31 15:25:27,wallet_142,0.04467499,Incoming,1,2,wallet_402
2025-03-31 19:08:15,wallet_027,0.07638109,Outgoing,3,1,wallet_268
2025-03-31 19:08:15,wallet_268,0.07638109,Incoming,3,1,wallet_027
2025-04-01 09:26:00,wallet_296,0.05420896,Outgoing,1,1,wallet_228
2025-04-01 09:26:00,wallet_228,0.05420896,Incoming,1,1,wallet_296
2025-04-01 10:02:26,wallet_355,0.08351297,Outgoing,1,2,wallet_198
2025-04-01 10:02:26,wallet_198,0.08351297,Incoming,1,2,wallet_355
2025-04-01 10:13:00,wallet_369,0.14346386,Outgoing,1,2,wallet_288
2025-04-01 10:13:00,wallet_288,0.14346386,Incoming,1,2,wallet_369
2025-04-01 10:33:15,wallet_320,0.00826379,Outgoing,1,2,wallet_304
2025-04-01 10:33:15,wallet_304,0.00826379,Incoming,1,2,wallet_320
2025-04-01 11:09:00,wallet_369,0.07300374,Outgoing,1,2,wallet_189
2025-04-01 11:09:00,wallet_189,0.07300374,Incoming,1,2,wallet_369
2025-04-01 11:13:39,wallet_407,0.08807885,Outgoing,3,2,wallet_192
2025-04-01 11:13:39,wallet_192,0.08807885,Incoming,3,2,wallet_407
2025-04-01 11:40:00,wallet_296,0.02327925,Outgoing,2,1,wallet_257
2025-04-01 11:40:00,wallet_257,0.02327925,Incoming,2,1,wallet_296
2025-04-01 11:44:34,wallet_133,0.02407047,Outgoing,1,2,wallet_317
2025-04-01 11:44:34,wallet_317,0.02407047,Incoming,1,2,wallet_133
2025-04-01 11:45:00,wallet_296,0.13030894,Outgoing,3,2,wallet_083
2025-04-01 11:45:00,wallet_083,0.13030894,Incoming,3,2,wallet_296
2025-04-01 12:26:00,wallet_296,0.04036628,Outgoing,3,1,wallet_239
2025-04-01 12:26:00,wallet_239,0.04036628,Incoming,3,1,wallet_296
2025-04-01 13:10:08,wallet_207,0.04989854,Outgoing,1,2,wallet_268
2025-04-01 13:10:08,wallet_268,0.04989854,Incoming,1,2,wallet_207
2025-04-01 13:17:44,wallet_078,0.03002101,Outgoing,1,1,wallet_396
2025-04-01 13:17:44,wallet_396,0.03002101,Incoming,1,1,wallet_078
2025-04-01 13:53:00,wallet_369,0.07066057,Outgoing,4,3,wallet_340
2025-04-01 13:53:00,wallet_340,0.07066057,Incoming,4,3,wallet_369
2025-04-01 14:15:13,wallet_309,0.0180004,Outgoing,2,3,wallet_147
2025-04-01 14:15:13,wallet_147,0.0180004,Incoming,2,3,wallet_309
2025-04-01 15:27:44,wallet_402,0.0086182,Outgoing,1,3,wallet_056
2025-04-01 15:27:44,wallet_056,0.0086182,Incoming,1,3,wallet_402
2025-04-01 15:36:00,wallet_369,0.0520217,Outgoing,1,1,wallet_078
2025-04-01 15:36:00,wallet_078,0.0520217,Incoming,1,1,wallet_369
2025-04-01 15:53:00,wallet_369,0.08336681,Outgoing,1,2,wallet_386
2025-04-01 15:53:00,wallet_386,0.08336681,Incoming,1,2,wallet_369
2025-04-01 16:34:59,wallet_368,0.05849617,Outgoing,4,1,wallet_109
2025-04-01 16:34:59,wallet_109,0.05849617,Incoming,4,1,wallet_368
2025-04-01 16:38:54,wallet_388,0.05796354,Outgoing,1,2,wallet_391
2025-04-01 16:38:54,wallet_391,0.05796354,Incoming,1,2,wallet_388
2025-04-01 17:13:02,wallet_410,0.07173742,Outgoing,1,2,wallet_388
2025-04-01 17:13:02,wallet_388,0.07173742,Incoming,1,2,wallet_410
2025-04-01 17:24:37,wallet_048,0.00817688,Outgoing,2,3,wallet_105
2025-04-01 17:24:37,wallet_105,0.00817688,Incoming,2,3,wallet_048
2025-04-01 18:20:46,wallet_288,0.0146704,Outgoing,1,2,wallet_269
2025-04-01 18:20:46,wallet_269,0.0146704,Incoming,1,2,wallet_288
2025-04-01 18:38:03,wallet_318,0.19345092,Outgoing,2,2,wallet_049
2025-04-01 18:38:03,wallet_049,0.19345092,Incoming,2,2,wallet_318
2025-04-01 20:50:12,wallet_340,0.05847121,Outgoing,3,1,wallet_248
2025-04-01 20:50:12,wallet_248,0.05847121,Incoming,3,1,wallet_340
2025-04-02 06:30:09,wallet_049,0.146421,Outgoing,2,2,wallet_261
2025-04-02 06:30:09,wallet_261,0.146421,Incoming,2,2,wallet_049
2025-04-02 10:45:00,wallet_369,0.11412574,Outgoing,1,2,wallet_021
2025-04-02 10:45:00,wallet_021,0.11412574,Incoming,1,2,wallet_369
2025-04-02 12:27:40,wallet_396,0.88925025,Outgoing,3,2,wallet_297
2025-04-02 12:27:40,wallet_297,0.88925025,Incoming,3,2,wallet_396
2025-04-02 12:37:58,wallet_013,0.07876248,Outgoing,4,2,wallet_004
2025-04-02 12:37:58,wallet_004,0.07876248,Incoming,4,2,wallet_013
2025-04-02 12:47:00,wallet_296,0.12225978,Outgoing,1,1,wallet_110
2025-04-02 12:47:00,wallet_110,0.12225978,Incoming,1,1,wallet_296
2025-04-02 12:59:41,wallet_272,0.0145192,Outgoing,2,2,wallet_254
2025-04-02 12:59:41,wallet_254,0.0145192,Incoming,2,2,wallet_272
2025-04-02 13:14:43,wallet_010,0.06287867,Outgoing,3,2,wallet_388
2025-04-02 13:14:43,wallet_388,0.06287867,Incoming,3,2,wallet_010
2025-04-02 13:19:55,wallet_091,0.03803734,Outgoing,1,2,wallet_182
2025-04-02 13:19:55,wallet_182,0.03803734,Incoming,1,2,wallet_091
2025-04-02 13:24:00,wallet_296,0.1358424,Outgoing,1,2,wallet_184
2025-04-02 13:24:00,wallet_184,0.1358424,Incoming,1,2,wallet_296
2025-04-02 14:48:59,wallet_043,0.07657388,Outgoing,4,2,wallet_268
2025-04-02 14:48:59,wallet_268,0.07657388,Incoming,4,2,wallet_043
2025-04-02 14:49:00,wallet_132,0.03382506,Outgoing,3,2,wallet_317
2025-04-02 14:49:00,wallet_317,0.03382506,Incoming,3,2,wallet_132
2025-04-02 16:35:17,wallet_162,0.01481667,Outgoing,2,2,wallet_372
2025-04-02 16:35:17,wallet_372,0.01481667,Incoming,2,2,wallet_162
2025-04-02 17:09:04,wallet_145,0.03477779,Outgoing,3,2,wallet_177
2025-04-02 17:09:04,wallet_177,0.03477779,Incoming,3,2,wallet_145
2025-04-02 20:57:12,wallet_248,0.05707519,Outgoing,2,2,wallet_109
2025-04-02 20:57:12,wallet_109,0.05707519,Incoming,2,2,wallet_248
2025-04-02 21:18:18,wallet_022,0.81578403,Outgoing,1,1,wallet_055
2025-04-02 21:18:18,wallet_055,0.81578403,Incoming,1,1,wallet_022
2025-04-02 22:12:45,wallet_140,6.71915856,Outgoing,1,1,wallet_293
2025-04-02 22:12:45,wallet_293,6.71915856,Incoming,1,1,wallet_140
2025-04-02 22:31:58,wallet_293,6.64766971,Outgoing,1,2,wallet_108
2025-04-02 22:31:58,wallet_108,6.64766971,Incoming,1,2,wallet_293
2025-04-02 22:37:05,wallet_108,6.46145278,Outgoing,2,2,wallet_157
2025-04-02 22:37:05,wallet_157,6.46145278,Incoming,2,2,wallet_108
2025-04-02 22:46:09,wallet_157,6.39071167,Outgoing,2,1,wallet_308
2025-04-02 22:46:09,wallet_308,6.39071167,Incoming,2,1,wallet_157
2025-04-03 00:26:33,wallet_169,0.02483379,Outgoing,1,2,wallet_376
2025-04-03 00:26:33,wallet_376,0.02483379,Incoming,1,2,wallet_169
2025-04-03 07:57:31,wallet_072,0.01693261,Outgoing,1,2,wallet_328
2025-04-03 07:57:31,wallet_328,0.01693261,Incoming,1,2,wallet_072
2025-04-03 08:11:52,wallet_217,0.0700294,Outgoing,1,3,wallet_262
2025-04-03 08:11:52,wallet_262,0.0700294,Incoming,1,3,wallet_217
2025-04-03 09:16:24,wallet_107,0.04644827,Outgoing,1,2,wallet_182
2025-04-03 09:16:24,wallet_182,0.04644827,Incoming,1,2,wallet_107
2025-04-03 09:31:00,wallet_296,0.02240424,Outgoing,2,2,wallet_119
2025-04-03 09:31:00,wallet_119,0.02240424,Incoming,2,2,wallet_296
2025-04-03 09:34:33,wallet_099,0.09949721,Outgoing,1,2,wallet_114
2025-04-03 09:34:33,wallet_114,0.09949721,Incoming,1,2,wallet_099
2025-04-03 09:43:04,wallet_286,0.09660347,Outgoing,4,2,wallet_068
2025-04-03 09:43:04,wallet_068,0.09660347,Incoming,4,2,wallet_286
2025-04-03 10:21:06,wallet_314,0.04023013,Outgoing,1,2,wallet_251
2025-04-03 10:21:06,wallet_251,0.04023013,Incoming,1,2,wallet_314
2025-04-03 10:52:31,wallet_316,0.01243251,Outgoing,1,2,wallet_261
2025-04-03 10:52:31,wallet_261,0.01243251,Incoming,1,2,wallet_316
2025-04-03 13:11:00,wallet_296,0.06760587,Outgoing,1,2,wallet_111
2025-04-03 13:11:00,wallet_111,0.06760587,Incoming,1,2,wallet_296
2025-04-03 13:48:32,wallet_279,0.19121853,Outgoing,3,1,wallet_074
2025-04-03 13:48:32,wallet_074,0.19121853,Incoming,3,1,wallet_279
2025-04-03 14:28:57,wallet_251,0.15784143,Outgoing,1,2,wallet_050
2025-04-03 14:28:57,wallet_050,0.15784143,Incoming,1,2,wallet_251
2025-04-03 14:33:00,wallet_369,0.09577212,Outgoing,1,3,wallet_219
2025-04-03 14:33:00,wallet_219,0.09577212,Incoming,1,3,wallet_369
2025-04-03 14:41:00,wallet_369,0.09720662,Outgoing,1,1,wallet_275
2025-04-03 14:41:00,wallet_275,0.09720662,Incoming,1,1,wallet_369
2025-04-03 16:27:53,wallet_040,0.3154862,Outgoing,2,1,wallet_221
2025-04-03 16:27:53,wallet_221,0.3154862,Incoming,2,1,wallet_040
2025-04-03 17:02:32,wallet_218,0.09426205,Outgoing,2,3,wallet_210
2025-04-03 17:02:32,wallet_210,0.09426205,Incoming,2,3,wallet_218
2025-04-03 17:40:12,wallet_352,0.09439329,Outgoing,1,2,wallet_230
2025-04-03 17:40:12,wallet_230,0.09439329,Incoming,1,2,wallet_352
2025-04-03 17:59:19,wallet_346,0.06057366,Outgoing,2,2,wallet_268
2025-04-03 17:59:19,wallet_268,0.06057366,Incoming,2,2,wallet_346
2025-04-03 21:54:33,wallet_009,0.01953651,Outgoing,1,2,wallet_179
2025-04-03 21:54:33,wallet_179,0.01953651,Incoming,1,2,wallet_009
2025-04-04 00:01:58,wallet_113,0.01667568,Outgoing,1,1,wallet_146
2025-04-04 00:01:58,wallet_146,0.01667568,Incoming,1,1,wallet_113
2025-04-04 08:22:48,wallet_228,0.01291793,Outgoing,1,2,wallet_014
2025-04-04 08:22:48,wallet_014,0.01291793,Incoming,1,2,wallet_228
2025-04-04 08:23:37,wallet_163,0.04996584,Outgoing,1,2,wallet_130
2025-04-04 08:23:37,wallet_130,0.04996584,Incoming,1,2,wallet_163
2025-04-04 08:57:18,wallet_251,0.05155422,Outgoing,2,1,wallet_278
2025-04-04 08:57:18,wallet_278,0.05155422,Incoming,2,1,wallet_251
2025-04-04 09:51:00,wallet_215,0.04263247,Outgoing,1,2,wallet_239
2025-04-04 09:51:00,wallet_239,0.04263247,Incoming,1,2,wallet_215
2025-04-04 11:16:35,wallet_402,0.03706791,Outgoing,2,3,wallet_332
2025-04-04 11:16:35,wallet_332,0.03706791,Incoming,2,3,wallet_402
2025-04-04 13:06:47,wallet_187,0.01976667,Outgoing,1,1,wallet_037
2025-04-04 13:06:47,wallet_037,0.01976667,Incoming,1,1,wallet_187
2025-04-04 13:09:06,wallet_158,0.02226487,Outgoing,1,2,wallet_146
2025-04-04 13:09:06,wallet_146,0.02226487,Incoming,1,2,wallet_158
2025-04-04 13:59:31,wallet_151,0.02145471,Outgoing,1,2,wallet_357
2025-04-04 13:59:31,wallet_357,0.02145471,Incoming,1,2,wallet_151
2025-04-04 14:51:03,wallet_139,0.0403544,Outgoing,1,2,wallet_152
2025-04-04 14:51:03,wallet_152,0.0403544,Incoming,1,2,wallet_139
2025-04-04 15:29:36,wallet_166,0.01438908,Outgoing,1,2,wallet_238
2025-04-04 15:29:36,wallet_238,0.01438908,Incoming,1,2,wallet_166
2025-04-04 16:10:56,wallet_188,0.01229864,Outgoing,1,1,wallet_170
2025-04-04 16:10:56,wallet_170,0.01229864,Incoming,1,1,wallet_188
2025-04-04 17:40:50,wallet_064,0.02443214,Outgoing,1,1,wallet_078
2025-04-04 17:40:50,wallet_078,0.02443214,Incoming,1,1,wallet_064
2025-04-04 21:26:09,wallet_298,0.04768799,Outgoing,2,1,wallet_062
2025-04-04 21:26:09,wallet_062,0.04768799,Incoming,2,1,wallet_298
2025-04-04 22:28:15,wallet_123,0.03120964,Outgoing,3,1,wallet_228
2025-04-04 22:28:15,wallet_228,0.03120964,Incoming,3,1,wallet_123
2025-04-04 22:54:04,wallet_367,0.01975487,Outgoing,1,2,wallet_343
2025-04-04 22:54:04,wallet_343,0.01975487,Incoming,1,2,wallet_367
2025-04-05 00:53:35,wallet_376,0.01228224,Outgoing,1,3,wallet_169
2025-04-05 00:53:35,wallet_169,0.01228224,Incoming,1,3,wallet_376
2025-04-05 01:33:25,wallet_021,0.02753851,Outgoing,1,2,wallet_400
2025-04-05 01:33:25,wallet_400,0.02753851,Incoming,1,2,wallet_021
2025-04-05 07:02:58,wallet_343,0.01281382,Outgoing,1,1,wallet_107
2025-04-05 07:02:58,wallet_107,0.01281382,Incoming,1,1,wallet_343
2025-04-05 09:32:12,wallet_043,0.15759269,Outgoing,1,1,wallet_360
2025-04-05 09:32:12,wallet_360,0.15759269,Incoming,1,1,wallet_043
2025-04-05 09:58:24,wallet_166,0.01377713,Outgoing,2,2,wallet_072
2025-04-05 09:58:24,wallet_072,0.01377713,Incoming,2,2,wallet_166
2025-04-05 10:50:08,wallet_402,0.07362407,Outgoing,1,2,wallet_061
2025-04-05 10:50:08,wallet_061,0.07362407,Incoming,1,2,wallet_402
2025-04-05 11:04:20,wallet_071,0.06888399,Outgoing,2,2,wallet_253
2025-04-05 11:04:20,wallet_253,0.06888399,Incoming,2,2,wallet_071
2025-04-05 11:33:53,wallet_122,0.07836454,Outgoing,1,3,wallet_342
2025-04-05 11:33:53,wallet_342,0.07836454,Incoming,1,3,wallet_122
2025-04-05 11:41:24,wallet_045,0.00595294,Outgoing,2,2,wallet_255
2025-04-05 11:41:24,wallet_255,0.00595294,Incoming,2,2,wallet_045
2025-04-05 14:48:13,wallet_301,5.49539224,Outgoing,2,2,wallet_080
2025-04-05 14:48:13,wallet_080,5.49539224,Incoming,2,2,wallet_301
2025-04-05 15:02:22,wallet_080,5.43671452,Outgoing,1,1,wallet_223
2025-04-05 15:02:22,wallet_223,5.43671452,Incoming,1,1,wallet_080
2025-04-05 15:16:01,wallet_223,5.39062289,Outgoing,1,2,wallet_188
2025-04-05 15:16:01,wallet_188,5.39062289,Incoming,1,2,wallet_223
2025-04-05 15:27:31,wallet_266,0.0448223,Outgoing,1,2,wallet_275
2025-04-05 15:27:31,wallet_275,0.0448223,Incoming,1,2,wallet_266
2025-04-05 16:55:08,wallet_244,0.03339777,Outgoing,1,3,wallet_306
2025-04-05 16:55:08,wallet_306,0.03339777,Incoming,1,3,wallet_244
2025-04-05 19:15:31,wallet_176,0.11941695,Outgoing,3,2,wallet_152
2025-04-05 19:15:31,wallet_152,0.11941695,Incoming,3,2,wallet_176
2025-04-05 20:09:24,wallet_271,0.14658922,Outgoing,1,1,wallet_267
2025-04-05 20:09:24,wallet_267,0.14658922,Incoming,1,1,wallet_271
2025-04-06 01:07:12,wallet_036,0.03470519,Outgoing,3,3,wallet_152
2025-04-06 01:07:12,wallet_152,0.03470519,Incoming,3,3,wallet_036
2025-04-06 03:02:43,wallet_221,0.1424161,Outgoing,1,2,wallet_162
2025-04-06 03:02:43,wallet_162,0.1424161,Incoming,1,2,wallet_221
2025-04-06 06:15:47,wallet_004,0.05672901,Outgoing,1,2,wallet_231
2025-04-06 06:15:47,wallet_231,0.05672901,Incoming,1,2,wallet_004
2025-04-06 07:55:42,wallet_163,0.02844534,Outgoing,1,1,wallet_146
2025-04-06 07:55:42,wallet_146,0.02844534,Incoming,1,1,wallet_163
2025-04-06 08:44:50,wallet_093,0.17039534,Outgoing,4,2,wallet_350
2025-04-06 08:44:50,wallet_350,0.17039534,Incoming,4,2,wallet_093
2025-04-06 08:47:31,wallet_112,0.00966911,Outgoing,1,1,wallet_228
2025-04-06 08:47:31,wallet_228,0.00966911,Incoming,1,1,wallet_112
2025-04-06 09:37:52,wallet_387,0.00556269,Outgoing,1,2,wallet_323
2025-04-06 09:37:52,wallet_323,0.00556269,Incoming,1,2,wallet_387
2025-04-06 11:44:40,wallet_248,0.0902216,Outgoing,4,2,wallet_083
2025-04-06 11:44:40,wallet_083,0.0902216,Incoming,4,2,wallet_248
2025-04-06 13:30:02,wallet_104,0.03512364,Outgoing,2,2,wallet_186
2025-04-06 13:30:02,wallet_186,0.03512364,Incoming,2,2,wallet_104
2025-04-06 17:50:52,wallet_300,0.21029787,Outgoing,1,2,wallet_389
2025-04-06 17:50:52,wallet_389,0.21029787,Incoming,1,2,wallet_300
2025-04-06 22:55:50,wallet_232,0.04286611,Outgoing,1,3,wallet_298
2025-04-06 22:55:50,wallet_298,0.04286611,Incoming,1,3,wallet_232
2025-04-07 00:16:33,wallet_301,0.61487221,Outgoing,1,1,wallet_377
2025-04-07 00:16:33,wallet_377,0.61487221,Incoming,1,1,wallet_301
2025-04-07 06:44:32,wallet_343,0.02013574,Outgoing,1,1,wallet_375
2025-04-07 06:44:32,wallet_375,0.02013574,Incoming,1,1,wallet_343
2025-04-07 07:04:02,wallet_099,0.15556765,Outgoing,4,2,wallet_152
2025-04-07 07:04:02,wallet_152,0.15556765,Incoming,4,2,wallet_099
2025-04-07 10:45:18,wallet_261,0.05905383,Outgoing,1,3,wallet_219
2025-04-07 10:45:18,wallet_219,0.05905383,Incoming,1,3,wallet_261
2025-04-07 11:51:39,wallet_398,0.14857113,Outgoing,2,2,wallet_049
2025-04-07 11:51:39,wallet_049,0.14857113,Incoming,2,2,wallet_398
2025-04-07 12:06:15,wallet_277,0.01482607,Outgoing,4,2,wallet_307
2025-04-07 12:06:15,wallet_307,0.01482607,Incoming,4,2,wallet_277
2025-04-07 12:19:55,wallet_324,0.1545368,Outgoing,2,2,wallet_252
2025-04-07 12:19:55,wallet_252,0.1545368,Incoming,2,2,wallet_324
2025-04-07 12:24:13,wallet_308,0.02498316,Outgoing,2,2,wallet_053
2025-04-07 12:24:13,wallet_053,0.02498316,Incoming,2,2,wallet_308
2025-04-07 13:17:20,wallet_227,0.06614848,Outgoing,1,2,wallet_152
2025-04-07 13:17:20,wallet_152,0.06614848,Incoming,1,2,wallet_227
2025-04-07 14:26:37,wallet_219,0.10678956,Outgoing,1,1,wallet_146
2025-04-07 14:26:37,wallet_146,0.10678956,Incoming,1,1,wallet_219
2025-04-07 16:13:28,wallet_129,0.02285603,Outgoing,2,2,wallet_040
2025-04-07 16:13:28,wallet_040,0.02285603,Incoming,2,2,wallet_129
2025-04-07 17:29:31,wallet_207,0.21430507,Outgoing,2,1,wallet_208
2025-04-07 17:29:31,wallet_208,0.21430507,Incoming,2,1,wallet_207
2025-04-07 19:07:20,wallet_091,0.06815705,Outgoing,1,2,wallet_038
2025-04-07 19:07:20,wallet_038,0.06815705,Incoming,1,2,wallet_091
2025-04-07 19:30:43,wallet_241,0.04873576,Outgoing,3,3,wallet_034
2025-04-07 19:30:43,wallet_034,0.04873576,Incoming,3,3,wallet_241
2025-04-07 19:35:34,wallet_016,0.07692746,Outgoing,1,2,wallet_393
2025-04-07 19:35:34,wallet_393,0.07692746,Incoming,1,2,wallet_016
2025-04-07 22:50:12,wallet_342,0.04791678,Outgoing,1,1,wallet_193
2025-04-07 22:50:12,wallet_193,0.04791678,Incoming,1,1,wallet_342
2025-04-08 01:53:55,wallet_354,0.1001229,Outgoing,1,3,wallet_314
2025-04-08 01:53:55,wallet_314,0.1001229,Incoming,1,3,wallet_354
2025-04-08 02:25:47,wallet_125,0.02524055,Outgoing,1,2,wallet_107
2025-04-08 02:25:47,wallet_107,0.02524055,Incoming,1,2,wallet_125
2025-04-08 09:59:07,wallet_338,1.76483661,Outgoing,2,1,wallet_312
2025-04-08 09:59:07,wallet_312,1.76483661,Incoming,2,1,wallet_338
2025-04-08 10:09:06,wallet_312,1.75414582,Outgoing,2,2,wallet_092
2025-04-08 10:09:06,wallet_092,1.75414582,Incoming,2,2,wallet_312
2025-04-08 10:15:30,wallet_092,1.73558208,Outgoing,1,1,wallet_353
2025-04-08 10:15:30,wallet_353,1.73558208,Incoming,1,1,wallet_092
2025-04-08 10:39:18,wallet_353,1.69811004,Outgoing,2,2,wallet_355
2025-04-08 10:39:18,wallet_355,1.69811004,Incoming,2,2,wallet_353
2025-04-08 12:44:26,wallet_209,0.03035746,Outgoing,2,2,wallet_401
2025-04-08 12:44:26,wallet_401,0.03035746,Incoming,2,2,wallet_209
2025-04-08 13:30:44,wallet_090,0.06987461,Outgoing,2,3,wallet_277
2025-04-08 13:30:44,wallet_277,0.06987461,Incoming,2,3,wallet_090
2025-04-08 13:42:25,wallet_408,0.23558509,Outgoing,3,1,wallet_350
2025-04-08 13:42:25,wallet_350,0.23558509,Incoming,3,1,wallet_408
2025-04-08 14:01:14,wallet_377,0.49142024,Outgoing,2,2,wallet_350
2025-04-08 14:01:14,wallet_350,0.49142024,Incoming,2,2,wallet_377
2025-04-08 14:51:12,wallet_230,0.06966413,Outgoing,1,1,wallet_352
2025-04-08 14:51:12,wallet_352,0.06966413,Incoming,1,1,wallet_230
2025-04-08 16:08:56,wallet_388,0.01130051,Outgoing,3,2,wallet_307
2025-04-08 16:08:56,wallet_307,0.01130051,Incoming,3,2,wallet_388
2025-04-08 16:46:58,wallet_037,0.02510974,Outgoing,1,1,wallet_297
2025-04-08 16:46:58,wallet_297,0.02510974,Incoming,1,1,wallet_037
2025-04-08 17:36:45,wallet_232,0.01892798,Outgoing,1,3,wallet_228
2025-04-08 17:36:45,wallet_228,0.01892798,Incoming,1,3,wallet_232
2025-04-08 21:02:34,wallet_237,0.01857313,Outgoing,4,2,wallet_037
2025-04-08 21:02:34,wallet_037,0.01857313,Incoming,4,2,wallet_237
2025-04-09 06:43:45,wallet_362,0.02809445,Outgoing,1,3,wallet_323
2025-04-09 06:43:45,wallet_323,0.02809445,Incoming,1,3,wallet_362
2025-04-09 07:29:10,wallet_193,0.03763381,Outgoing,2,2,wallet_342
2025-04-09 07:29:10,wallet_342,0.03763381,Incoming,2,2,wallet_193
2025-04-09 08:40:47,wallet_212,0.01819151,Outgoing,2,1,wallet_328
2025-04-09 08:40:47,wallet_328,0.01819151,Incoming,2,1,wallet_212
2025-04-09 09:17:27,wallet_233,0.02284659,Outgoing,3,2,wallet_121
2025-04-09 09:17:27,wallet_121,0.02284659,Incoming,3,2,wallet_233
2025-04-09 14:03:29,wallet_056,0.01111407,Outgoing,4,1,wallet_152
2025-04-09 14:03:29,wallet_152,0.01111407,Incoming,4,1,wallet_056
2025-04-09 14:34:29,wallet_142,0.08304792,Outgoing,1,2,wallet_163
2025-04-09 14:34:29,wallet_163,0.08304792,Incoming,1,2,wallet_142
2025-04-09 15:27:24,wallet_177,0.04985796,Outgoing,2,2,wallet_193
2025-04-09 15:27:24,wallet_193,0.04985796,Incoming,2,2,wallet_177
2025-04-09 15:59:04,wallet_342,0.17757097,Outgoing,1,2,wallet_360
2025-04-09 15:59:04,wallet_360,0.17757097,Incoming,1,2,wallet_342
2025-04-09 16:12:14,wallet_255,0.02242236,Outgoing,2,2,wallet_046
2025-04-09 16:12:14,wallet_046,0.02242236,Incoming,2,2,wallet_255
2025-04-10 08:23:48,wallet_330,0.01485476,Outgoing,1,1,wallet_232
2025-04-10 08:23:48,wallet_232,0.01485476,Incoming,1,1,wallet_330
2025-04-10 10:42:50,wallet_314,0.02603558,Outgoing,2,3,wallet_017
2025-04-10 10:42:50,wallet_017,0.02603558,Incoming,2,3,wallet_314
2025-04-10 16:30:27,wallet_064,0.18686275,Outgoing,4,3,wallet_133
2025-04-10 16:30:27,wallet_133,0.18686275,Incoming,4,3,wallet_064
2025-04-10 16:46:05,wallet_228,0.02214379,Outgoing,3,1,wallet_071
2025-04-10 16:46:05,wallet_071,0.02214379,Incoming,3,1,wallet_228
2025-04-10 17:04:32,wallet_306,0.03282203,Outgoing,2,1,wallet_283
2025-04-10 17:04:32,wallet_283,0.03282203,Incoming,2,1,wallet_306
2025-04-10 17:31:49,wallet_172,0.00970432,Outgoing,1,1,wallet_308
2025-04-10 17:31:49,wallet_308,0.00970432,Incoming,1,1,wallet_172
2025-04-10 18:35:47,wallet_385,0.080541,Outgoing,3,2,wallet_139
2025-04-10 18:35:47,wallet_139,0.080541,Incoming,3,2,wallet_385
2025-04-11 07:48:17,wallet_333,0.00519268,Outgoing,2,1,wallet_045
2025-04-11 07:48:17,wallet_045,0.00519268,Incoming,2,1,wallet_333
2025-04-11 07:55:58,wallet_380,0.10064483,Outgoing,1,2,wallet_146
2025-04-11 07:55:58,wallet_146,0.10064483,Incoming,1,2,wallet_380
2025-04-11 10:34:59,wallet_043,0.03280591,Outgoing,1,2,wallet_391
2025-04-11 10:34:59,wallet_391,0.03280591,Incoming,1,2,wallet_043
2025-04-11 11:31:13,wallet_384,0.0130992,Outgoing,3,2,wallet_283
2025-04-11 11:31:13,wallet_283,0.0130992,Incoming,3,2,wallet_384
2025-04-11 11:33:47,wallet_261,0.08088419,Outgoing,2,2,wallet_049
2025-04-11 11:33:47,wallet_049,0.08088419,Incoming,2,2,wallet_261
2025-04-11 11:40:14,wallet_169,0.03747119,Outgoing,1,2,wallet_142
2025-04-11 11:40:14,wallet_142,0.03747119,Incoming,1,2,wallet_169
2025-04-11 11:41:08,wallet_366,0.08350998,Outgoing,1,2,wallet_404
2025-04-11 11:41:08,wallet_404,0.08350998,Incoming,1,2,wallet_366
2025-04-11 12:12:44,wallet_241,0.08631905,Outgoing,3,2,wallet_051
2025-04-11 12:12:44,wallet_051,0.08631905,Incoming,3,2,wallet_241
2025-04-11 12:25:51,wallet_336,0.13283743,Outgoing,2,2,wallet_111
2025-04-11 12:25:51,wallet_111,0.13283743,Incoming,2,2,wallet_336
2025-04-11 12:29:31,wallet_238,0.04717008,Outgoing,2,1,wallet_403
2025-04-11 12:29:31,wallet_403,0.04717008,Incoming,2,1,wallet_238
2025-04-11 13:46:37,wallet_147,0.02045133,Outgoing,3,3,wallet_006
2025-04-11 13:46:37,wallet_006,0.02045133,Incoming,3,3,wallet_147
2025-04-11 13:56:57,wallet_266,0.02582542,Outgoing,1,2,wallet_164
2025-04-11 13:56:57,wallet_164,0.02582542,Incoming,1,2,wallet_266
2025-04-11 14:37:53,wallet_102,0.07563894,Outgoing,1,2,wallet_344
2025-04-11 14:37:53,wallet_344,0.07563894,Incoming,1,2,wallet_102
2025-04-11 15:17:29,wallet_003,0.03278377,Outgoing,1,2,wallet_297
2025-04-11 15:17:29,wallet_297,0.03278377,Incoming,1,2,wallet_003
2025-04-11 18:21:46,wallet_289,0.09694973,Outgoing,2,1,wallet_405
2025-04-11 18:21:46,wallet_405,0.09694973,Incoming,2,1,wallet_289
2025-04-11 23:18:42,wallet_266,0.03320044,Outgoing,1,1,wallet_146
2025-04-11 23:18:42,wallet_146,0.03320044,Incoming,1,1,wallet_266
2025-04-12 00:50:12,wallet_375,0.02556483,Outgoing,2,1,wallet_189
2025-04-12 00:50:12,wallet_189,0.02556483,Incoming,2,1,wallet_375
2025-04-12 04:29:19,wallet_197,0.05277648,Outgoing,1,2,wallet_380
2025-04-12 04:29:19,wallet_380,0.05277648,Incoming,1,2,wallet_197
2025-04-12 06:28:15,wallet_302,0.05573389,Outgoing,4,2,wallet_332
2025-04-12 06:28:15,wallet_332,0.05573389,Incoming,4,2,wallet_302
2025-04-12 10:13:59,wallet_323,0.0047602,Outgoing,1,2,wallet_387
2025-04-12 10:13:59,wallet_387,0.0047602,Incoming,1,2,wallet_323
2025-04-12 10:41:24,wallet_388,0.06115263,Outgoing,1,2,wallet_410
2025-04-12 10:41:24,wallet_410,0.06115263,Incoming,1,2,wallet_388
2025-04-12 11:28:07,wallet_193,0.04441422,Outgoing,2,1,wallet_146
2025-04-12 11:28:07,wallet_146,0.04441422,Incoming,2,1,wallet_193
2025-04-12 11:50:16,wallet_398,0.23570444,Outgoing,1,1,wallet_049
2025-04-12 11:50:16,wallet_049,0.23570444,Incoming,1,1,wallet_398
2025-04-12 14:29:58,wallet_344,0.05000805,Outgoing,1,2,wallet_306
2025-04-12 14:29:58,wallet_306,0.05000805,Incoming,1,2,wallet_344
2025-04-12 15:56:51,wallet_267,0.17223633,Outgoing,1,2,wallet_277
2025-04-12 15:56:51,wallet_277,0.17223633,Incoming,1,2,wallet_267
2025-04-12 18:17:07,wallet_208,0.05791843,Outgoing,2,3,wallet_016
2025-04-12 18:17:07,wallet_016,0.05791843,Incoming,2,3,wallet_208
2025-04-12 20:29:54,wallet_332,0.04477606,Outgoing,3,2,wallet_263
2025-04-12 20:29:54,wallet_263,0.04477606,Incoming,3,2,wallet_332
2025-04-12 22:39:59,wallet_143,0.05053164,Outgoing,2,2,wallet_313
2025-04-12 22:39:59,wallet_313,0.05053164,Incoming,2,2,wallet_143
2025-04-13 09:07:09,wallet_230,0.01811003,Outgoing,1,2,wallet_252
2025-04-13 09:07:09,wallet_252,0.01811003,Incoming,1,2,wallet_230
2025-04-13 11:06:29,wallet_011,0.13266769,Outgoing,1,1,wallet_307
2025-04-13 11:06:29,wallet_307,0.13266769,Incoming,1,1,wallet_011
2025-04-13 15:29:56,wallet_361,0.01347932,Outgoing,1,2,wallet_118
2025-04-13 15:29:56,wallet_118,0.01347932,Incoming,1,2,wallet_361
2025-04-13 19:53:25,wallet_099,0.16276418,Outgoing,1,2,wallet_294
2025-04-13 19:53:25,wallet_294,0.16276418,Incoming,1,2,wallet_099
2025-04-13 22:51:33,wallet_282,0.05626703,Outgoing,1,3,wallet_126
2025-04-13 22:51:33,wallet_126,0.05626703,Incoming,1,3,wallet_282
2025-04-13 23:00:33,wallet_184,0.01480801,Outgoing,2,1,wallet_093
2025-04-13 23:00:33,wallet_093,0.01480801,Incoming,2,1,wallet_184
2025-04-14 06:15:14,wallet_405,0.2376692,Outgoing,2,2,wallet_292
2025-04-14 06:15:14,wallet_292,0.2376692,Incoming,2,2,wallet_405
2025-04-14 07:21:57,wallet_410,0.00847211,Outgoing,3,3,wallet_307
2025-04-14 07:21:57,wallet_307,0.00847211,Incoming,3,3,wallet_410
2025-04-14 08:38:02,wallet_361,0.04970848,Outgoing,2,2,wallet_029
2025-04-14 08:38:02,wallet_029,0.04970848,Incoming,2,2,wallet_361
2025-04-14 08:54:15,wallet_372,0.01033353,Outgoing,1,2,wallet_221
2025-04-14 08:54:15,wallet_221,0.01033353,Incoming,1,2,wallet_372
2025-04-14 09:07:06,wallet_289,0.1621784,Outgoing,1,2,wallet_117
2025-04-14 09:07:06,wallet_117,0.1621784,Incoming,1,2,wallet_289
2025-04-14 09:21:17,wallet_041,0.04985799,Outgoing,1,2,wallet_146
2025-04-14 09:21:17,wallet_146,0.04985799,Incoming,1,2,wallet_041
2025-04-14 10:27:59,wallet_365,0.04606014,Outgoing,1,3,wallet_248
2025-04-14 10:27:59,wallet_248,0.04606014,Incoming,1,3,wallet_365
2025-04-14 11:45:30,wallet_128,0.01379105,Outgoing,2,2,wallet_004
2025-04-14 11:45:30,wallet_004,0.01379105,Incoming,2,2,wallet_128
2025-04-14 17:42:16,wallet_147,0.03275907,Outgoing,2,2,wallet_397
2025-04-14 17:42:16,wallet_397,0.03275907,Incoming,2,2,wallet_147
2025-04-14 19:32:27,wallet_107,0.01907,Outgoing,2,3,wallet_343
2025-04-14 19:32:27,wallet_343,0.01907,Incoming,2,3,wallet_107
2025-04-14 20:32:16,wallet_015,0.01520942,Outgoing,2,2,wallet_343
2025-04-14 20:32:16,wallet_343,0.01520942,Incoming,2,2,wallet_015
2025-04-14 21:45:41,wallet_376,0.01060032,Outgoing,3,1,wallet_275
2025-04-14 21:45:41,wallet_275,0.01060032,Incoming,3,1,wallet_376
2025-04-15 02:23:01,wallet_333,0.04512979,Outgoing,2,1,wallet_145
2025-04-15 02:23:01,wallet_145,0.04512979,Incoming,2,1,wallet_333
2025-04-15 06:44:27,wallet_216,0.04685644,Outgoing,1,2,wallet_097
2025-04-15 06:44:27,wallet_097,0.04685644,Incoming,1,2,wallet_216
2025-04-15 07:00:50,wallet_340,0.05323541,Outgoing,2,1,wallet_248
2025-04-15 07:00:50,wallet_248,0.05323541,Incoming,2,1,wallet_340
2025-04-15 09:31:55,wallet_196,0.06425295,Outgoing,1,2,wallet_055
2025-04-15 09:31:55,wallet_055,0.06425295,Incoming,1,2,wallet_196
2025-04-15 10:13:19,wallet_330,0.45841329,Outgoing,2,2,wallet_318
2025-04-15 10:13:19,wallet_318,0.45841329,Incoming,2,2,wallet_330
2025-04-15 10:22:39,wallet_163,0.03071734,Outgoing,2,2,wallet_153
2025-04-15 10:22:39,wallet_153,0.03071734,Incoming,2,2,wallet_163
2025-04-15 12:34:14,wallet_111,0.01889103,Outgoing,2,2,wallet_384
2025-04-15 12:34:14,wallet_384,0.01889103,Incoming,2,2,wallet_111
2025-04-15 13:47:20,wallet_306,0.05769187,Outgoing,2,2,wallet_244
2025-04-15 13:47:20,wallet_244,0.05769187,Incoming,2,2,wallet_306
2025-04-15 14:11:16,wallet_281,0.28895774,Outgoing,2,2,wallet_378
2025-04-15 14:11:16,wallet_378,0.28895774,Incoming,2,2,wallet_281
2025-04-15 14:22:57,wallet_207,0.04567484,Outgoing,1,2,wallet_268
2025-04-15 14:22:57,wallet_268,0.04567484,Incoming,1,2,wallet_207
2025-04-15 15:05:05,wallet_388,0.13760421,Outgoing,1,1,wallet_393
2025-04-15 15:05:05,wallet_393,0.13760421,Incoming,1,1,wallet_388
2025-04-15 15:26:37,wallet_205,2.65183676,Outgoing,1,2,wallet_319
2025-04-15 15:26:37,wallet_319,2.65183676,Incoming,1,2,wallet_205
2025-04-15 15:40:32,wallet_392,0.0326829,Outgoing,1,1,wallet_354
2025-04-15 15:40:32,wallet_354,0.0326829,Incoming,1,1,wallet_392
2025-04-15 15:49:01,wallet_366,0.41506193,Outgoing,3,3,wallet_179
2025-04-15 15:49:01,wallet_179,0.41506193,Incoming,3,3,wallet_366
2025-04-16 04:40:22,wallet_219,0.00619379,Outgoing,2,1,wallet_364
2025-04-16 04:40:22,wallet_364,0.00619379,Incoming,2,1,wallet_219
2025-04-16 05:45:29,wallet_263,0.04141253,Outgoing,2,3,wallet_219
2025-04-16 05:45:29,wallet_219,0.04141253,Incoming,2,3,wallet_263
2025-04-16 08:54:01,wallet_193,0.01766433,Outgoing,4,2,wallet_089
2025-04-16 08:54:01,wallet_089,0.01766433,Incoming,4,2,wallet_193
2025-04-16 09:07:23,wallet_069,0.0828757,Outgoing,2,2,wallet_236
2025-04-16 09:07:23,wallet_236,0.0828757,Incoming,2,2,wallet_069
2025-04-16 13:03:00,wallet_257,0.06622365,Outgoing,1,1,wallet_069
2025-04-16 13:03:00,wallet_069,0.06622365,Incoming,1,1,wallet_257
2025-04-16 14:21:31,wallet_354,0.04713313,Outgoing,1,1,wallet_030
2025-04-16 14:21:31,wallet_030,0.04713313,Incoming,1,1,wallet_354
2025-04-16 15:38:57,wallet_378,0.20590862,Outgoing,2,2,wallet_174
2025-04-16 15:38:57,wallet_174,0.20590862,Incoming,2,2,wallet_378
2025-04-16 16:45:42,wallet_051,0.11456512,Outgoing,1,1,wallet_034
2025-04-16 16:45:42,wallet_034,0.11456512,Incoming,1,1,wallet_051
2025-04-17 06:06:58,wallet_361,0.04781094,Outgoing,1,1,wallet_198
2025-04-17 06:06:58,wallet_198,0.04781094,Incoming,1,1,wallet_361
2025-04-17 07:18:42,wallet_338,0.04039115,Outgoing,1,2,wallet_041
2025-04-17 07:18:42,wallet_041,0.04039115,Incoming,1,2,wallet_338
2025-04-17 08:16:46,wallet_140,0.05175673,Outgoing,1,2,wallet_121
2025-04-17 08:16:46,wallet_121,0.05175673,Incoming,1,2,wallet_140
2025-04-17 08:29:15,wallet_162,0.10350624,Outgoing,1,2,wallet_093
2025-04-17 08:29:15,wallet_093,0.10350624,Incoming,1,2,wallet_162
2025-04-17 08:34:12,wallet_182,0.05092003,Outgoing,1,2,wallet_367
2025-04-17 08:34:12,wallet_367,0.05092003,Incoming,1,2,wallet_182
2025-04-17 09:12:47,wallet_094,0.09126427,Outgoing,2,1,wallet_043
2025-04-17 09:12:47,wallet_043,0.09126427,Incoming,2,1,wallet_094
2025-04-17 09:38:20,wallet_269,0.02797359,Outgoing,1,2,wallet_042
2025-04-17 09:38:20,wallet_042,0.02797359,Incoming,1,2,wallet_269
2025-04-17 11:10:01,wallet_227,0.00969179,Outgoing,1,2,wallet_045
2025-04-17 11:10:01,wallet_045,0.00969179,Incoming,1,2,wallet_227
2025-04-17 11:56:32,wallet_254,0.14587382,Outgoing,1,3,wallet_262
2025-04-17 11:56:32,wallet_262,0.14587382,Incoming,1,3,wallet_254
2025-04-17 12:21:13,wallet_076,0.14559529,Outgoing,1,3,wallet_131
2025-04-17 12:21:13,wallet_131,0.14559529,Incoming,1,3,wallet_076
2025-04-17 12:28:41,wallet_253,0.05732382,Outgoing,1,3,wallet_307
2025-04-17 12:28:41,wallet_307,0.05732382,Incoming,1,3,wallet_253
2025-04-17 12:31:19,wallet_286,0.20207164,Outgoing,3,2,wallet_009
2025-04-17 12:31:19,wallet_009,0.20207164,Incoming,3,2,wallet_286
2025-04-17 13:34:41,wallet_041,0.04362929,Outgoing,1,2,wallet_139
2025-04-17 13:34:41,wallet_139,0.04362929,Incoming,1,2,wallet_041
2025-04-17 15:07:22,wallet_100,0.07226203,Outgoing,1,1,wallet_262
2025-04-17 15:07:22,wallet_262,0.07226203,Incoming,1,1,wallet_100
2025-04-17 15:29:15,wallet_367,0.03331061,Outgoing,4,3,wallet_182
2025-04-17 15:29:15,wallet_182,0.03331061,Incoming,4,3,wallet_367
2025-04-17 15:31:02,wallet_020,5.51278049,Outgoing,2,1,wallet_222
2025-04-17 15:31:02,wallet_222,5.51278049,Incoming,2,1,wallet_020
2025-04-17 16:20:22,wallet_222,0.36625754,Outgoing,2,4,wallet_072
2025-04-17 16:20:22,wallet_072,0.36625754,Incoming,2,4,wallet_222
2025-04-17 16:40:25,wallet_222,0.39650412,Outgoing,2,3,wallet_049
2025-04-17 16:40:25,wallet_049,0.39650412,Incoming,2,3,wallet_222
2025-04-17 16:43:28,wallet_222,0.3946096,Outgoing,1,4,wallet_059
2025-04-17 16:43:28,wallet_059,0.3946096,Incoming,1,4,wallet_222
2025-04-17 16:50:26,wallet_222,0.40271601,Outgoing,1,4,wallet_390
2025-04-17 16:50:26,wallet_390,0.40271601,Incoming,1,4,wallet_222
2025-04-17 17:06:28,wallet_222,0.38426174,Outgoing,2,3,wallet_021
2025-04-17 17:06:28,wallet_021,0.38426174,Incoming,2,3,wallet_222
2025-04-17 17:12:30,wallet_222,0.37304675,Outgoing,1,3,wallet_317
2025-04-17 17:12:30,wallet_317,0.37304675,Incoming,1,3,wallet_222
2025-04-17 17:22:17,wallet_222,0.42542558,Outgoing,2,7,wallet_164
2025-04-17 17:22:17,wallet_164,0.42542558,Incoming,2,7,wallet_222
2025-04-17 17:33:28,wallet_222,0.39974224,Outgoing,1,5,wallet_321
2025-04-17 17:33:28,wallet_321,0.39974224,Incoming,1,5,wallet_222
2025-04-17 17:54:42,wallet_222,0.37300182,Outgoing,1,4,wallet_172
2025-04-17 17:54:42,wallet_172,0.37300182,Incoming,1,4,wallet_222
2025-04-17 18:04:20,wallet_222,0.35761171,Outgoing,1,4,wallet_404
2025-04-17 18:04:20,wallet_404,0.35761171,Incoming,1,4,wallet_222
2025-04-17 18:26:39,wallet_222,0.42621571,Outgoing,2,3,wallet_348
2025-04-17 18:26:39,wallet_348,0.42621571,Incoming,2,3,wallet_222
2025-04-17 18:39:43,wallet_222,0.38442579,Outgoing,1,5,wallet_166
2025-04-17 18:39:43,wallet_166,0.38442579,Incoming,1,5,wallet_222
2025-04-17 18:54:56,wallet_222,0.35598849,Outgoing,1,7,wallet_169
2025-04-17 18:54:56,wallet_169,0.35598849,Incoming,1,7,wallet_222
2025-04-17 19:00:52,wallet_037,0.01504178,Outgoing,3,1,wallet_034
2025-04-17 19:00:52,wallet_034,0.01504178,Incoming,3,1,wallet_037
2025-04-17 19:19:21,wallet_222,0.40585128,Outgoing,2,6,wallet_342
2025-04-17 19:19:21,wallet_342,0.40585128,Incoming,2,6,wallet_222
2025-04-17 20:33:25,wallet_132,0.04958159,Outgoing,1,1,wallet_317
2025-04-17 20:33:25,wallet_317,0.04958159,Incoming,1,1,wallet_132
2025-04-18 06:08:36,wallet_082,0.01896874,Outgoing,1,3,wallet_032
2025-04-18 06:08:36,wallet_032,0.01896874,Incoming,1,3,wallet_082
2025-04-18 09:42:45,wallet_064,0.02103116,Outgoing,3,2,wallet_187
2025-04-18 09:42:45,wallet_187,0.02103116,Incoming,3,2,wallet_064
2025-04-18 10:32:46,wallet_300,0.1701338,Outgoing,1,1,wallet_308
2025-04-18 10:32:46,wallet_308,0.1701338,Incoming,1,1,wallet_300
2025-04-18 10:34:31,wallet_260,0.1029326,Outgoing,1,3,wallet_129
2025-04-18 10:34:31,wallet_129,0.1029326,Incoming,1,3,wallet_260
2025-04-18 15:02:26,wallet_119,0.12972444,Outgoing,2,2,wallet_068
2025-04-18 15:02:26,wallet_068,0.12972444,Incoming,2,2,wallet_119
2025-04-18 15:38:52,wallet_016,0.04298641,Outgoing,2,2,wallet_232
2025-04-18 15:38:52,wallet_232,0.04298641,Incoming,2,2,wallet_016
2025-04-19 06:57:50,wallet_394,0.09867437,Outgoing,1,2,wallet_194
2025-04-19 06:57:50,wallet_194,0.09867437,Incoming,1,2,wallet_394
2025-04-19 08:38:59,wallet_043,0.14203653,Outgoing,1,1,wallet_346
2025-04-19 08:38:59,wallet_346,0.14203653,Incoming,1,1,wallet_043
2025-04-19 09:46:52,wallet_043,0.05764398,Outgoing,1,2,wallet_102
2025-04-19 09:46:52,wallet_102,0.05764398,Incoming,1,2,wallet_043
2025-04-19 09:53:19,wallet_317,0.01550806,Outgoing,1,1,wallet_396
2025-04-19 09:53:19,wallet_396,0.01550806,Incoming,1,1,wallet_317
2025-04-19 11:51:23,wallet_041,0.05181013,Outgoing,3,2,wallet_095
2025-04-19 11:51:23,wallet_095,0.05181013,Incoming,3,2,wallet_041
2025-04-19 11:56:24,wallet_094,0.0255909,Outgoing,1,3,wallet_089
2025-04-19 11:56:24,wallet_089,0.0255909,Incoming,1,3,wallet_094
2025-04-19 12:29:32,wallet_045,0.06536354,Outgoing,2,2,wallet_220
2025-04-19 12:29:32,wallet_220,0.06536354,Incoming,2,2,wallet_045
2025-04-19 15:26:04,wallet_076,0.00716879,Outgoing,4,3,wallet_172
2025-04-19 15:26:04,wallet_172,0.00716879,Incoming,4,3,wallet_076
2025-04-19 16:16:28,wallet_248,0.02544301,Outgoing,1,2,wallet_365
2025-04-19 16:16:28,wallet_365,0.02544301,Incoming,1,2,wallet_248
2025-04-19 16:22:03,wallet_174,0.13266441,Outgoing,3,2,wallet_143
2025-04-19 16:22:03,wallet_143,0.13266441,Incoming,3,2,wallet_174
2025-04-19 17:42:18,wallet_217,0.03559874,Outgoing,1,1,wallet_018
2025-04-19 17:42:18,wallet_018,0.03559874,Incoming,1,1,wallet_217
2025-04-19 19:21:22,wallet_227,0.11984455,Outgoing,1,2,wallet_007
2025-04-19 19:21:22,wallet_007,0.11984455,Incoming,1,2,wallet_227
2025-04-19 22:19:18,wallet_032,0.02282326,Outgoing,1,3,wallet_082
2025-04-19 22:19:18,wallet_082,0.02282326,Incoming,1,3,wallet_032
2025-04-20 08:35:06,wallet_097,0.01979941,Outgoing,1,2,wallet_216
2025-04-20 08:35:06,wallet_216,0.01979941,Incoming,1,2,wallet_097
2025-04-20 10:35:53,wallet_360,4.90800825,Outgoing,3,1,wallet_346
2025-04-20 10:35:53,wallet_346,4.90800825,Incoming,3,1,wallet_360
2025-04-20 10:37:51,wallet_145,0.03392102,Outgoing,3,1,wallet_152
2025-04-20 10:37:51,wallet_152,0.03392102,Incoming,3,1,wallet_145
2025-04-20 11:14:37,wallet_023,0.01500952,Outgoing,2,1,wallet_156
2025-04-20 11:14:37,wallet_156,0.01500952,Incoming,2,1,wallet_023
2025-04-20 11:48:16,wallet_387,0.00778434,Outgoing,1,2,wallet_323
2025-04-20 11:48:16,wallet_323,0.00778434,Incoming,1,2,wallet_387
2025-04-20 11:48:56,wallet_017,0.11037081,Outgoing,3,2,wallet_170
2025-04-20 11:48:56,wallet_170,0.11037081,Incoming,3,2,wallet_017
2025-04-20 12:06:35,wallet_282,0.13395532,Outgoing,4,2,wallet_126
2025-04-20 12:06:35,wallet_126,0.13395532,Incoming,4,2,wallet_282
2025-04-20 12:09:47,wallet_304,0.01107966,Outgoing,1,2,wallet_392
2025-04-20 12:09:47,wallet_392,0.01107966,Incoming,1,2,wallet_304
2025-04-20 14:32:38,wallet_202,0.03077139,Outgoing,1,1,wallet_207
2025-04-20 14:32:38,wallet_207,0.03077139,Incoming,1,1,wallet_202
2025-04-20 17:08:28,wallet_313,0.03969843,Outgoing,1,2,wallet_269
2025-04-20 17:08:28,wallet_269,0.03969843,Incoming,1,2,wallet_313
2025-04-20 18:14:27,wallet_130,0.04469897,Outgoing,2,2,wallet_382
2025-04-20 18:14:27,wallet_382,0.04469897,Incoming,2,2,wallet_130
2025-04-20 18:35:37,wallet_371,0.01857403,Outgoing,2,3,wallet_127
2025-04-20 18:35:37,wallet_127,0.01857403,Incoming,2,3,wallet_371
2025-04-20 19:01:30,wallet_384,0.01324243,Outgoing,1,2,wallet_168
2025-04-20 19:01:30,wallet_168,0.01324243,Incoming,1,2,wallet_384
2025-04-20 19:14:34,wallet_359,0.11626631,Outgoing,1,2,wallet_229
2025-04-20 19:14:34,wallet_229,0.11626631,Incoming,1,2,wallet_359
2025-04-20 21:59:09,wallet_168,0.16010574,Outgoing,2,2,wallet_151
2025-04-20 21:59:09,wallet_151,0.16010574,Incoming,2,2,wallet_168
2025-04-20 23:15:19,wallet_095,0.01128243,Outgoing,3,1,wallet_174
2025-04-20 23:15:19,wallet_174,0.01128243,Incoming,3,1,wallet_095
2025-04-21 00:31:55,wallet_202,0.03909478,Outgoing,1,1,wallet_292
2025-04-21 00:31:55,wallet_292,0.03909478,Incoming,1,1,wallet_202
2025-04-21 07:12:03,wallet_393,0.02512239,Outgoing,1,2,wallet_147
2025-04-21 07:12:03,wallet_147,0.02512239,Incoming,1,2,wallet_393
2025-04-21 10:17:20,wallet_262,0.07134512,Outgoing,1,2,wallet_217
2025-04-21 10:17:20,wallet_217,0.07134512,Incoming,1,2,wallet_262
2025-04-21 10:29:23,wallet_008,0.00581307,Outgoing,1,2,wallet_048
2025-04-21 10:29:23,wallet_048,0.00581307,Incoming,1,2,wallet_008
2025-04-21 10:58:48,wallet_396,0.01104511,Outgoing,4,2,wallet_064
2025-04-21 10:58:48,wallet_064,0.01104511,Incoming,4,2,wallet_396
2025-04-21 13:02:11,wallet_255,0.02704051,Outgoing,1,2,wallet_177
2025-04-21 13:02:11,wallet_177,0.02704051,Incoming,1,2,wallet_255
2025-04-21 13:07:43,wallet_238,0.55510605,Outgoing,1,2,wallet_072
2025-04-21 13:07:43,wallet_072,0.55510605,Incoming,1,2,wallet_238
2025-04-21 14:10:27,wallet_253,0.04677077,Outgoing,1,2,wallet_123
2025-04-21 14:10:27,wallet_123,0.04677077,Incoming,1,2,wallet_253
2025-04-21 14:59:41,wallet_287,0.03141942,Outgoing,1,1,wallet_006
2025-04-21 14:59:41,wallet_006,0.03141942,Incoming,1,1,wallet_287
2025-04-21 17:12:06,wallet_169,0.0176678,Outgoing,1,2,wallet_378
2025-04-21 17:12:06,wallet_378,0.0176678,Incoming,1,2,wallet_169
2025-04-21 18:36:18,wallet_225,0.02582015,Outgoing,1,3,wallet_126
2025-04-21 18:36:18,wallet_126,0.02582015,Incoming,1,3,wallet_225
2025-04-21 23:03:09,wallet_393,0.04517444,Outgoing,3,2,wallet_323
2025-04-21 23:03:09,wallet_323,0.04517444,Incoming,3,2,wallet_393
2025-04-22 00:12:30,wallet_309,0.01948314,Outgoing,1,2,wallet_147
2025-04-22 00:12:30,wallet_147,0.01948314,Incoming,1,2,wallet_309
2025-04-22 07:47:53,wallet_391,0.01794535,Outgoing,1,2,wallet_271
2025-04-22 07:47:53,wallet_271,0.01794535,Incoming,1,2,wallet_391
2025-04-22 09:04:45,wallet_317,0.03027663,Outgoing,1,2,wallet_144
2025-04-22 09:04:45,wallet_144,0.03027663,Incoming,1,2,wallet_317
2025-04-22 11:34:44,wallet_367,0.10693479,Outgoing,1,2,wallet_189
2025-04-22 11:34:44,wallet_189,0.10693479,Incoming,1,2,wallet_367
2025-04-22 12:28:17,wallet_049,0.11959242,Outgoing,1,2,wallet_398
2025-04-22 12:28:17,wallet_398,0.11959242,Incoming,1,2,wallet_049
2025-04-22 12:41:44,wallet_196,0.15322285,Outgoing,1,2,wallet_404
2025-04-22 12:41:44,wallet_404,0.15322285,Incoming,1,2,wallet_196
2025-04-22 13:24:49,wallet_362,0.0278962,Outgoing,3,2,wallet_078
2025-04-22 13:24:49,wallet_078,0.0278962,Incoming,3,2,wallet_362
2025-04-22 13:40:04,wallet_349,0.03252469,Outgoing,3,1,wallet_082
2025-04-22 13:40:04,wallet_082,0.03252469,Incoming,3,1,wallet_349
2025-04-22 15:33:37,wallet_265,0.01459372,Outgoing,1,1,wallet_375
2025-04-22 15:33:37,wallet_375,0.01459372,Incoming,1,1,wallet_265
2025-04-22 15:55:48,wallet_015,0.00774278,Outgoing,1,1,wallet_018
2025-04-22 15:55:48,wallet_018,0.00774278,Incoming,1,1,wallet_015
2025-04-22 17:44:21,wallet_133,0.03118819,Outgoing,3,2,wallet_317
2025-04-22 17:44:21,wallet_317,0.03118819,Incoming,3,2,wallet_133
2025-04-22 17:50:47,wallet_292,0.03080579,Outgoing,1,1,wallet_137
2025-04-22 17:50:47,wallet_137,0.03080579,Incoming,1,1,wallet_292
2025-04-22 17:58:05,wallet_130,0.08409877,Outgoing,1,2,wallet_104
2025-04-22 17:58:05,wallet_104,0.08409877,Incoming,1,2,wallet_130
2025-04-22 19:17:51,wallet_100,0.10080639,Outgoing,2,1,wallet_379
2025-04-22 19:17:51,wallet_379,0.10080639,Incoming,2,1,wallet_100
2025-04-23 04:17:40,wallet_348,0.00539488,Outgoing,3,1,wallet_400
2025-04-23 04:17:40,wallet_400,0.00539488,Incoming,3,1,wallet_348
2025-04-23 08:06:24,wallet_238,0.47298337,Outgoing,2,2,wallet_030
2025-04-23 08:06:24,wallet_030,0.47298337,Incoming,2,2,wallet_238
2025-04-23 09:11:57,wallet_007,0.05349999,Outgoing,1,1,wallet_377
2025-04-23 09:11:57,wallet_377,0.05349999,Incoming,1,1,wallet_007
2025-04-23 10:34:23,wallet_036,0.05734639,Outgoing,1,2,wallet_069
2025-04-23 10:34:23,wallet_069,0.05734639,Incoming,1,2,wallet_036
2025-04-23 12:28:34,wallet_097,0.03231861,Outgoing,1,2,wallet_124
2025-04-23 12:28:34,wallet_124,0.03231861,Incoming,1,2,wallet_097
2025-04-23 13:02:43,wallet_129,0.04848962,Outgoing,2,1,wallet_093
2025-04-23 13:02:43,wallet_093,0.04848962,Incoming,2,1,wallet_129
2025-04-23 14:16:54,wallet_398,0.05379621,Outgoing,2,2,wallet_123
2025-04-23 14:16:54,wallet_123,0.05379621,Incoming,2,2,wallet_398
2025-04-23 15:00:00,wallet_287,0.07974957,Outgoing,3,1,wallet_239
2025-04-23 15:00:00,wallet_239,0.07974957,Incoming,3,1,wallet_287
2025-04-23 15:00:11,wallet_265,0.01681557,Outgoing,1,2,wallet_008
2025-04-23 15:00:11,wallet_008,0.01681557,Incoming,1,2,wallet_265
2025-04-23 15:28:49,wallet_212,0.08201915,Outgoing,1,2,wallet_352
2025-04-23 15:28:49,wallet_352,0.08201915,Incoming,1,2,wallet_212
2025-04-23 19:42:10,wallet_393,2.58662864,Outgoing,2,2,wallet_058
2025-04-23 19:42:10,wallet_058,2.58662864,Incoming,2,2,wallet_393
2025-04-23 19:46:25,wallet_058,2.51295545,Outgoing,1,2,wallet_337
2025-04-23 19:46:25,wallet_337,2.51295545,Incoming,1,2,wallet_058
2025-04-23 19:52:38,wallet_337,2.47591495,Outgoing,2,2,wallet_339
2025-04-23 19:52:38,wallet_339,2.47591495,Incoming,2,2,wallet_337
2025-04-23 20:13:41,wallet_339,2.43561662,Outgoing,1,2,wallet_140
2025-04-23 20:13:41,wallet_140,2.43561662,Incoming,1,2,wallet_339
2025-04-24 01:05:12,wallet_105,0.22308671,Outgoing,2,2,wallet_068
2025-04-24 01:05:12,wallet_068,0.22308671,Incoming,2,2,wallet_105
2025-04-24 07:43:37,wallet_355,0.04819286,Outgoing,2,2,wallet_266
2025-04-24 07:43:37,wallet_266,0.04819286,Incoming,2,2,wallet_355
2025-04-24 09:29:47,wallet_394,0.05848703,Outgoing,1,1,wallet_350
2025-04-24 09:29:47,wallet_350,0.05848703,Incoming,1,1,wallet_394
2025-04-24 09:32:49,wallet_042,0.02475137,Outgoing,1,2,wallet_269
2025-04-24 09:32:49,wallet_269,0.02475137,Incoming,1,2,wallet_042
2025-04-24 09:51:02,wallet_046,0.11028036,Outgoing,4,2,wallet_089
2025-04-24 09:51:02,wallet_089,0.11028036,Incoming,4,2,wallet_046
2025-04-24 10:33:24,wallet_239,0.0402091,Outgoing,1,2,wallet_006
2025-04-24 10:33:24,wallet_006,0.0402091,Incoming,1,2,wallet_239
2025-04-24 11:43:28,wallet_122,0.0492824,Outgoing,1,2,wallet_227
2025-04-24 11:43:28,wallet_227,0.0492824,Incoming,1,2,wallet_122
2025-04-24 12:49:20,wallet_190,0.02950704,Outgoing,4,3,wallet_086
2025-04-24 12:49:20,wallet_086,0.02950704,Incoming,4,3,wallet_190
2025-04-24 13:43:55,wallet_190,0.04209413,Outgoing,1,2,wallet_001
2025-04-24 13:43:55,wallet_001,0.04209413,Incoming,1,2,wallet_190
2025-04-24 14:03:50,wallet_023,0.51930676,Outgoing,1,3,wallet_158
2025-04-24 14:03:50,wallet_158,0.51930676,Incoming,1,3,wallet_023
2025-04-24 14:14:44,wallet_230,0.06576638,Outgoing,1,2,wallet_352
2025-04-24 14:14:44,wallet_352,0.06576638,Incoming,1,2,wallet_230
2025-04-24 15:19:40,wallet_236,0.09032374,Outgoing,1,2,wallet_057
2025-04-24 15:19:40,wallet_057,0.09032374,Incoming,1,2,wallet_236
2025-04-24 15:45:15,wallet_314,0.00466745,Outgoing,3,3,wallet_048
2025-04-24 15:45:15,wallet_048,0.00466745,Incoming,3,3,wallet_314
2025-04-24 16:36:02,wallet_376,0.03549649,Outgoing,1,2,wallet_061
2025-04-24 16:36:02,wallet_061,0.03549649,Incoming,1,2,wallet_376
2025-04-24 18:21:12,wallet_237,0.02137618,Outgoing,2,2,wallet_197
2025-04-24 18:21:12,wallet_197,0.02137618,Incoming,2,2,wallet_237
2025-04-24 20:08:47,wallet_355,0.07717673,Outgoing,1,3,wallet_139
2025-04-24 20:08:47,wallet_139,0.07717673,Incoming,1,3,wallet_355
2025-04-24 20:45:24,wallet_404,0.04369121,Outgoing,3,2,wallet_047
2025-04-24 20:45:24,wallet_047,0.04369121,Incoming,3,2,wallet_404
2025-04-25 01:36:59,wallet_057,0.05440413,Outgoing,1,2,wallet_168
2025-04-25 01:36:59,wallet_168,0.05440413,Incoming,1,2,wallet_057
2025-04-25 07:30:21,wallet_100,0.05275551,Outgoing,1,1,wallet_217
2025-04-25 07:30:21,wallet_217,0.05275551,Incoming,1,1,wallet_100
2025-04-25 09:13:03,wallet_140,0.03405694,Outgoing,2,1,wallet_352
2025-04-25 09:13:03,wallet_352,0.03405694,Incoming,2,1,wallet_140
2025-04-25 09:30:44,wallet_272,0.01539296,Outgoing,2,2,wallet_254
2025-04-25 09:30:44,wallet_254,0.01539296,Incoming,2,2,wallet_272
2025-04-25 10:56:41,wallet_127,0.02443839,Outgoing,1,1,wallet_313
2025-04-25 10:56:41,wallet_313,0.02443839,Incoming,1,1,wallet_127
2025-04-25 11:54:54,wallet_130,0.06530333,Outgoing,1,1,wallet_382
2025-04-25 11:54:54,wallet_382,0.06530333,Incoming,1,1,wallet_130
2025-04-25 12:55:16,wallet_228,0.01517824,Outgoing,2,3,wallet_300
2025-04-25 12:55:16,wallet_300,0.01517824,Incoming,2,3,wallet_228
2025-04-25 13:36:06,wallet_112,0.22441346,Outgoing,1,2,wallet_228
2025-04-25 13:36:06,wallet_228,0.22441346,Incoming,1,2,wallet_112
2025-04-25 14:52:43,wallet_267,0.03227748,Outgoing,1,2,wallet_252
2025-04-25 14:52:43,wallet_252,0.03227748,Incoming,1,2,wallet_267
2025-04-25 14:55:33,wallet_317,0.02637761,Outgoing,1,2,wallet_051
2025-04-25 14:55:33,wallet_051,0.02637761,Incoming,1,2,wallet_317
2025-04-25 21:14:58,wallet_232,0.0055179,Outgoing,2,1,wallet_323
2025-04-25 21:14:58,wallet_323,0.0055179,Incoming,2,1,wallet_232
2025-04-26 05:19:45,wallet_289,0.07159466,Outgoing,1,2,wallet_405
2025-04-26 05:19:45,wallet_405,0.07159466,Incoming,1,2,wallet_289
2025-04-26 07:15:42,wallet_173,0.0231814,Outgoing,1,1,wallet_142
2025-04-26 07:15:42,wallet_142,0.0231814,Incoming,1,1,wallet_173
2025-04-26 07:33:13,wallet_135,0.03621709,Outgoing,1,2,wallet_107
2025-04-26 07:33:13,wallet_107,0.03621709,Incoming,1,2,wallet_135
2025-04-26 08:56:54,wallet_175,0.04551466,Outgoing,1,3,wallet_030
2025-04-26 08:56:54,wallet_030,0.04551466,Incoming,1,3,wallet_175
2025-04-26 09:24:49,wallet_014,0.14236466,Outgoing,1,1,wallet_251
2025-04-26 09:24:49,wallet_251,0.14236466,Incoming,1,1,wallet_014
2025-04-26 09:39:56,wallet_256,0.01144517,Outgoing,1,2,wallet_270
2025-04-26 09:39:56,wallet_270,0.01144517,Incoming,1,2,wallet_256
2025-04-26 11:10:05,wallet_124,0.02087586,Outgoing,2,2,wallet_277
2025-04-26 11:10:05,wallet_277,0.02087586,Incoming,2,2,wallet_124
2025-04-26 12:24:39,wallet_404,0.01916483,Outgoing,1,3,wallet_047
2025-04-26 12:24:39,wallet_047,0.01916483,Incoming,1,3,wallet_404
2025-04-26 12:59:01,wallet_193,0.02878919,Outgoing,3,1,wallet_122
2025-04-26 12:59:01,wallet_122,0.02878919,Incoming,3,1,wallet_193
2025-04-26 15:40:53,wallet_248,0.0262707,Outgoing,2,2,wallet_365
2025-04-26 15:40:53,wallet_365,0.0262707,Incoming,2,2,wallet_248
2025-04-26 15:46:43,wallet_045,0.02526603,Outgoing,1,3,wallet_255
2025-04-26 15:46:43,wallet_255,0.02526603,Incoming,1,3,wallet_045
2025-04-26 17:25:23,wallet_298,0.18187785,Outgoing,1,2,wallet_405
2025-04-26 17:25:23,wallet_405,0.18187785,Incoming,1,2,wallet_298
2025-04-27 05:06:36,wallet_160,0.03126247,Outgoing,1,2,wallet_319
2025-04-27 05:06:36,wallet_319,0.03126247,Incoming,1,2,wallet_160
2025-04-27 08:22:36,wallet_105,0.03518654,Outgoing,2,1,wallet_146
2025-04-27 08:22:36,wallet_146,0.03518654,Incoming,2,1,wallet_105
2025-04-27 08:32:16,wallet_243,0.02653501,Outgoing,1,3,wallet_318
2025-04-27 08:32:16,wallet_318,0.02653501,Incoming,1,3,wallet_243
2025-04-27 09:06:29,wallet_055,0.16440905,Outgoing,1,3,wallet_251
2025-04-27 09:06:29,wallet_251,0.16440905,Incoming,1,3,wallet_055
2025-04-27 09:20:03,wallet_089,0.17868124,Outgoing,1,1,wallet_065
2025-04-27 09:20:03,wallet_065,0.17868124,Incoming,1,1,wallet_089
2025-04-27 10:09:58,wallet_170,0.01730392,Outgoing,1,1,wallet_188
2025-04-27 10:09:58,wallet_188,0.01730392,Incoming,1,1,wallet_170
2025-04-27 12:23:04,wallet_262,0.1029371,Outgoing,2,1,wallet_217
2025-04-27 12:23:04,wallet_217,0.1029371,Incoming,2,1,wallet_262
2025-04-27 15:45:28,wallet_107,0.05601211,Outgoing,1,2,wallet_182
2025-04-27 15:45:28,wallet_182,0.05601211,Incoming,1,2,wallet_107
2025-04-27 17:51:39,wallet_243,0.01803301,Outgoing,1,1,wallet_320
2025-04-27 17:51:39,wallet_320,0.01803301,Incoming,1,1,wallet_243
2025-04-28 03:47:26,wallet_297,0.0483469,Outgoing,4,2,wallet_396
2025-04-28 03:47:26,wallet_396,0.0483469,Incoming,4,2,wallet_297
2025-04-28 04:26:41,wallet_282,0.11054373,Outgoing,1,3,wallet_001
2025-04-28 04:26:41,wallet_001,0.11054373,Incoming,1,3,wallet_282
2025-04-28 06:58:28,wallet_190,0.06757868,Outgoing,1,3,wallet_177
2025-04-28 06:58:28,wallet_177,0.06757868,Incoming,1,3,wallet_190
2025-04-28 09:39:48,wallet_266,0.06177787,Outgoing,1,2,wallet_013
2025-04-28 09:39:48,wallet_013,0.06177787,Incoming,1,2,wallet_266
2025-04-28 12:45:42,wallet_069,0.10746364,Outgoing,3,1,wallet_236
2025-04-28 12:45:42,wallet_236,0.10746364,Incoming,3,1,wallet_069
2025-04-28 13:13:32,wallet_297,0.03779939,Outgoing,4,2,wallet_152
2025-04-28 13:13:32,wallet_152,0.03779939,Incoming,4,2,wallet_297
2025-04-28 13:21:55,wallet_068,0.18549657,Outgoing,1,2,wallet_280
2025-04-28 13:21:55,wallet_280,0.18549657,Incoming,1,2,wallet_068
2025-04-28 13:28:26,wallet_267,0.07685193,Outgoing,1,2,wallet_146
2025-04-28 13:28:26,wallet_146,0.07685193,Incoming,1,2,wallet_267
2025-04-28 13:41:27,wallet_329,0.01740623,Outgoing,1,1,wallet_013
2025-04-28 13:41:27,wallet_013,0.01740623,Incoming,1,1,wallet_329
2025-04-28 14:00:41,wallet_316,0.02686993,Outgoing,1,2,wallet_261
2025-04-28 14:00:41,wallet_261,0.02686993,Incoming,1,2,wallet_316
2025-04-28 16:08:10,wallet_182,0.02715361,Outgoing,1,1,wallet_107
2025-04-28 16:08:10,wallet_107,0.02715361,Incoming,1,1,wallet_182
2025-04-28 17:22:57,wallet_052,0.15865124,Outgoing,1,2,wallet_187
2025-04-28 17:22:57,wallet_187,0.15865124,Incoming,1,2,wallet_052
2025-04-28 20:45:00,wallet_342,0.09720408,Outgoing,1,2,wallet_090
2025-04-28 20:45:00,wallet_090,0.09720408,Incoming,1,2,wallet_342
2025-04-29 02:41:23,wallet_187,0.02318207,Outgoing,1,1,wallet_362
2025-04-29 02:41:23,wallet_362,0.02318207,Incoming,1,1,wallet_187
2025-04-29 06:27:19,wallet_248,0.04809123,Outgoing,2,2,wallet_197
2025-04-29 06:27:19,wallet_197,0.04809123,Incoming,2,2,wallet_248
2025-04-29 07:01:47,wallet_068,0.07012242,Outgoing,2,2,wallet_111
2025-04-29 07:01:47,wallet_111,0.07012242,Incoming,2,2,wallet_068
2025-04-29 08:12:35,wallet_020,0.02433213,Outgoing,3,1,wallet_194
2025-04-29 08:12:35,wallet_194,0.02433213,Incoming,3,1,wallet_020
2025-04-29 09:45:07,wallet_188,0.0225223,Outgoing,2,1,wallet_232
2025-04-29 09:45:07,wallet_232,0.0225223,Incoming,2,1,wallet_188
2025-04-29 09:50:26,wallet_167,0.01882185,Outgoing,1,1,wallet_152
2025-04-29 09:50:26,wallet_152,0.01882185,Incoming,1,1,wallet_167
2025-04-29 10:14:41,wallet_161,0.02060522,Outgoing,1,2,wallet_287
2025-04-29 10:14:41,wallet_287,0.02060522,Incoming,1,2,wallet_161
2025-04-29 13:18:21,wallet_352,0.06511792,Outgoing,1,2,wallet_146
2025-04-29 13:18:21,wallet_146,0.06511792,Incoming,1,2,wallet_352
2025-04-29 13:29:17,wallet_038,0.01285965,Outgoing,1,2,wallet_152
2025-04-29 13:29:17,wallet_152,0.01285965,Incoming,1,2,wallet_038
2025-04-29 13:37:25,wallet_396,0.00769024,Outgoing,1,2,wallet_064
2025-04-29 13:37:25,wallet_064,0.00769024,Incoming,1,2,wallet_396
2025-04-29 13:46:33,wallet_334,0.03340305,Outgoing,1,2,wallet_176
2025-04-29 13:46:33,wallet_176,0.03340305,Incoming,1,2,wallet_334
2025-04-29 20:18:47,wallet_043,0.04566916,Outgoing,2,3,wallet_396
2025-04-29 20:18:47,wallet_396,0.04566916,Incoming,2,3,wallet_043
2025-04-29 20:41:14,wallet_320,0.01603232,Outgoing,1,2,wallet_242
2025-04-29 20:41:14,wallet_242,0.01603232,Incoming,1,2,wallet_320
2025-04-30 05:03:40,wallet_323,0.04735419,Outgoing,3,2,wallet_388
2025-04-30 05:03:40,wallet_388,0.04735419,Incoming,3,2,wallet_323
2025-04-30 05:58:49,wallet_360,0.11504738,Outgoing,4,2,wallet_274
2025-04-30 05:58:49,wallet_274,0.11504738,Incoming,4,2,wallet_360
2025-04-30 09:13:06,wallet_210,0.20439933,Outgoing,3,1,wallet_146
2025-04-30 09:13:06,wallet_146,0.20439933,Incoming,3,1,wallet_210
2025-04-30 10:17:32,wallet_049,0.17344638,Outgoing,1,3,wallet_398
2025-04-30 10:17:32,wallet_398,0.17344638,Incoming,1,3,wallet_049
2025-04-30 11:20:22,wallet_253,0.07307906,Outgoing,1,2,wallet_123
2025-04-30 11:20:22,wallet_123,0.07307906,Incoming,1,2,wallet_253
2025-04-30 11:25:37,wallet_216,0.05334114,Outgoing,2,1,wallet_153
2025-04-30 11:25:37,wallet_153,0.05334114,Incoming,2,1,wallet_216
2025-04-30 13:03:44,wallet_340,0.03602455,Outgoing,1,2,wallet_225
2025-04-30 13:03:44,wallet_225,0.03602455,Incoming,1,2,wallet_340
2025-04-30 13:35:48,wallet_227,0.09450778,Outgoing,1,2,wallet_122
2025-04-30 13:35:48,wallet_122,0.09450778,Incoming,1,2,wallet_227
2025-04-30 13:42:34,wallet_336,0.05775139,Outgoing,2,2,wallet_152
2025-04-30 13:42:34,wallet_152,0.05775139,Incoming,2,2,wallet_336
2025-04-30 16:00:33,wallet_391,0.0515068,Outgoing,4,3,wallet_194
2025-04-30 16:00:33,wallet_194,0.0515068,Incoming,4,3,wallet_391
2025-04-30 16:39:34,wallet_383,0.27060533,Outgoing,2,2,wallet_146
2025-04-30 16:39:34,wallet_146,0.27060533,Incoming,2,2,wallet_383
2025-04-30 19:29:41,wallet_313,0.03279862,Outgoing,1,1,wallet_149
2025-04-30 19:29:41,wallet_149,0.03279862,Incoming,1,1,wallet_313
2025-04-30 23:52:22,wallet_366,0.084484,Outgoing,1,1,wallet_404
2025-04-30 23:52:22,wallet_404,0.084484,Incoming,1,1,wallet_366
2025-05-01 01:24:00,wallet_197,0.03788235,Outgoing,1,1,wallet_145
2025-05-01 01:24:00,wallet_145,0.03788235,Incoming,1,1,wallet_197
2025-05-01 08:10:19,wallet_097,0.04840521,Outgoing,3,1,wallet_142
2025-05-01 08:10:19,wallet_142,0.04840521,Incoming,3,1,wallet_097
2025-05-01 09:26:00,wallet_296,0.02199226,Outgoing,1,2,wallet_119
2025-05-01 09:26:00,wallet_119,0.02199226,Incoming,1,2,wallet_296
2025-05-01 09:54:00,wallet_296,0.04024257,Outgoing,1,2,wallet_239
2025-05-01 09:54:00,wallet_239,0.04024257,Incoming,1,2,wallet_296
2025-05-01 11:37:00,wallet_296,0.02395266,Outgoing,1,2,wallet_257
2025-05-01 11:37:00,wallet_257,0.02395266,Incoming,1,2,wallet_296
2025-05-01 16:57:35,wallet_139,0.03499618,Outgoing,1,2,wallet_298
2025-05-01 16:57:35,wallet_298,0.03499618,Incoming,1,2,wallet_139
2025-05-01 17:26:16,wallet_016,0.06291671,Outgoing,3,2,wallet_232
2025-05-01 17:26:16,wallet_232,0.06291671,Incoming,3,2,wallet_016
2025-05-01 19:46:07,wallet_186,0.05440679,Outgoing,1,1,wallet_129
2025-05-01 19:46:07,wallet_129,0.05440679,Incoming,1,1,wallet_186
2025-05-02 08:00:40,wallet_172,0.01129546,Outgoing,2,2,wallet_167
2025-05-02 08:00:40,wallet_167,0.01129546,Incoming,2,2,wallet_172
2025-05-02 08:46:13,wallet_015,0.00948473,Outgoing,3,2,wallet_343
2025-05-02 08:46:13,wallet_343,0.00948473,Incoming,3,2,wallet_015
2025-05-02 10:05:24,wallet_253,0.02842473,Outgoing,2,3,wallet_071
2025-05-02 10:05:24,wallet_071,0.02842473,Incoming,2,3,wallet_253
2025-05-02 11:15:58,wallet_229,0.05287436,Outgoing,1,2,wallet_359
2025-05-02 11:15:58,wallet_359,0.05287436,Incoming,1,2,wallet_229
2025-05-02 11:50:42,wallet_034,0.02460787,Outgoing,2,2,wallet_037
2025-05-02 11:50:42,wallet_037,0.02460787,Incoming,2,2,wallet_034
2025-05-02 12:06:00,wallet_369,0.08290377,Outgoing,1,2,wallet_386
2025-05-02 12:06:00,wallet_386,0.08290377,Incoming,1,2,wallet_369
2025-05-02 13:17:11,wallet_221,0.18819167,Outgoing,1,2,wallet_093
2025-05-02 13:17:11,wallet_093,0.18819167,Incoming,1,2,wallet_221
2025-05-02 13:32:39,wallet_236,0.05676309,Outgoing,1,2,wallet_152
2025-05-02 13:32:39,wallet_152,0.05676309,Incoming,1,2,wallet_236
2025-05-02 13:50:00,wallet_296,0.12495559,Outgoing,1,1,wallet_110
2025-05-02 13:50:00,wallet_110,0.12495559,Incoming,1,1,wallet_296
2025-05-02 14:20:00,wallet_369,0.09738142,Outgoing,4,2,wallet_275
2025-05-02 14:20:00,wallet_275,0.09738142,Incoming,4,2,wallet_369
2025-05-02 15:15:00,wallet_369,0.05237791,Outgoing,1,1,wallet_078
2025-05-02 15:15:00,wallet_078,0.05237791,Incoming,1,1,wallet_369
2025-05-02 15:37:32,wallet_063,0.02316318,Outgoing,3,2,wallet_350
2025-05-02 15:37:32,wallet_350,0.02316318,Incoming,3,2,wallet_063
2025-05-02 15:47:00,wallet_296,0.13219748,Outgoing,3,2,wallet_083
2025-05-02 15:47:00,wallet_083,0.13219748,Incoming,3,2,wallet_296
2025-05-02 16:50:00,wallet_369,0.11492673,Outgoing,2,1,wallet_021
2025-05-02 16:50:00,wallet_021,0.11492673,Incoming,2,1,wallet_369
2025-05-02 18:18:42,wallet_309,0.10503853,Outgoing,4,2,wallet_335
2025-05-02 18:18:42,wallet_335,0.10503853,Incoming,4,2,wallet_309
2025-05-02 19:22:23,wallet_051,0.02430642,Outgoing,3,1,wallet_317
2025-05-02 19:22:23,wallet_317,0.02430642,Incoming,3,1,wallet_051
2025-05-03 06:40:27,wallet_374,0.20081832,Outgoing,1,1,wallet_173
2025-05-03 06:40:27,wallet_173,0.20081832,Incoming,1,1,wallet_374
2025-05-03 09:32:00,wallet_296,0.05392005,Outgoing,1,2,wallet_228
2025-05-03 09:32:00,wallet_228,0.05392005,Incoming,1,2,wallet_296
2025-05-03 09:37:49,wallet_149,0.39405688,Outgoing,1,2,wallet_371
2025-05-03 09:37:49,wallet_371,0.39405688,Incoming,1,2,wallet_149
2025-05-03 11:42:00,wallet_369,0.09615143,Outgoing,1,2,wallet_219
2025-05-03 11:42:00,wallet_219,0.09615143,Incoming,1,2,wallet_369
2025-05-03 12:26:00,wallet_369,0.14334988,Outgoing,1,3,wallet_288
2025-05-03 12:26:00,wallet_288,0.14334988,Incoming,1,3,wallet_369
2025-05-03 12:35:00,wallet_296,0.06881872,Outgoing,2,2,wallet_111
2025-05-03 12:35:00,wallet_111,0.06881872,Incoming,2,2,wallet_296
2025-05-03 12:48:00,wallet_369,0.07078586,Outgoing,3,1,wallet_340
2025-05-03 12:48:00,wallet_340,0.07078586,Incoming,3,1,wallet_369
2025-05-03 13:11:44,wallet_362,0.03161203,Outgoing,2,2,wallet_210
2025-05-03 13:11:44,wallet_210,0.03161203,Incoming,2,2,wallet_362
2025-05-03 14:52:53,wallet_016,0.03749214,Outgoing,1,3,wallet_393
2025-05-03 14:52:53,wallet_393,0.03749214,Incoming,1,3,wallet_016
2025-05-03 14:57:59,wallet_043,0.16241336,Outgoing,1,1,wallet_176
2025-05-03 14:57:59,wallet_176,0.16241336,Incoming,1,1,wallet_043
2025-05-03 16:12:29,wallet_131,0.15655624,Outgoing,1,2,wallet_365
2025-05-03 16:12:29,wallet_365,0.15655624,Incoming,1,2,wallet_131
2025-05-03 16:36:00,wallet_296,0.13544267,Outgoing,2,2,wallet_184
2025-05-03 16:36:00,wallet_184,0.13544267,Incoming,2,2,wallet_296
2025-05-03 16:41:00,wallet_369,0.07392479,Outgoing,1,2,wallet_189
2025-05-03 16:41:00,wallet_189,0.07392479,Incoming,1,2,wallet_369
2025-05-03 20:53:52,wallet_266,0.02537112,Outgoing,1,2,wallet_118
2025-05-03 20:53:52,wallet_118,0.02537112,Incoming,1,2,wallet_266
2025-05-03 20:56:46,wallet_338,0.02708205,Outgoing,1,2,wallet_041
2025-05-03 20:56:46,wallet_041,0.02708205,Incoming,1,2,wallet_338
2025-05-04 08:07:03,wallet_183,0.0320817,Outgoing,1,2,wallet_351
2025-05-04 08:07:03,wallet_351,0.0320817,Incoming,1,2,wallet_183
2025-05-04 09:53:37,wallet_151,0.58942033,Outgoing,2,2,wallet_238
2025-05-04 09:53:37,wallet_238,0.58942033,Incoming,2,2,wallet_151
2025-05-04 17:49:12,wallet_137,0.92082757,Outgoing,2,2,wallet_018
2025-05-04 17:49:12,wallet_018,0.92082757,Incoming,2,2,wallet_137
2025-05-04 18:06:23,wallet_015,0.01321628,Outgoing,1,3,wallet_107
2025-05-04 18:06:23,wallet_107,0.01321628,Incoming,1,3,wallet_015
2025-05-05 00:18:37,wallet_145,0.0315093,Outgoing,1,1,wallet_123
2025-05-05 00:18:37,wallet_123,0.0315093,Incoming,1,1,wallet_145
2025-05-05 09:56:05,wallet_099,0.15858951,Outgoing,1,3,wallet_054
2025-05-05 09:56:05,wallet_054,0.15858951,Incoming,1,3,wallet_099
2025-05-05 10:34:20,wallet_309,0.05344159,Outgoing,3,1,wallet_165
2025-05-05 10:34:20,wallet_165,0.05344159,Incoming,3,1,wallet_309
2025-05-05 14:16:53,wallet_181,0.038154,Outgoing,2,2,wallet_350
2025-05-05 14:16:53,wallet_350,0.038154,Incoming,2,2,wallet_181
2025-05-05 14:33:08,wallet_015,0.0111022,Outgoing,3,2,wallet_343
2025-05-05 14:33:08,wallet_343,0.0111022,Incoming,3,2,wallet_015
2025-05-05 15:02:09,wallet_166,0.00949405,Outgoing,2,3,wallet_328
2025-05-05 15:02:09,wallet_328,0.00949405,Incoming,2,3,wallet_166
2025-05-05 15:50:08,wallet_332,0.02469022,Outgoing,1,2,wallet_391
2025-05-05 15:50:08,wallet_391,0.02469022,Incoming,1,2,wallet_332
2025-05-05 16:22:41,wallet_334,0.04206874,Outgoing,2,1,wallet_261
2025-05-05 16:22:41,wallet_261,0.04206874,Incoming,2,1,wallet_334
2025-05-05 16:56:07,wallet_001,0.04029078,Outgoing,1,3,wallet_190
2025-05-05 16:56:07,wallet_190,0.04029078,Incoming,1,3,wallet_001
2025-05-05 17:22:53,wallet_370,0.05183979,Outgoing,2,2,wallet_218
2025-05-05 17:22:53,wallet_218,0.05183979,Incoming,2,2,wallet_370
2025-05-05 23:11:18,wallet_215,0.02736426,Outgoing,1,1,wallet_146
2025-05-05 23:11:18,wallet_146,0.02736426,Incoming,1,1,wallet_215
2025-05-06 01:26:17,wallet_267,0.08702935,Outgoing,1,1,wallet_010
2025-05-06 01:26:17,wallet_010,0.08702935,Incoming,1,1,wallet_267
2025-05-06 05:25:47,wallet_351,0.01775304,Outgoing,3,1,wallet_202
2025-05-06 05:25:47,wallet_202,0.01775304,Incoming,3,1,wallet_351
2025-05-06 06:59:22,wallet_287,0.03915245,Outgoing,1,1,wallet_192
2025-05-06 06:59:22,wallet_192,0.03915245,Incoming,1,1,wallet_287
2025-05-06 09:24:38,wallet_124,0.0217235,Outgoing,2,2,wallet_288
2025-05-06 09:24:38,wallet_288,0.0217235,Incoming,2,2,wallet_124
2025-05-06 09:56:13,wallet_354,0.10659153,Outgoing,2,2,wallet_314
2025-05-06 09:56:13,wallet_314,0.10659153,Incoming,2,2,wallet_354
2025-05-06 10:22:14,wallet_228,0.02500277,Outgoing,3,3,wallet_112
2025-05-06 10:22:14,wallet_112,0.02500277,Incoming,3,3,wallet_228
2025-05-06 10:31:40,wallet_170,6.67250674,Outgoing,3,2,wallet_035
2025-05-06 10:31:40,wallet_035,6.67250674,Incoming,3,2,wallet_170
2025-05-06 11:05:33,wallet_035,0.51282361,Outgoing,1,6,wallet_254
2025-05-06 11:05:33,wallet_254,0.51282361,Incoming,1,6,wallet_035
2025-05-06 11:10:41,wallet_196,0.1188849,Outgoing,2,2,wallet_050
2025-05-06 11:10:41,wallet_050,0.1188849,Incoming,2,2,wallet_196
2025-05-06 11:20:21,wallet_035,0.48635752,Outgoing,2,7,wallet_091
2025-05-06 11:20:21,wallet_091,0.48635752,Incoming,2,7,wallet_035
2025-05-06 11:44:41,wallet_035,0.50908107,Outgoing,2,6,wallet_306
2025-05-06 11:44:41,wallet_306,0.50908107,Incoming,2,6,wallet_035
2025-05-06 11:46:05,wallet_228,0.02319519,Outgoing,1,2,wallet_020
2025-05-06 11:46:05,wallet_020,0.02319519,Incoming,1,2,wallet_228
2025-05-06 12:05:05,wallet_035,0.48673258,Outgoing,1,7,wallet_300
2025-05-06 12:05:05,wallet_300,0.48673258,Incoming,1,7,wallet_035
2025-05-06 12:14:15,wallet_035,0.54158487,Outgoing,1,3,wallet_064
2025-05-06 12:14:15,wallet_064,0.54158487,Incoming,1,3,wallet_035
2025-05-06 12:14:29,wallet_192,0.03540729,Outgoing,2,1,wallet_006
2025-05-06 12:14:29,wallet_006,0.03540729,Incoming,2,1,wallet_192
2025-05-06 12:23:35,wallet_035,0.51672097,Outgoing,2,5,wallet_394
2025-05-06 12:23:35,wallet_394,0.51672097,Incoming,2,5,wallet_035
2025-05-06 12:45:18,wallet_035,0.56419917,Outgoing,2,3,wallet_065
2025-05-06 12:45:18,wallet_065,0.56419917,Incoming,2,3,wallet_035
2025-05-06 12:54:16,wallet_035,0.49865164,Outgoing,2,5,wallet_208
2025-05-06 12:54:16,wallet_208,0.49865164,Incoming,2,5,wallet_035
2025-05-06 13:08:08,wallet_035,0.54983458,Outgoing,1,6,wallet_317
2025-05-06 13:08:08,wallet_317,0.54983458,Incoming,1,6,wallet_035
2025-05-06 13:11:33,wallet_035,0.50865256,Outgoing,2,6,wallet_345
2025-05-06 13:11:33,wallet_345,0.50865256,Incoming,2,6,wallet_035
2025-05-06 13:24:41,wallet_035,0.47535403,Outgoing,1,4,wallet_133
2025-05-06 13:24:41,wallet_133,0.47535403,Incoming,1,4,wallet_035
2025-05-06 13:36:44,wallet_035,0.48121256,Outgoing,1,6,wallet_047
2025-05-06 13:36:44,wallet_047,0.48121256,Incoming,1,6,wallet_035
2025-05-06 13:46:48,wallet_035,0.52240465,Outgoing,2,5,wallet_107
2025-05-06 13:46:48,wallet_107,0.52240465,Incoming,2,5,wallet_035
2025-05-06 16:20:30,wallet_352,0.01371122,Outgoing,2,2,wallet_159
2025-05-06 16:20:30,wallet_159,0.01371122,Incoming,2,2,wallet_352
2025-05-06 17:10:21,wallet_008,0.06442877,Outgoing,1,1,wallet_007
2025-05-06 17:10:21,wallet_007,0.06442877,Incoming,1,1,wallet_008
2025-05-06 19:00:08,wallet_147,0.04600565,Outgoing,1,2,wallet_292
2025-05-06 19:00:08,wallet_292,0.04600565,Incoming,1,2,wallet_147
2025-05-07 02:10:56,wallet_346,0.0486003,Outgoing,1,2,wallet_388
2025-05-07 02:10:56,wallet_388,0.0486003,Incoming,1,2,wallet_346
2025-05-07 09:01:04,wallet_003,0.02626811,Outgoing,1,1,wallet_402
2025-05-07 09:01:04,wallet_402,0.02626811,Incoming,1,1,wallet_003
2025-05-07 10:57:54,wallet_030,0.07432851,Outgoing,2,1,wallet_400
2025-05-07 10:57:54,wallet_400,0.07432851,Incoming,2,1,wallet_030
2025-05-07 11:04:15,wallet_388,0.02079296,Outgoing,1,3,wallet_232
2025-05-07 11:04:15,wallet_232,0.02079296,Incoming,1,3,wallet_388
2025-05-07 11:09:50,wallet_281,0.12007745,Outgoing,3,1,wallet_303
2025-05-07 11:09:50,wallet_303,0.12007745,Incoming,3,1,wallet_281
2025-05-07 11:27:49,wallet_104,0.39518283,Outgoing,2,1,wallet_061
2025-05-07 11:27:49,wallet_061,0.39518283,Incoming,2,1,wallet_104
2025-05-07 11:42:19,wallet_174,0.09640121,Outgoing,1,3,wallet_289
2025-05-07 11:42:19,wallet_289,0.09640121,Incoming,1,3,wallet_174
2025-05-07 11:43:25,wallet_255,0.00441957,Outgoing,1,2,wallet_045
2025-05-07 11:43:25,wallet_045,0.00441957,Incoming,1,2,wallet_255
2025-05-07 12:55:28,wallet_188,0.02426804,Outgoing,1,1,wallet_228
2025-05-07 12:55:28,wallet_228,0.02426804,Incoming,1,1,wallet_188
2025-05-07 13:38:33,wallet_405,0.11344566,Outgoing,1,2,wallet_298
2025-05-07 13:38:33,wallet_298,0.11344566,Incoming,1,2,wallet_405
2025-05-07 14:02:53,wallet_288,0.02280825,Outgoing,1,2,wallet_359
2025-05-07 14:02:53,wallet_359,0.02280825,Incoming,1,2,wallet_288
2025-05-07 16:39:58,wallet_068,0.19324474,Outgoing,1,2,wallet_350
2025-05-07 16:39:58,wallet_350,0.19324474,Incoming,1,2,wallet_068
2025-05-07 22:14:17,wallet_306,0.18595681,Outgoing,4,2,wallet_068
2025-05-07 22:14:17,wallet_068,0.18595681,Incoming,4,2,wallet_306
2025-05-08 02:28:09,wallet_319,0.06297262,Outgoing,1,1,wallet_100
2025-05-08 02:28:09,wallet_100,0.06297262,Incoming,1,1,wallet_319
2025-05-08 08:23:06,wallet_036,0.06038178,Outgoing,1,3,wallet_258
2025-05-08 08:23:06,wallet_258,0.06038178,Incoming,1,3,wallet_036
2025-05-08 09:05:41,wallet_241,0.21486907,Outgoing,1,2,wallet_279
2025-05-08 09:05:41,wallet_279,0.21486907,Incoming,1,2,wallet_241
2025-05-08 10:05:08,wallet_306,0.07673502,Outgoing,1,2,wallet_119
2025-05-08 10:05:08,wallet_119,0.07673502,Incoming,1,2,wallet_306
2025-05-08 10:23:28,wallet_258,0.04421833,Outgoing,3,2,wallet_236
2025-05-08 10:23:28,wallet_236,0.04421833,Incoming,3,2,wallet_258
2025-05-08 11:01:53,wallet_131,7.09531649,Outgoing,3,1,wallet_248
2025-05-08 11:01:53,wallet_248,7.09531649,Incoming,3,1,wallet_131
2025-05-08 11:27:35,wallet_282,0.13626926,Outgoing,1,2,wallet_126
2025-05-08 11:27:35,wallet_126,0.13626926,Incoming,1,2,wallet_282
2025-05-08 14:13:20,wallet_064,0.00989705,Outgoing,2,2,wallet_241
2025-05-08 14:13:20,wallet_241,0.00989705,Incoming,2,2,wallet_064
2025-05-08 14:45:01,wallet_207,0.09864465,Outgoing,1,1,wallet_126
2025-05-08 14:45:01,wallet_126,0.09864465,Incoming,1,1,wallet_207
2025-05-08 15:55:31,wallet_076,0.06090734,Outgoing,3,2,wallet_146
2025-05-08 15:55:31,wallet_146,0.06090734,Incoming,3,2,wallet_076
2025-05-08 16:51:09,wallet_159,0.01762059,Outgoing,4,1,wallet_350
2025-05-08 16:51:09,wallet_350,0.01762059,Incoming,4,1,wallet_159
2025-05-08 20:09:14,wallet_269,0.03938894,Outgoing,1,2,wallet_313
2025-05-08 20:09:14,wallet_313,0.03938894,Incoming,1,2,wallet_269
2025-05-08 21:40:07,wallet_352,0.02730509,Outgoing,1,2,wallet_212
2025-05-08 21:40:07,wallet_212,0.02730509,Incoming,1,2,wallet_352
2025-05-09 04:10:36,wallet_248,0.04697292,Outgoing,1,3,wallet_365
2025-05-09 04:10:36,wallet_365,0.04697292,Incoming,1,3,wallet_248
2025-05-09 09:19:45,wallet_398,0.00554432,Outgoing,2,1,wallet_261
2025-05-09 09:19:45,wallet_261,0.00554432,Incoming,2,1,wallet_398
2025-05-09 11:58:32,wallet_018,0.01010184,Outgoing,2,2,wallet_158
2025-05-09 11:58:32,wallet_158,0.01010184,Incoming,2,2,wallet_018
2025-05-09 12:22:54,wallet_396,0.04439264,Outgoing,1,2,wallet_403
2025-05-09 12:22:54,wallet_403,0.04439264,Incoming,1,2,wallet_396
2025-05-09 13:16:38,wallet_127,0.02648001,Outgoing,1,1,wallet_371
2025-05-09 13:16:38,wallet_371,0.02648001,Incoming,1,1,wallet_127
2025-05-09 14:50:55,wallet_117,0.04079476,Outgoing,1,2,wallet_195
2025-05-09 14:50:55,wallet_195,0.04079476,Incoming,1,2,wallet_117
2025-05-09 15:55:24,wallet_119,0.1387273,Outgoing,1,2,wallet_068
2025-05-09 15:55:24,wallet_068,0.1387273,Incoming,1,2,wallet_119
2025-05-10 09:17:07,wallet_265,0.01839594,Outgoing,1,2,wallet_375
2025-05-10 09:17:07,wallet_375,0.01839594,Incoming,1,2,wallet_265
2025-05-10 10:40:16,wallet_407,0.09599573,Outgoing,4,1,wallet_397
2025-05-10 10:40:16,wallet_397,0.09599573,Incoming,4,1,wallet_407
2025-05-10 11:20:37,wallet_251,0.06016384,Outgoing,2,3,wallet_278
2025-05-10 11:20:37,wallet_278,0.06016384,Incoming,2,3,wallet_251
2025-05-10 11:47:38,wallet_344,0.07347894,Outgoing,1,1,wallet_119
2025-05-10 11:47:38,wallet_119,0.07347894,Incoming,1,1,wallet_344
2025-05-10 12:11:46,wallet_069,0.07807207,Outgoing,1,1,wallet_036
2025-05-10 12:11:46,wallet_036,0.07807207,Incoming,1,1,wallet_069
2025-05-10 14:14:31,wallet_015,0.00807102,Outgoing,2,2,wallet_265
2025-05-10 14:14:31,wallet_265,0.00807102,Incoming,2,2,wallet_015
2025-05-10 14:23:59,wallet_403,0.35156106,Outgoing,1,2,wallet_238
2025-05-10 14:23:59,wallet_238,0.35156106,Incoming,1,2,wallet_403
2025-05-10 15:18:35,wallet_169,0.01758481,Outgoing,2,2,wallet_376
2025-05-10 15:18:35,wallet_376,0.01758481,Incoming,2,2,wallet_169
2025-05-10 15:25:20,wallet_268,0.07995537,Outgoing,1,3,wallet_360
2025-05-10 15:25:20,wallet_360,0.07995537,Incoming,1,3,wallet_268
2025-05-10 17:25:58,wallet_015,0.06207706,Outgoing,3,3,wallet_091
2025-05-10 17:25:58,wallet_091,0.06207706,Incoming,3,3,wallet_015
2025-05-10 17:56:14,wallet_286,0.23184779,Outgoing,1,1,wallet_168
2025-05-10 17:56:14,wallet_168,0.23184779,Incoming,1,1,wallet_286
2025-05-10 19:55:00,wallet_163,0.01461532,Outgoing,3,1,wallet_301
2025-05-10 19:55:00,wallet_301,0.01461532,Incoming,3,1,wallet_163
2025-05-11 08:01:46,wallet_317,0.02170551,Outgoing,3,1,wallet_298
2025-05-11 08:01:46,wallet_298,0.02170551,Incoming,3,1,wallet_317
2025-05-11 09:12:16,wallet_329,0.46045034,Outgoing,1,3,wallet_376
2025-05-11 09:12:16,wallet_376,0.46045034,Incoming,1,3,wallet_329
2025-05-11 09:41:49,wallet_410,0.03388141,Outgoing,1,2,wallet_388
2025-05-11 09:41:49,wallet_388,0.03388141,Incoming,1,2,wallet_410
2025-05-11 12:48:39,wallet_306,1.40807863,Outgoing,2,1,wallet_244
2025-05-11 12:48:39,wallet_244,1.40807863,Incoming,2,1,wallet_306
2025-05-11 13:56:49,wallet_268,0.03793118,Outgoing,2,2,wallet_360
2025-05-11 13:56:49,wallet_360,0.03793118,Incoming,2,2,wallet_268
2025-05-11 14:37:55,wallet_175,0.2615921,Outgoing,2,1,wallet_169
2025-05-11 14:37:55,wallet_169,0.2615921,Incoming,2,1,wallet_175
2025-05-11 14:38:21,wallet_354,0.0449552,Outgoing,3,3,wallet_350
2025-05-11 14:38:21,wallet_350,0.0449552,Incoming,3,3,wallet_354
2025-05-11 16:03:05,wallet_253,0.06874502,Outgoing,4,2,wallet_112
2025-05-11 16:03:05,wallet_112,0.06874502,Incoming,4,2,wallet_253
2025-05-11 16:25:17,wallet_317,0.02894842,Outgoing,1,3,wallet_133
2025-05-11 16:25:17,wallet_133,0.02894842,Incoming,1,3,wallet_317
2025-05-11 17:20:54,wallet_091,0.03030346,Outgoing,1,3,wallet_107
2025-05-11 17:20:54,wallet_107,0.03030346,Incoming,1,3,wallet_091
2025-05-11 18:33:21,wallet_061,0.04864197,Outgoing,2,2,wallet_402
2025-05-11 18:33:21,wallet_402,0.04864197,Incoming,2,2,wallet_061
2025-05-11 18:46:33,wallet_393,0.14951511,Outgoing,1,2,wallet_387
2025-05-11 18:46:33,wallet_387,0.14951511,Incoming,1,2,wallet_393
2025-05-11 22:33:40,wallet_188,0.15326956,Outgoing,1,2,wallet_094
2025-05-11 22:33:40,wallet_094,0.15326956,Incoming,1,2,wallet_188
2025-05-11 22:59:03,wallet_010,0.07645066,Outgoing,4,1,wallet_267
2025-05-11 22:59:03,wallet_267,0.07645066,Incoming,4,1,wallet_010
2025-05-12 03:57:29,wallet_329,0.46666313,Outgoing,1,1,wallet_376
2025-05-12 03:57:29,wallet_376,0.46666313,Incoming,1,1,wallet_329
2025-05-12 07:56:39,wallet_391,0.03485749,Outgoing,2,2,wallet_194
2025-05-12 07:56:39,wallet_194,0.03485749,Incoming,2,2,wallet_391
2025-05-12 11:06:20,wallet_400,0.31499407,Outgoing,1,2,wallet_383
2025-05-12 11:06:20,wallet_383,0.31499407,Incoming,1,2,wallet_400
2025-05-12 14:03:29,wallet_329,0.46137773,Outgoing,2,1,wallet_376
2025-05-12 14:03:29,wallet_376,0.46137773,Incoming,2,1,wallet_329
2025-05-12 15:01:58,wallet_051,0.0311229,Outgoing,1,1,wallet_317
2025-05-12 15:01:58,wallet_317,0.0311229,Incoming,1,1,wallet_051
2025-05-12 16:28:11,wallet_104,0.09203704,Outgoing,1,2,wallet_292
2025-05-12 16:28:11,wallet_292,0.09203704,Incoming,1,2,wallet_104
2025-05-12 17:35:12,wallet_038,0.02665368,Outgoing,1,2,wallet_008
2025-05-12 17:35:12,wallet_008,0.02665368,Incoming,1,2,wallet_038
2025-05-12 17:35:12,wallet_179,0.03404906,Outgoing,4,2,wallet_243
2025-05-12 17:35:12,wallet_243,0.03404906,Incoming,4,2,wallet_179
2025-05-12 17:44:58,wallet_366,0.05955785,Outgoing,1,2,wallet_151
2025-05-12 17:44:58,wallet_151,0.05955785,Incoming,1,2,wallet_366
2025-05-12 18:38:11,wallet_126,0.03550193,Outgoing,1,1,wallet_282
2025-05-12 18:38:11,wallet_282,0.03550193,Incoming,1,1,wallet_126
2025-05-12 19:08:22,wallet_164,0.06342127,Outgoing,2,2,wallet_302
2025-05-12 19:08:22,wallet_302,0.06342127,Incoming,2,2,wallet_164
2025-05-12 19:16:35,wallet_380,0.12733974,Outgoing,2,3,wallet_234
2025-05-12 19:16:35,wallet_234,0.12733974,Incoming,2,3,wallet_380
2025-05-12 19:20:06,wallet_142,0.04004911,Outgoing,4,1,wallet_163
2025-05-12 19:20:06,wallet_163,0.04004911,Incoming,4,1,wallet_142
2025-05-12 21:29:57,wallet_329,0.46808291,Outgoing,1,1,wallet_376
2025-05-12 21:29:57,wallet_376,0.46808291,Incoming,1,1,wallet_329
2025-05-12 21:31:16,wallet_051,0.04633577,Outgoing,1,2,wallet_317
2025-05-12 21:31:16,wallet_317,0.04633577,Incoming,1,2,wallet_051
2025-05-13 06:12:03,wallet_376,0.46349921,Outgoing,3,2,wallet_329
2025-05-13 06:12:03,wallet_329,0.46349921,Incoming,3,2,wallet_376
2025-05-13 08:34:21,wallet_224,0.0318673,Outgoing,2,2,wallet_377
2025-05-13 08:34:21,wallet_377,0.0318673,Incoming,2,2,wallet_224
2025-05-13 08:56:11,wallet_130,0.06909083,Outgoing,2,3,wallet_104
2025-05-13 08:56:11,wallet_104,0.06909083,Incoming,2,3,wallet_130
2025-05-13 11:20:48,wallet_100,0.27219045,Outgoing,1,2,wallet_262
2025-05-13 11:20:48,wallet_262,0.27219045,Incoming,1,2,wallet_100
2025-05-13 13:39:38,wallet_228,0.24184413,Outgoing,2,1,wallet_112
2025-05-13 13:39:38,wallet_112,0.24184413,Incoming,2,1,wallet_228
2025-05-13 16:24:15,wallet_166,0.01545977,Outgoing,1,1,wallet_238
2025-05-13 16:24:15,wallet_238,0.01545977,Incoming,1,1,wallet_166
2025-05-13 16:57:04,wallet_069,0.01128969,Outgoing,1,3,wallet_085
2025-05-13 16:57:04,wallet_085,0.01128969,Incoming,1,3,wallet_069
2025-05-13 17:52:16,wallet_329,0.4724295,Outgoing,1,1,wallet_376
2025-05-13 17:52:16,wallet_376,0.4724295,Incoming,1,1,wallet_329
2025-05-13 19:05:33,wallet_378,0.01729021,Outgoing,2,1,wallet_169
2025-05-13 19:05:33,wallet_169,0.01729021,Incoming,2,1,wallet_378
2025-05-13 19:42:50,wallet_378,0.00844586,Outgoing,1,2,wallet_169
2025-05-13 19:42:50,wallet_169,0.00844586,Incoming,1,2,wallet_378
2025-05-13 21:31:01,wallet_166,0.00991523,Outgoing,2,1,wallet_128
2025-05-13 21:31:01,wallet_128,0.00991523,Incoming,2,1,wallet_166
2025-05-14 04:12:24,wallet_169,0.1904362,Outgoing,4,2,wallet_275
2025-05-14 04:12:24,wallet_275,0.1904362,Incoming,4,2,wallet_169
2025-05-14 05:59:52,wallet_329,0.46966279,Outgoing,1,2,wallet_376
2025-05-14 05:59:52,wallet_376,0.46966279,Incoming,1,2,wallet_329
2025-05-14 07:58:19,wallet_051,0.15609244,Outgoing,2,1,wallet_052
2025-05-14 07:58:19,wallet_052,0.15609244,Incoming,2,1,wallet_051
2025-05-14 11:41:56,wallet_100,0.01329116,Outgoing,2,2,wallet_272
2025-05-14 11:41:56,wallet_272,0.01329116,Incoming,2,2,wallet_100
2025-05-14 12:35:31,wallet_377,0.40257451,Outgoing,3,2,wallet_175
2025-05-14 12:35:31,wallet_175,0.40257451,Incoming,3,2,wallet_377
2025-05-14 14:00:18,wallet_207,0.16574626,Outgoing,3,2,wallet_256
2025-05-14 14:00:18,wallet_256,0.16574626,Incoming,3,2,wallet_207
2025-05-14 14:23:42,wallet_045,0.00614558,Outgoing,2,1,wallet_193
2025-05-14 14:23:42,wallet_193,0.00614558,Incoming,2,1,wallet_045
2025-05-14 14:34:49,wallet_013,0.02005995,Outgoing,1,2,wallet_169
2025-05-14 14:34:49,wallet_169,0.02005995,Incoming,1,2,wallet_013
2025-05-14 14:58:17,wallet_070,0.05509066,Outgoing,1,2,wallet_398
2025-05-14 14:58:17,wallet_398,0.05509066,Incoming,1,2,wallet_070
2025-05-14 15:07:59,wallet_064,0.01922864,Outgoing,1,2,wallet_037
2025-05-14 15:07:59,wallet_037,0.01922864,Incoming,1,2,wallet_064
2025-05-14 15:25:14,wallet_025,0.5875564,Outgoing,1,2,wallet_371
2025-05-14 15:25:14,wallet_371,0.5875564,Incoming,1,2,wallet_025
2025-05-14 15:29:17,wallet_284,0.02248355,Outgoing,1,2,wallet_262
2025-05-14 15:29:17,wallet_262,0.02248355,Incoming,1,2,wallet_284
2025-05-14 15:39:21,wallet_329,0.46771279,Outgoing,1,1,wallet_376
2025-05-14 15:39:21,wallet_376,0.46771279,Incoming,1,1,wallet_329
2025-05-14 17:38:19,wallet_333,0.00552163,Outgoing,2,3,wallet_045
2025-05-14 17:38:19,wallet_045,0.00552163,Incoming,2,3,wallet_333
2025-05-14 23:05:49,wallet_329,0.47447923,Outgoing,1,1,wallet_376
2025-05-14 23:05:49,wallet_376,0.47447923,Incoming,1,1,wallet_329
2025-05-14 23:35:25,wallet_050,0.17063659,Outgoing,4,1,wallet_251
2025-05-14 23:35:25,wallet_251,0.17063659,Incoming,4,1,wallet_050
2025-05-15 11:24:10,wallet_076,0.04835607,Outgoing,1,1,wallet_346
2025-05-15 11:24:10,wallet_346,0.04835607,Incoming,1,1,wallet_076
2025-05-15 11:41:31,wallet_126,0.03197223,Outgoing,4,2,wallet_282
2025-05-15 11:41:31,wallet_282,0.03197223,Incoming,4,2,wallet_126
2025-05-15 12:15:07,wallet_100,0.01658536,Outgoing,4,3,wallet_350
2025-05-15 12:15:07,wallet_350,0.01658536,Incoming,4,3,wallet_100
2025-05-15 13:36:04,wallet_186,0.07438521,Outgoing,2,2,wallet_231
2025-05-15 13:36:04,wallet_231,0.07438521,Incoming,2,2,wallet_186
2025-05-15 13:40:19,wallet_189,0.01486754,Outgoing,1,2,wallet_182
2025-05-15 13:40:19,wallet_182,0.01486754,Incoming,1,2,wallet_189
2025-05-15 14:36:05,wallet_065,0.14983247,Outgoing,1,3,wallet_350
2025-05-15 14:36:05,wallet_350,0.14983247,Incoming,1,3,wallet_065
2025-05-15 15:25:47,wallet_105,0.12952246,Outgoing,2,3,wallet_068
2025-05-15 15:25:47,wallet_068,0.12952246,Incoming,2,3,wallet_105
2025-05-15 16:21:12,wallet_376,0.47316487,Outgoing,2,2,wallet_329
2025-05-15 16:21:12,wallet_329,0.47316487,Incoming,2,2,wallet_376
2025-05-15 18:21:33,wallet_076,0.0674961,Outgoing,1,2,wallet_248
2025-05-15 18:21:33,wallet_248,0.0674961,Incoming,1,2,wallet_076
2025-05-15 20:09:00,wallet_205,0.18098987,Outgoing,1,3,wallet_379
2025-05-15 20:09:00,wallet_379,0.18098987,Incoming,1,3,wallet_205
2025-05-16 04:19:35,wallet_329,0.46271424,Outgoing,2,1,wallet_376
2025-05-16 04:19:35,wallet_376,0.46271424,Incoming,2,1,wallet_329
2025-05-16 11:29:26,wallet_307,0.01912638,Outgoing,1,2,wallet_232
2025-05-16 11:29:26,wallet_232,0.01912638,Incoming,1,2,wallet_307
2025-05-16 12:03:14,wallet_357,0.01847482,Outgoing,1,1,wallet_394
2025-05-16 12:03:14,wallet_394,0.01847482,Incoming,1,1,wallet_357
2025-05-16 15:07:07,wallet_192,0.10335253,Outgoing,1,2,wallet_349
2025-05-16 15:07:07,wallet_349,0.10335253,Incoming,1,2,wallet_192
2025-05-16 16:27:24,wallet_195,0.05317406,Outgoing,1,1,wallet_146
2025-05-16 16:27:24,wallet_146,0.05317406,Incoming,1,1,wallet_195
2025-05-16 17:17:03,wallet_047,0.01559926,Outgoing,1,3,wallet_095
2025-05-16 17:17:03,wallet_095,0.01559926,Incoming,1,3,wallet_047
2025-05-16 19:15:30,wallet_176,0.02429806,Outgoing,1,2,wallet_159
2025-05-16 19:15:30,wallet_159,0.02429806,Incoming,1,2,wallet_176
2025-05-16 19:39:04,wallet_233,0.01662465,Outgoing,2,2,wallet_236
2025-05-16 19:39:04,wallet_236,0.01662465,Incoming,2,2,wallet_233
2025-05-16 22:43:32,wallet_329,0.46598341,Outgoing,1,3,wallet_376
2025-05-16 22:43:32,wallet_376,0.46598341,Incoming,1,3,wallet_329
2025-05-17 04:41:31,wallet_329,0.25926933,Outgoing,1,1,wallet_275
2025-05-17 04:41:31,wallet_275,0.25926933,Incoming,1,1,wallet_329
2025-05-17 12:56:15,wallet_132,0.06523806,Outgoing,1,2,wallet_362
2025-05-17 12:56:15,wallet_362,0.06523806,Incoming,1,2,wallet_132
2025-05-17 13:44:47,wallet_340,0.08687632,Outgoing,1,3,wallet_248
2025-05-17 13:44:47,wallet_248,0.08687632,Incoming,1,3,wallet_340
2025-05-17 13:47:37,wallet_294,0.06758311,Outgoing,1,3,wallet_248
2025-05-17 13:47:37,wallet_248,0.06758311,Incoming,1,3,wallet_294
2025-05-17 15:03:47,wallet_279,0.22122247,Outgoing,2,2,wallet_221
2025-05-17 15:03:47,wallet_221,0.22122247,Incoming,2,2,wallet_279
2025-05-17 16:10:12,wallet_142,0.05215359,Outgoing,2,2,wallet_378
2025-05-17 16:10:12,wallet_378,0.05215359,Incoming,2,2,wallet_142
2025-05-17 16:55:51,wallet_218,0.03879293,Outgoing,1,2,wallet_129
2025-05-17 16:55:51,wallet_129,0.03879293,Incoming,1,2,wallet_218
2025-05-17 17:33:47,wallet_376,0.46826813,Outgoing,3,2,wallet_329
2025-05-17 17:33:47,wallet_329,0.46826813,Incoming,3,2,wallet_376
2025-05-17 18:26:00,wallet_078,0.03126085,Outgoing,1,2,wallet_362
2025-05-17 18:26:00,wallet_362,0.03126085,Incoming,1,2,wallet_078
2025-05-18 09:59:26,wallet_119,0.21131686,Outgoing,1,2,wallet_068
2025-05-18 09:59:26,wallet_068,0.21131686,Incoming,1,2,wallet_119
2025-05-18 11:35:56,wallet_329,0.46623464,Outgoing,2,2,wallet_376
2025-05-18 11:35:56,wallet_376,0.46623464,Incoming,2,2,wallet_329
2025-05-18 12:06:08,wallet_159,0.03453921,Outgoing,1,3,wallet_116
2025-05-18 12:06:08,wallet_116,0.03453921,Incoming,1,3,wallet_159
2025-05-18 12:06:33,wallet_041,0.04818328,Outgoing,4,3,wallet_338
2025-05-18 12:06:33,wallet_338,0.04818328,Incoming,4,3,wallet_041
2025-05-18 15:12:04,wallet_379,0.05983077,Outgoing,4,1,wallet_217
2025-05-18 15:12:04,wallet_217,0.05983077,Incoming,4,1,wallet_379
2025-05-18 16:09:54,wallet_006,0.03438861,Outgoing,1,1,wallet_239
2025-05-18 16:09:54,wallet_239,0.03438861,Incoming,1,1,wallet_006
2025-05-18 16:31:08,wallet_308,0.34455335,Outgoing,1,2,wallet_300
2025-05-18 16:31:08,wallet_300,0.34455335,Incoming,1,2,wallet_308
2025-05-18 16:46:22,wallet_243,0.02796233,Outgoing,1,2,wallet_049
2025-05-18 16:46:22,wallet_049,0.02796233,Incoming,1,2,wallet_243
2025-05-18 17:46:19,wallet_398,0.25159452,Outgoing,1,1,wallet_049
2025-05-18 17:46:19,wallet_049,0.25159452,Incoming,1,1,wallet_398
2025-05-18 18:38:15,wallet_277,0.06882949,Outgoing,3,3,wallet_267
2025-05-18 18:38:15,wallet_267,0.06882949,Incoming,3,3,wallet_277
2025-05-18 19:06:57,wallet_042,0.01830734,Outgoing,1,2,wallet_269
2025-05-18 19:06:57,wallet_269,0.01830734,Incoming,1,2,wallet_042
2025-05-18 19:18:45,wallet_004,0.04675543,Outgoing,2,1,wallet_266
2025-05-18 19:18:45,wallet_266,0.04675543,Incoming,2,1,wallet_004
2025-05-18 20:49:40,wallet_165,0.03545879,Outgoing,4,2,wallet_104
2025-05-18 20:49:40,wallet_104,0.03545879,Incoming,4,2,wallet_165
2025-05-18 20:55:33,wallet_165,0.02354038,Outgoing,2,2,wallet_314
2025-05-18 20:55:33,wallet_314,0.02354038,Incoming,2,2,wallet_165
2025-05-18 21:00:40,wallet_165,0.03463368,Outgoing,1,2,wallet_197
2025-05-18 21:00:40,wallet_197,0.03463368,Incoming,1,2,wallet_165
2025-05-18 21:06:49,wallet_165,0.02250601,Outgoing,3,2,wallet_006
2025-05-18 21:06:49,wallet_006,0.02250601,Incoming,3,2,wallet_165
2025-05-18 21:08:50,wallet_165,0.02552099,Outgoing,3,3,wallet_234
2025-05-18 21:08:50,wallet_234,0.02552099,Incoming,3,3,wallet_165
2025-05-18 21:12:45,wallet_165,0.03289918,Outgoing,1,3,wallet_143
2025-05-18 21:12:45,wallet_143,0.03289918,Incoming,1,3,wallet_165
2025-05-18 21:14:17,wallet_297,0.02691766,Outgoing,1,3,wallet_052
2025-05-18 21:14:17,wallet_052,0.02691766,Incoming,1,3,wallet_297
2025-05-18 21:15:05,wallet_165,0.0258778,Outgoing,1,2,wallet_221
2025-05-18 21:15:05,wallet_221,0.0258778,Incoming,1,2,wallet_165
2025-05-18 21:18:05,wallet_165,0.02645063,Outgoing,3,2,wallet_386
2025-05-18 21:18:05,wallet_386,0.02645063,Incoming,3,2,wallet_165
2025-05-18 21:20:21,wallet_165,0.02275507,Outgoing,1,2,wallet_017
2025-05-18 21:20:21,wallet_017,0.02275507,Incoming,1,2,wallet_165
2025-05-18 21:21:29,wallet_165,0.03439053,Outgoing,2,2,wallet_263
2025-05-18 21:21:29,wallet_263,0.03439053,Incoming,2,2,wallet_165
2025-05-18 21:26:33,wallet_165,0.0275534,Outgoing,1,2,wallet_227
2025-05-18 21:26:33,wallet_227,0.0275534,Incoming,1,2,wallet_165
2025-05-18 21:29:40,wallet_165,0.02086489,Outgoing,1,1,wallet_169
2025-05-18 21:29:40,wallet_169,0.02086489,Incoming,1,1,wallet_165
2025-05-18 21:32:16,wallet_307,0.02226588,Outgoing,1,1,wallet_165
2025-05-18 21:32:16,wallet_165,0.02226588,Incoming,1,1,wallet_307
2025-05-19 03:30:49,wallet_129,0.01015773,Outgoing,2,2,wallet_184
2025-05-19 03:30:49,wallet_184,0.01015773,Incoming,2,2,wallet_129
2025-05-19 09:06:12,wallet_286,0.13022511,Outgoing,2,2,wallet_068
2025-05-19 09:06:12,wallet_068,0.13022511,Incoming,2,2,wallet_286
2025-05-19 13:43:55,wallet_385,0.03894143,Outgoing,2,3,wallet_139
2025-05-19 13:43:55,wallet_139,0.03894143,Incoming,2,3,wallet_385
2025-05-19 14:08:15,wallet_118,0.01386891,Outgoing,3,2,wallet_004
2025-05-19 14:08:15,wallet_004,0.01386891,Incoming,3,2,wallet_118
2025-05-19 15:01:33,wallet_043,0.05560734,Outgoing,1,2,wallet_331
2025-05-19 15:01:33,wallet_331,0.05560734,Incoming,1,2,wallet_043
2025-05-19 16:04:28,wallet_362,0.02327742,Outgoing,1,2,wallet_375
2025-05-19 16:04:28,wallet_375,0.02327742,Incoming,1,2,wallet_362
2025-05-19 16:30:34,wallet_159,0.02738817,Outgoing,2,1,wallet_352
2025-05-19 16:30:34,wallet_352,0.02738817,Incoming,2,1,wallet_159
2025-05-19 18:27:24,wallet_117,0.18575772,Outgoing,2,2,wallet_289
2025-05-19 18:27:24,wallet_289,0.18575772,Incoming,2,2,wallet_117
2025-05-19 19:16:46,wallet_062,0.02605044,Outgoing,4,2,wallet_146
2025-05-19 19:16:46,wallet_146,0.02605044,Incoming,4,2,wallet_062
2025-05-20 00:31:07,wallet_051,1.20174789,Outgoing,1,1,wallet_028
2025-05-20 00:31:07,wallet_028,1.20174789,Incoming,1,1,wallet_051
2025-05-20 00:46:02,wallet_028,1.16642339,Outgoing,1,1,wallet_214
2025-05-20 00:46:02,wallet_214,1.16642339,Incoming,1,1,wallet_028
2025-05-20 00:51:28,wallet_214,1.13512997,Outgoing,1,1,wallet_143
2025-05-20 00:51:28,wallet_143,1.13512997,Incoming,1,1,wallet_214
2025-05-20 07:12:47,wallet_265,0.04858403,Outgoing,1,2,wallet_182
2025-05-20 07:12:47,wallet_182,0.04858403,Incoming,1,2,wallet_265
2025-05-20 08:55:20,wallet_196,0.09175138,Outgoing,1,2,wallet_151
2025-05-20 08:55:20,wallet_151,0.09175138,Incoming,1,2,wallet_196
2025-05-20 13:55:53,wallet_208,0.02166395,Outgoing,1,2,wallet_016
2025-05-20 13:55:53,wallet_016,0.02166395,Incoming,1,2,wallet_208
2025-05-20 14:48:25,wallet_277,0.0934342,Outgoing,2,2,wallet_332
2025-05-20 14:48:25,wallet_332,0.0934342,Incoming,2,2,wallet_277
2025-05-20 14:54:14,wallet_367,0.08737938,Outgoing,1,2,wallet_350
2025-05-20 14:54:14,wallet_350,0.08737938,Incoming,1,2,wallet_367
2025-05-20 15:13:17,wallet_043,0.07617528,Outgoing,2,2,wallet_027
2025-05-20 15:13:17,wallet_027,0.07617528,Incoming,2,2,wallet_043
2025-05-20 15:16:53,wallet_018,2.28257252,Outgoing,1,2,wallet_170
2025-05-20 15:16:53,wallet_170,2.28257252,Incoming,1,2,wallet_018
2025-05-20 15:27:17,wallet_381,0.37598021,Outgoing,1,2,wallet_181
2025-05-20 15:27:17,wallet_181,0.37598021,Incoming,1,2,wallet_381
2025-05-20 21:18:28,wallet_128,0.03744636,Outgoing,2,1,wallet_118
2025-05-20 21:18:28,wallet_118,0.03744636,Incoming,2,1,wallet_128
2025-05-20 22:28:48,wallet_169,0.02081631,Outgoing,3,2,wallet_376
2025-05-20 22:28:48,wallet_376,0.02081631,Incoming,3,2,wallet_169
2025-05-21 05:44:32,wallet_329,0.00588483,Outgoing,4,1,wallet_350
2025-05-21 05:44:32,wallet_350,0.00588483,Incoming,4,1,wallet_329
2025-05-21 06:13:14,wallet_345,0.22900963,Outgoing,1,1,wallet_401
2025-05-21 06:13:14,wallet_401,0.22900963,Incoming,1,1,wallet_345
2025-05-21 09:51:37,wallet_034,0.0209964,Outgoing,2,2,wallet_317
2025-05-21 09:51:37,wallet_317,0.0209964,Incoming,2,2,wallet_034
2025-05-21 10:33:37,wallet_323,0.00434453,Outgoing,1,1,wallet_232
2025-05-21 10:33:37,wallet_232,0.00434453,Incoming,1,1,wallet_323
2025-05-21 10:46:41,wallet_147,0.06900697,Outgoing,1,2,wallet_324
2025-05-21 10:46:41,wallet_324,0.06900697,Incoming,1,2,wallet_147
2025-05-21 11:09:13,wallet_403,0.04927719,Outgoing,1,2,wallet_163
2025-05-21 11:09:13,wallet_163,0.04927719,Incoming,1,2,wallet_403
2025-05-21 13:57:45,wallet_248,0.06604428,Outgoing,4,3,wallet_131
2025-05-21 13:57:45,wallet_131,0.06604428,Incoming,4,3,wallet_248
2025-05-21 14:45:53,wallet_275,0.02823439,Outgoing,1,1,wallet_361
2025-05-21 14:45:53,wallet_361,0.02823439,Incoming,1,1,wallet_275
2025-05-21 17:04:22,wallet_014,0.0937976,Outgoing,1,3,wallet_393
2025-05-21 17:04:22,wallet_393,0.0937976,Incoming,1,3,wallet_014
2025-05-22 07:49:36,wallet_384,0.01510017,Outgoing,1,2,wallet_105
2025-05-22 07:49:36,wallet_105,0.01510017,Incoming,1,2,wallet_384
2025-05-22 08:49:16,wallet_038,0.00774475,Outgoing,3,3,wallet_056
2025-05-22 08:49:16,wallet_056,0.00774475,Incoming,3,3,wallet_038
2025-05-22 09:08:56,wallet_228,0.02585644,Outgoing,1,1,wallet_071
2025-05-22 09:08:56,wallet_071,0.02585644,Incoming,1,1,wallet_228
2025-05-22 12:11:41,wallet_279,0.12401635,Outgoing,1,3,wallet_218
2025-05-22 12:11:41,wallet_218,0.12401635,Incoming,1,3,wallet_279
2025-05-22 14:05:28,wallet_056,0.01507746,Outgoing,1,1,wallet_104
2025-05-22 14:05:28,wallet_104,0.01507746,Incoming,1,1,wallet_056
2025-05-22 14:38:20,wallet_051,0.1787293,Outgoing,2,2,wallet_052
2025-05-22 14:38:20,wallet_052,0.1787293,Incoming,2,2,wallet_051
2025-05-22 15:08:27,wallet_306,0.10395303,Outgoing,1,2,wallet_344
2025-05-22 15:08:27,wallet_344,0.10395303,Incoming,1,2,wallet_306
2025-05-22 16:30:34,wallet_182,0.02324093,Outgoing,1,2,wallet_189
2025-05-22 16:30:34,wallet_189,0.02324093,Incoming,1,2,wallet_182
2025-05-22 17:53:11,wallet_268,0.0620072,Outgoing,1,1,wallet_345
2025-05-22 17:53:11,wallet_345,0.0620072,Incoming,1,1,wallet_268
2025-05-22 18:52:58,wallet_323,0.00839782,Outgoing,1,1,wallet_388
2025-05-22 18:52:58,wallet_388,0.00839782,Incoming,1,1,wallet_323
2025-05-22 20:16:23,wallet_393,0.03245766,Outgoing,3,3,wallet_016
2025-05-22 20:16:23,wallet_016,0.03245766,Incoming,3,3,wallet_393
2025-05-22 22:00:27,wallet_396,1.07959518,Outgoing,1,2,wallet_078
2025-05-22 22:00:27,wallet_078,1.07959518,Incoming,1,2,wallet_396
2025-05-23 03:15:16,wallet_085,0.02125041,Outgoing,2,2,wallet_146
2025-05-23 03:15:16,wallet_146,0.02125041,Incoming,2,2,wallet_085
2025-05-23 05:15:20,wallet_086,0.06671951,Outgoing,1,2,wallet_152
2025-05-23 05:15:20,wallet_152,0.06671951,Incoming,1,2,wallet_086
2025-05-23 09:23:33,wallet_021,0.02223005,Outgoing,3,2,wallet_401
2025-05-23 09:23:33,wallet_401,0.02223005,Incoming,3,2,wallet_021
2025-05-23 10:36:59,wallet_382,0.03447385,Outgoing,1,1,wallet_152
2025-05-23 10:36:59,wallet_152,0.03447385,Incoming,1,1,wallet_382
2025-05-23 10:43:46,wallet_232,0.05649917,Outgoing,1,2,wallet_388
2025-05-23 10:43:46,wallet_388,0.05649917,Incoming,1,2,wallet_232
2025-05-23 12:01:42,wallet_050,0.10804281,Outgoing,3,2,wallet_151
2025-05-23 12:01:42,wallet_151,0.10804281,Incoming,3,2,wallet_050
2025-05-23 16:20:08,wallet_241,0.07078849,Outgoing,2,2,wallet_051
2025-05-23 16:20:08,wallet_051,0.07078849,Incoming,2,2,wallet_241
2025-05-23 17:06:32,wallet_045,0.00670415,Outgoing,2,2,wallet_255
2025-05-23 17:06:32,wallet_255,0.00670415,Incoming,2,2,wallet_045
2025-05-23 18:31:44,wallet_229,0.01746497,Outgoing,3,2,wallet_152
2025-05-23 18:31:44,wallet_152,0.01746497,Incoming,3,2,wallet_229
2025-05-23 20:48:47,wallet_234,0.02915741,Outgoing,1,1,wallet_402
2025-05-23 20:48:47,wallet_402,0.02915741,Incoming,1,1,wallet_234
2025-05-23 23:42:07,wallet_308,0.24383278,Outgoing,2,3,wallet_099
2025-05-23 23:42:07,wallet_099,0.24383278,Incoming,2,3,wallet_308
2025-05-24 01:50:06,wallet_230,0.09592339,Outgoing,1,2,wallet_146
2025-05-24 01:50:06,wallet_146,0.09592339,Incoming,1,2,wallet_230
2025-05-24 09:52:05,wallet_051,0.08590507,Outgoing,1,2,wallet_034
2025-05-24 09:52:05,wallet_034,0.08590507,Incoming,1,2,wallet_051
2025-05-24 12:14:59,wallet_405,0.16717602,Outgoing,2,2,wallet_292
2025-05-24 12:14:59,wallet_292,0.16717602,Incoming,2,2,wallet_405
2025-05-24 12:37:08,wallet_042,0.02016532,Outgoing,2,1,wallet_288
2025-05-24 12:37:08,wallet_288,0.02016532,Incoming,2,1,wallet_042
2025-05-24 13:22:44,wallet_167,0.08894444,Outgoing,3,2,wallet_076
2025-05-24 13:22:44,wallet_076,0.08894444,Incoming,3,2,wallet_167
2025-05-24 14:05:31,wallet_194,0.06615719,Outgoing,3,2,wallet_271
2025-05-24 14:05:31,wallet_271,0.06615719,Incoming,3,2,wallet_194
2025-05-24 14:08:57,wallet_181,0.24957561,Outgoing,1,2,wallet_015
2025-05-24 14:08:57,wallet_015,0.24957561,Incoming,1,2,wallet_181
2025-05-24 15:32:36,wallet_230,0.05346483,Outgoing,2,1,wallet_152
2025-05-24 15:32:36,wallet_152,0.05346483,Incoming,2,1,wallet_230
2025-05-24 16:28:51,wallet_078,0.03388714,Outgoing,4,3,wallet_064
2025-05-24 16:28:51,wallet_064,0.03388714,Incoming,4,3,wallet_078
2025-05-24 19:00:52,wallet_043,0.04724617,Outgoing,1,2,wallet_268
2025-05-24 19:00:52,wallet_268,0.04724617,Incoming,1,2,wallet_043
2025-05-24 22:04:34,wallet_038,0.05659,Outgoing,1,2,wallet_405
2025-05-24 22:04:34,wallet_405,0.05659,Incoming,1,2,wallet_038
2025-05-24 23:14:13,wallet_236,0.1097681,Outgoing,1,3,wallet_054
2025-05-24 23:14:13,wallet_054,0.1097681,Incoming,1,3,wallet_236
2025-05-25 01:07:36,wallet_110,0.0361533,Outgoing,2,1,wallet_284
2025-05-25 01:07:36,wallet_284,0.0361533,Incoming,2,1,wallet_110
2025-05-25 06:19:04,wallet_349,0.14860781,Outgoing,1,1,wallet_397
2025-05-25 06:19:04,wallet_397,0.14860781,Incoming,1,1,wallet_349
2025-05-25 08:27:33,wallet_308,0.12522734,Outgoing,1,2,wallet_099
2025-05-25 08:27:33,wallet_099,0.12522734,Incoming,1,2,wallet_308
2025-05-25 09:27:23,wallet_362,0.08110384,Outgoing,2,2,wallet_274
2025-05-25 09:27:23,wallet_274,0.08110384,Incoming,2,2,wallet_362
2025-05-25 10:55:01,wallet_093,0.08498273,Outgoing,1,2,wallet_350
2025-05-25 10:55:01,wallet_350,0.08498273,Incoming,1,2,wallet_093
2025-05-25 10:59:08,wallet_090,0.06134269,Outgoing,2,2,wallet_145
2025-05-25 10:59:08,wallet_145,0.06134269,Incoming,2,2,wallet_090
2025-05-25 12:23:38,wallet_260,0.03119787,Outgoing,1,2,wallet_190
2025-05-25 12:23:38,wallet_190,0.03119787,Incoming,1,2,wallet_260
2025-05-25 13:14:36,wallet_017,0.14853785,Outgoing,2,3,wallet_090
2025-05-25 13:14:36,wallet_090,0.14853785,Incoming,2,3,wallet_017
2025-05-25 13:27:59,wallet_266,0.03048179,Outgoing,2,1,wallet_275
2025-05-25 13:27:59,wallet_275,0.03048179,Incoming,2,1,wallet_266
2025-05-25 13:46:44,wallet_252,0.02373784,Outgoing,2,2,wallet_235
2025-05-25 13:46:44,wallet_235,0.02373784,Incoming,2,2,wallet_252
2025-05-25 16:18:26,wallet_340,0.04856381,Outgoing,2,3,wallet_248
2025-05-25 16:18:26,wallet_248,0.04856381,Incoming,2,3,wallet_340
2025-05-25 17:28:52,wallet_041,0.02876245,Outgoing,1,2,wallet_385
2025-05-25 17:28:52,wallet_385,0.02876245,Incoming,1,2,wallet_041
2025-05-25 21:21:02,wallet_119,0.17425876,Outgoing,1,2,wallet_111
2025-05-25 21:21:02,wallet_111,0.17425876,Incoming,1,2,wallet_119
2025-05-25 22:41:42,wallet_306,0.03508986,Outgoing,2,1,wallet_168
2025-05-25 22:41:42,wallet_168,0.03508986,Incoming,2,1,wallet_306
2025-05-26 06:02:26,wallet_210,0.03258461,Outgoing,3,2,wallet_297
2025-05-26 06:02:26,wallet_297,0.03258461,Incoming,3,2,wallet_210
2025-05-26 07:12:32,wallet_253,0.08290981,Outgoing,1,1,wallet_123
2025-05-26 07:12:32,wallet_123,0.08290981,Incoming,1,1,wallet_253
2025-05-26 09:14:43,wallet_169,0.02514189,Outgoing,2,2,wallet_097
2025-05-26 09:14:43,wallet_097,0.02514189,Incoming,2,2,wallet_169
2025-05-26 11:32:51,wallet_046,0.12454524,Outgoing,2,2,wallet_177
2025-05-26 11:32:51,wallet_177,0.12454524,Incoming,2,2,wallet_046
2025-05-26 12:45:54,wallet_386,0.03264772,Outgoing,1,1,wallet_047
2025-05-26 12:45:54,wallet_047,0.03264772,Incoming,1,1,wallet_386
2025-05-26 14:26:01,wallet_192,0.05700847,Outgoing,1,3,wallet_110
2025-05-26 14:26:01,wallet_110,0.05700847,Incoming,1,3,wallet_192
2025-05-26 14:47:37,wallet_185,0.01628979,Outgoing,4,2,wallet_233
2025-05-26 14:47:37,wallet_233,0.01628979,Incoming,4,2,wallet_185
2025-05-26 16:31:57,wallet_319,0.03878314,Outgoing,1,2,wallet_160
2025-05-26 16:31:57,wallet_160,0.03878314,Incoming,1,2,wallet_319
2025-05-26 16:54:24,wallet_385,0.15298347,Outgoing,1,2,wallet_405
2025-05-26 16:54:24,wallet_405,0.15298347,Incoming,1,2,wallet_385
2025-05-26 18:40:51,wallet_043,0.0196744,Outgoing,1,1,wallet_083
2025-05-26 18:40:51,wallet_083,0.0196744,Incoming,1,1,wallet_043
2025-05-27 06:46:01,wallet_089,0.14637856,Outgoing,2,1,wallet_094
2025-05-27 06:46:01,wallet_094,0.14637856,Incoming,2,1,wallet_089
2025-05-27 08:14:48,wallet_089,0.07623533,Outgoing,2,2,wallet_046
2025-05-27 08:14:48,wallet_046,0.07623533,Incoming,2,2,wallet_089
2025-05-27 09:51:22,wallet_137,0.03395298,Outgoing,2,2,wallet_260
2025-05-27 09:51:22,wallet_260,0.03395298,Incoming,2,2,wallet_137
2025-05-27 12:56:13,wallet_360,0.09134425,Outgoing,1,2,wallet_111
2025-05-27 12:56:13,wallet_111,0.09134425,Incoming,1,2,wallet_360
2025-05-27 13:41:09,wallet_359,0.01803802,Outgoing,2,1,wallet_288
2025-05-27 13:41:09,wallet_288,0.01803802,Incoming,2,1,wallet_359
2025-05-27 14:19:18,wallet_335,0.07883252,Outgoing,3,3,wallet_152
2025-05-27 14:19:18,wallet_152,0.07883252,Incoming,3,3,wallet_335
2025-05-27 14:19:28,wallet_334,0.0446878,Outgoing,1,1,wallet_392
2025-05-27 14:19:28,wallet_392,0.0446878,Incoming,1,1,wallet_334
2025-05-27 14:45:59,wallet_144,0.13264813,Outgoing,1,1,wallet_146
2025-05-27 14:45:59,wallet_146,0.13264813,Incoming,1,1,wallet_144
2025-05-27 15:58:19,wallet_181,0.09129553,Outgoing,1,2,wallet_303
2025-05-27 15:58:19,wallet_303,0.09129553,Incoming,1,2,wallet_181
2025-05-27 16:45:21,wallet_371,0.63691457,Outgoing,2,1,wallet_288
2025-05-27 16:45:21,wallet_288,0.63691457,Incoming,2,1,wallet_371
2025-05-27 16:58:12,wallet_025,0.03667767,Outgoing,1,2,wallet_277
2025-05-27 16:58:12,wallet_277,0.03667767,Incoming,1,2,wallet_025
2025-05-27 18:07:06,wallet_015,0.20846945,Outgoing,2,2,wallet_244
2025-05-27 18:07:06,wallet_244,0.20846945,Incoming,2,2,wallet_015
2025-05-28 05:25:59,wallet_169,0.02526162,Outgoing,1,2,wallet_097
2025-05-28 05:25:59,wallet_097,0.02526162,Incoming,1,2,wallet_169
2025-05-28 08:59:38,wallet_394,0.01140297,Outgoing,1,2,wallet_270
2025-05-28 08:59:38,wallet_270,0.01140297,Incoming,1,2,wallet_394
2025-05-28 09:38:19,wallet_333,0.04319357,Outgoing,2,2,wallet_152
2025-05-28 09:38:19,wallet_152,0.04319357,Incoming,2,2,wallet_333
2025-05-28 11:32:55,wallet_227,0.12851262,Outgoing,2,2,wallet_122
2025-05-28 11:32:55,wallet_122,0.12851262,Incoming,2,2,wallet_227
2025-05-28 11:41:03,wallet_100,0.01234526,Outgoing,1,3,wallet_011
2025-05-28 11:41:03,wallet_011,0.01234526,Incoming,1,3,wallet_100
2025-05-28 12:04:18,wallet_272,0.04005373,Outgoing,1,2,wallet_254
2025-05-28 12:04:18,wallet_254,0.04005373,Incoming,1,2,wallet_272
2025-05-28 13:15:07,wallet_165,0.02699861,Outgoing,2,2,wallet_040
2025-05-28 13:15:07,wallet_040,0.02699861,Incoming,2,2,wallet_165
2025-05-28 13:30:59,wallet_385,0.0320123,Outgoing,2,1,wallet_338
2025-05-28 13:30:59,wallet_338,0.0320123,Incoming,2,1,wallet_385
2025-05-28 17:39:20,wallet_324,0.0659058,Outgoing,3,3,wallet_230
2025-05-28 17:39:20,wallet_230,0.0659058,Incoming,3,3,wallet_324
2025-05-28 18:50:02,wallet_032,0.04988092,Outgoing,1,2,wallet_309
2025-05-28 18:50:02,wallet_309,0.04988092,Incoming,1,2,wallet_032
2025-05-29 05:03:37,wallet_159,0.03912276,Outgoing,2,2,wallet_140
2025-05-29 05:03:37,wallet_140,0.03912276,Incoming,2,2,wallet_159
2025-05-29 06:40:24,wallet_260,0.02350838,Outgoing,1,1,wallet_185
2025-05-29 06:40:24,wallet_185,0.02350838,Incoming,1,1,wallet_260
2025-05-29 07:24:28,wallet_287,0.04444126,Outgoing,1,2,wallet_218
2025-05-29 07:24:28,wallet_218,0.04444126,Incoming,1,2,wallet_287
2025-05-29 08:52:00,wallet_170,0.07135812,Outgoing,1,2,wallet_152
2025-05-29 08:52:00,wallet_152,0.07135812,Incoming,1,2,wallet_170
2025-05-29 09:27:43,wallet_306,0.04715258,Outgoing,2,2,wallet_168
2025-05-29 09:27:43,wallet_168,0.04715258,Incoming,2,2,wallet_306
2025-05-29 10:49:38,wallet_374,0.06298075,Outgoing,2,2,wallet_231
2025-05-29 10:49:38,wallet_231,0.06298075,Incoming,2,2,wallet_374
2025-05-29 10:55:04,wallet_086,0.22344112,Outgoing,3,1,wallet_087
2025-05-29 10:55:04,wallet_087,0.22344112,Incoming,3,1,wallet_086
2025-05-29 13:03:58,wallet_129,0.03373726,Outgoing,2,3,wallet_040
2025-05-29 13:03:58,wallet_040,0.03373726,Incoming,2,3,wallet_129
2025-05-29 14:49:57,wallet_344,0.1062091,Outgoing,1,1,wallet_283
2025-05-29 14:49:57,wallet_283,0.1062091,Incoming,1,1,wallet_344
2025-05-29 15:49:53,wallet_319,0.03368353,Outgoing,2,2,wallet_160
2025-05-29 15:49:53,wallet_160,0.03368353,Incoming,2,2,wallet_319
2025-05-29 17:18:51,wallet_159,0.01868312,Outgoing,2,1,wallet_196
2025-05-29 17:18:51,wallet_196,0.01868312,Incoming,2,1,wallet_159
2025-05-29 20:04:22,wallet_342,0.10173107,Outgoing,2,2,wallet_090
2025-05-29 20:04:22,wallet_090,0.10173107,Incoming,2,2,wallet_342
2025-05-30 09:16:10,wallet_091,0.06121229,Outgoing,4,2,wallet_182
2025-05-30 09:16:10,wallet_182,0.06121229,Incoming,4,2,wallet_091
2025-05-30 11:43:28,wallet_343,0.01557219,Outgoing,1,3,wallet_107
2025-05-30 11:43:28,wallet_107,0.01557219,Incoming,1,3,wallet_343
2025-05-30 14:26:31,wallet_344,0.07749551,Outgoing,3,3,wallet_283
2025-05-30 14:26:31,wallet_283,0.07749551,Incoming,3,3,wallet_344
2025-05-30 15:55:49,wallet_292,0.0689124,Outgoing,1,1,wallet_405
2025-05-30 15:55:49,wallet_405,0.0689124,Incoming,1,1,wallet_292
2025-05-30 16:03:14,wallet_300,0.25748686,Outgoing,2,1,wallet_131
2025-05-30 16:03:14,wallet_131,0.25748686,Incoming,2,1,wallet_300
2025-05-31 04:47:47,wallet_230,0.03257519,Outgoing,2,2,wallet_252
2025-05-31 04:47:47,wallet_252,0.03257519,Incoming,2,2,wallet_230
2025-05-31 06:08:57,wallet_217,0.06784508,Outgoing,2,1,wallet_192
2025-05-31 06:08:57,wallet_192,0.06784508,Incoming,2,1,wallet_217
2025-05-31 08:28:32,wallet_384,0.01153714,Outgoing,1,2,wallet_215
2025-05-31 08:28:32,wallet_215,0.01153714,Incoming,1,2,wallet_384
2025-05-31 09:11:00,wallet_198,0.0188631,Outgoing,3,3,wallet_169
2025-05-31 09:11:00,wallet_169,0.0188631,Incoming,3,3,wallet_198
2025-05-31 10:49:16,wallet_249,0.01322078,Outgoing,4,3,wallet_105
2025-05-31 10:49:16,wallet_105,0.01322078,Incoming,4,3,wallet_249
2025-05-31 11:22:40,wallet_228,0.04613409,Outgoing,1,3,wallet_123
2025-05-31 11:22:40,wallet_123,0.04613409,Incoming,1,3,wallet_228
2025-05-31 11:48:41,wallet_090,0.13566912,Outgoing,2,1,wallet_267
2025-05-31 11:48:41,wallet_267,0.13566912,Incoming,2,1,wallet_090
2025-05-31 12:30:00,wallet_296,0.05301591,Outgoing,1,3,wallet_228
2025-05-31 12:30:00,wallet_228,0.05301591,Incoming,1,3,wallet_296
2025-05-31 12:57:57,wallet_016,0.03121341,Outgoing,1,2,wallet_393
2025-05-31 12:57:57,wallet_393,0.03121341,Incoming,1,2,wallet_016
2025-05-31 13:53:55,wallet_364,0.03965215,Outgoing,1,3,wallet_042
2025-05-31 13:53:55,wallet_042,0.03965215,Incoming,1,3,wallet_364
2025-05-31 14:03:00,wallet_296,0.12463109,Outgoing,1,1,wallet_110
2025-05-31 14:03:00,wallet_110,0.12463109,Incoming,1,1,wallet_296
2025-05-31 14:24:42,wallet_316,0.0488768,Outgoing,1,1,wallet_070
2025-05-31 14:24:42,wallet_070,0.0488768,Incoming,1,1,wallet_316
2025-05-31 16:45:00,wallet_369,0.07402937,Outgoing,1,1,wallet_189
2025-05-31 16:45:00,wallet_189,0.07402937,Incoming,1,1,wallet_369
2025-05-31 16:53:00,wallet_369,0.14281323,Outgoing,3,2,wallet_288
2025-05-31 16:53:00,wallet_288,0.14281323,Incoming,3,2,wallet_369
2025-05-31 16:56:00,wallet_296,0.02322328,Outgoing,1,1,wallet_257
2025-05-31 16:56:00,wallet_257,0.02322328,Incoming,1,1,wallet_296
2025-05-31 17:28:23,wallet_365,0.04362759,Outgoing,3,1,wallet_350
2025-05-31 17:28:23,wallet_350,0.04362759,Incoming,3,1,wallet_365
2025-05-31 17:49:33,wallet_384,0.07101685,Outgoing,3,1,wallet_344
2025-05-31 17:49:33,wallet_344,0.07101685,Incoming,3,1,wallet_384
2025-05-31 19:52:00,wallet_003,0.01001516,Outgoing,1,3,wallet_015
2025-05-31 19:52:00,wallet_015,0.01001516,Incoming,1,3,wallet_003
2025-06-01 07:55:54,wallet_252,0.04521535,Outgoing,1,3,wallet_212
2025-06-01 07:55:54,wallet_212,0.04521535,Incoming,1,3,wallet_252
2025-06-01 08:01:16,wallet_143,0.0450233,Outgoing,1,2,wallet_234
2025-06-01 08:01:16,wallet_234,0.0450233,Incoming,1,2,wallet_143
2025-06-01 08:57:42,wallet_303,0.01595976,Outgoing,2,2,wallet_258
2025-06-01 08:57:42,wallet_258,0.01595976,Incoming,2,2,wallet_303
2025-06-01 09:31:28,wallet_119,0.15362997,Outgoing,1,1,wallet_249
2025-06-01 09:31:28,wallet_249,0.15362997,Incoming,1,1,wallet_119
2025-06-01 11:01:49,wallet_029,0.06767693,Outgoing,1,2,wallet_266
2025-06-01 11:01:49,wallet_266,0.06767693,Incoming,1,2,wallet_029
2025-06-01 11:21:00,wallet_369,0.09856866,Outgoing,1,1,wallet_275
2025-06-01 11:21:00,wallet_275,0.09856866,Incoming,1,1,wallet_369
2025-06-01 12:38:00,wallet_296,0.13462858,Outgoing,2,2,wallet_184
2025-06-01 12:38:00,wallet_184,0.13462858,Incoming,2,2,wallet_296
2025-06-01 13:04:11,wallet_064,0.00893256,Outgoing,1,1,wallet_396
2025-06-01 13:04:11,wallet_396,0.00893256,Incoming,1,1,wallet_064
2025-06-01 14:08:00,wallet_369,0.11350122,Outgoing,3,2,wallet_021
2025-06-01 14:08:00,wallet_021,0.11350122,Incoming,3,2,wallet_369
2025-06-01 14:45:00,wallet_369,0.09521664,Outgoing,4,3,wallet_219
2025-06-01 14:45:00,wallet_219,0.09521664,Incoming,4,3,wallet_369
2025-06-01 14:55:00,wallet_296,0.13031248,Outgoing,1,2,wallet_083
2025-06-01 14:55:00,wallet_083,0.13031248,Incoming,1,2,wallet_296
2025-06-01 15:39:00,wallet_296,0.06826577,Outgoing,2,1,wallet_111
2025-06-01 15:39:00,wallet_111,0.06826577,Incoming,2,1,wallet_296
2025-06-01 15:40:09,wallet_237,0.01980489,Outgoing,3,2,wallet_229
2025-06-01 15:40:09,wallet_229,0.01980489,Incoming,3,2,wallet_237
2025-06-01 15:51:26,wallet_318,1.96106099,Outgoing,1,2,wallet_049
2025-06-01 15:51:26,wallet_049,1.96106099,Incoming,1,2,wallet_318
2025-06-01 18:01:32,wallet_367,0.02544559,Outgoing,1,1,wallet_182
2025-06-01 18:01:32,wallet_182,0.02544559,Incoming,1,1,wallet_367
2025-06-01 18:45:03,wallet_185,0.02025431,Outgoing,1,2,wallet_318
2025-06-01 18:45:03,wallet_318,0.02025431,Incoming,1,2,wallet_185
2025-06-01 20:07:10,wallet_314,0.02701311,Outgoing,3,3,wallet_017
2025-06-01 20:07:10,wallet_017,0.02701311,Incoming,3,3,wallet_314
2025-06-01 20:36:38,wallet_321,0.14643392,Outgoing,4,2,wallet_382
2025-06-01 20:36:38,wallet_382,0.14643392,Incoming,4,2,wallet_321
2025-06-01 21:16:14,wallet_069,0.08117732,Outgoing,2,1,wallet_236
2025-06-01 21:16:14,wallet_236,0.08117732,Incoming,2,1,wallet_069
2025-06-01 21:40:16,wallet_037,0.04308378,Outgoing,4,2,wallet_034
2025-06-01 21:40:16,wallet_034,0.04308378,Incoming,4,2,wallet_037
2025-06-02 09:30:00,wallet_296,0.04033478,Outgoing,1,2,wallet_239
2025-06-02 09:30:00,wallet_239,0.04033478,Incoming,1,2,wallet_296
2025-06-02 11:55:46,wallet_299,0.08034354,Outgoing,2,1,wallet_105
2025-06-02 11:55:46,wallet_105,0.08034354,Incoming,2,1,wallet_299
2025-06-02 11:56:00,wallet_369,0.08275068,Outgoing,3,1,wallet_386
2025-06-02 11:56:00,wallet_386,0.08275068,Incoming,3,1,wallet_369
2025-06-02 12:08:00,wallet_369,0.07086921,Outgoing,1,3,wallet_340
2025-06-02 12:08:00,wallet_340,0.07086921,Incoming,1,3,wallet_369
2025-06-02 12:18:59,wallet_137,0.02450104,Outgoing,4,1,wallet_160
2025-06-02 12:18:59,wallet_160,0.02450104,Incoming,4,1,wallet_137
2025-06-02 12:44:09,wallet_344,0.06806814,Outgoing,1,3,wallet_384
2025-06-02 12:44:09,wallet_384,0.06806814,Incoming,1,3,wallet_344
2025-06-02 13:33:32,wallet_196,0.01285906,Outgoing,2,1,wallet_368
2025-06-02 13:33:32,wallet_368,0.01285906,Incoming,2,1,wallet_196
2025-06-02 14:44:57,wallet_013,0.09559056,Outgoing,2,2,wallet_152
2025-06-02 14:44:57,wallet_152,0.09559056,Incoming,2,2,wallet_013
2025-06-02 14:51:00,wallet_369,0.05200182,Outgoing,1,2,wallet_078
2025-06-02 14:51:00,wallet_078,0.05200182,Incoming,1,2,wallet_369
2025-06-02 14:57:00,wallet_296,0.02252184,Outgoing,1,1,wallet_119
2025-06-02 14:57:00,wallet_119,0.02252184,Incoming,1,1,wallet_296
2025-06-02 15:40:48,wallet_105,0.22599025,Outgoing,1,2,wallet_068
2025-06-02 15:40:48,wallet_068,0.22599025,Incoming,1,2,wallet_105
2025-06-02 16:17:21,wallet_147,0.06118049,Outgoing,1,2,wallet_397
2025-06-02 16:17:21,wallet_397,0.06118049,Incoming,1,2,wallet_147
2025-06-02 16:59:27,wallet_384,0.28534184,Outgoing,1,1,wallet_273
2025-06-02 16:59:27,wallet_273,0.28534184,Incoming,1,1,wallet_384
2025-06-02 17:18:18,wallet_372,0.48646776,Outgoing,1,1,wallet_273
2025-06-02 17:18:18,wallet_273,0.48646776,Incoming,1,1,wallet_372
2025-06-02 17:31:19,wallet_238,0.01243455,Outgoing,1,2,wallet_166
2025-06-02 17:31:19,wallet_166,0.01243455,Incoming,1,2,wallet_238
2025-06-02 17:47:47,wallet_009,0.54564978,Outgoing,1,1,wallet_273
2025-06-02 17:47:47,wallet_273,0.54564978,Incoming,1,1,wallet_009
2025-06-02 18:00:32,wallet_401,0.23962141,Outgoing,2,1,wallet_273
2025-06-02 18:00:32,wallet_273,0.23962141,Incoming,2,1,wallet_401
2025-06-02 18:25:48,wallet_260,0.13174091,Outgoing,2,1,wallet_273
2025-06-02 18:25:48,wallet_273,0.13174091,Incoming,2,1,wallet_260
2025-06-02 18:52:31,wallet_279,0.19703299,Outgoing,1,2,wallet_273
2025-06-02 18:52:31,wallet_273,0.19703299,Incoming,1,2,wallet_279
2025-06-02 19:00:20,wallet_137,0.23513387,Outgoing,2,2,wallet_273
2025-06-02 19:00:20,wallet_273,0.23513387,Incoming,2,2,wallet_137
2025-06-02 19:15:42,wallet_280,0.38284727,Outgoing,2,2,wallet_273
2025-06-02 19:15:42,wallet_273,0.38284727,Incoming,2,2,wallet_280
2025-06-02 19:33:21,wallet_330,0.55387243,Outgoing,1,1,wallet_273
2025-06-02 19:33:21,wallet_273,0.55387243,Incoming,1,1,wallet_330
2025-06-02 19:47:49,wallet_404,0.55011572,Outgoing,1,1,wallet_273
2025-06-02 19:47:49,wallet_273,0.55011572,Incoming,1,1,wallet_404
2025-06-02 20:20:06,wallet_056,0.07724422,Outgoing,2,1,wallet_273
2025-06-02 20:20:06,wallet_273,0.07724422,Incoming,2,1,wallet_056
2025-06-02 20:50:38,wallet_405,0.16518806,Outgoing,1,1,wallet_273
2025-06-02 20:50:38,wallet_273,0.16518806,Incoming,1,1,wallet_405
2025-06-02 21:26:48,wallet_262,0.20725872,Outgoing,1,2,wallet_273
2025-06-02 21:26:48,wallet_273,0.20725872,Incoming,1,2,wallet_262
2025-06-02 21:33:15,wallet_297,0.29374789,Outgoing,1,2,wallet_273
2025-06-02 21:33:15,wallet_273,0.29374789,Incoming,1,2,wallet_297
2025-06-02 22:13:00,wallet_162,0.11094242,Outgoing,2,2,wallet_273
2025-06-02 22:13:00,wallet_273,0.11094242,Incoming,2,2,wallet_162
2025-06-03 01:51:57,wallet_273,4.41758324,Outgoing,5,1,wallet_034
2025-06-03 01:51:57,wallet_034,4.41758324,Incoming,5,1,wallet_273
2025-06-03 08:23:51,wallet_100,0.04930886,Outgoing,2,2,wallet_319
2025-06-03 08:23:51,wallet_319,0.04930886,Incoming,2,2,wallet_100
2025-06-03 09:53:00,wallet_182,0.02211194,Outgoing,1,3,wallet_170
2025-06-03 09:53:00,wallet_170,0.02211194,Incoming,1,3,wallet_182
2025-06-03 12:35:50,wallet_283,0.12440935,Outgoing,2,2,wallet_286
2025-06-03 12:35:50,wallet_286,0.12440935,Incoming,2,2,wallet_283
2025-06-03 14:58:15,wallet_344,0.06468735,Outgoing,1,1,wallet_306
2025-06-03 14:58:15,wallet_306,0.06468735,Incoming,1,1,wallet_344
2025-06-03 15:05:50,wallet_016,0.0334009,Outgoing,2,1,wallet_350
2025-06-03 15:05:50,wallet_350,0.0334009,Incoming,2,1,wallet_016
2025-06-03 15:46:10,wallet_041,0.06041936,Outgoing,2,2,wallet_385
2025-06-03 15:46:10,wallet_385,0.06041936,Incoming,2,2,wallet_041
2025-06-03 17:42:44,wallet_398,0.21660001,Outgoing,1,3,wallet_049
2025-06-03 17:42:44,wallet_049,0.21660001,Incoming,1,3,wallet_398
2025-06-03 17:52:24,wallet_366,0.02181989,Outgoing,1,2,wallet_179
2025-06-03 17:52:24,wallet_179,0.02181989,Incoming,1,2,wallet_366
2025-06-04 01:04:28,wallet_237,0.00640898,Outgoing,1,1,wallet_364
2025-06-04 01:04:28,wallet_364,0.00640898,Incoming,1,1,wallet_237
2025-06-04 06:15:25,wallet_286,0.10927557,Outgoing,2,2,wallet_201
2025-06-04 06:15:25,wallet_201,0.10927557,Incoming,2,2,wallet_286
2025-06-04 09:08:55,wallet_307,0.04663782,Outgoing,3,3,wallet_410
2025-06-04 09:08:55,wallet_410,0.04663782,Incoming,3,3,wallet_307
2025-06-04 10:27:42,wallet_286,0.12730699,Outgoing,2,2,wallet_201
2025-06-04 10:27:42,wallet_201,0.12730699,Incoming,2,2,wallet_286
2025-06-04 10:42:53,wallet_029,0.08227783,Outgoing,3,1,wallet_146
2025-06-04 10:42:53,wallet_146,0.08227783,Incoming,3,1,wallet_029
2025-06-04 11:00:04,wallet_319,0.03932715,Outgoing,1,3,wallet_100
2025-06-04 11:00:04,wallet_100,0.03932715,Incoming,1,3,wallet_319
2025-06-04 13:25:36,wallet_015,0.01880667,Outgoing,1,2,wallet_038
2025-06-04 13:25:36,wallet_038,0.01880667,Incoming,1,2,wallet_015
2025-06-04 16:34:52,wallet_161,4.50040573,Outgoing,1,1,wallet_341
2025-06-04 16:34:52,wallet_341,4.50040573,Incoming,1,1,wallet_161
2025-06-04 16:39:59,wallet_261,0.01872116,Outgoing,1,2,wallet_334
2025-06-04 16:39:59,wallet_334,0.01872116,Incoming,1,2,wallet_261
2025-06-04 16:41:14,wallet_341,4.46152141,Outgoing,1,2,wallet_395
2025-06-04 16:41:14,wallet_395,4.46152141,Incoming,1,2,wallet_341
2025-06-04 16:59:35,wallet_395,4.43914577,Outgoing,2,1,wallet_196
2025-06-04 16:59:35,wallet_196,4.43914577,Incoming,2,1,wallet_395
2025-06-04 17:09:05,wallet_277,0.17349811,Outgoing,2,3,wallet_267
2025-06-04 17:09:05,wallet_267,0.17349811,Incoming,2,3,wallet_277
2025-06-04 17:39:39,wallet_196,0.16635341,Outgoing,2,2,wallet_404
2025-06-04 17:39:39,wallet_404,0.16635341,Incoming,2,2,wallet_196
2025-06-04 18:54:32,wallet_130,0.06112872,Outgoing,2,1,wallet_378
2025-06-04 18:54:32,wallet_378,0.06112872,Incoming,2,1,wallet_130
2025-06-05 06:29:23,wallet_055,0.07303363,Outgoing,2,2,wallet_179
2025-06-05 06:29:23,wallet_179,0.07303363,Incoming,2,2,wallet_055
2025-06-05 07:21:39,wallet_015,0.11148921,Outgoing,1,2,wallet_008
2025-06-05 07:21:39,wallet_008,0.11148921,Incoming,1,2,wallet_015
2025-06-05 08:42:34,wallet_068,0.10089185,Outgoing,3,2,wallet_105
2025-06-05 08:42:34,wallet_105,0.10089185,Incoming,3,2,wallet_068
2025-06-05 09:47:57,wallet_345,0.19330311,Outgoing,2,1,wallet_083
2025-06-05 09:47:57,wallet_083,0.19330311,Incoming,2,1,wallet_345
2025-06-05 09:59:40,wallet_097,0.02777284,Outgoing,1,2,wallet_104
2025-06-05 09:59:40,wallet_104,0.02777284,Incoming,1,2,wallet_097
2025-06-05 10:24:46,wallet_294,0.05252954,Outgoing,1,1,wallet_401
2025-06-05 10:24:46,wallet_401,0.05252954,Incoming,1,1,wallet_294
2025-06-05 11:32:21,wallet_217,0.07019612,Outgoing,4,1,wallet_152
2025-06-05 11:32:21,wallet_152,0.07019612,Incoming,4,1,wallet_217
2025-06-05 15:33:32,wallet_123,0.0379636,Outgoing,1,2,wallet_253
2025-06-05 15:33:32,wallet_253,0.0379636,Incoming,1,2,wallet_123
2025-06-05 17:24:04,wallet_173,0.01376806,Outgoing,1,3,wallet_401
2025-06-05 17:24:04,wallet_401,0.01376806,Incoming,1,3,wallet_173
2025-06-05 18:26:29,wallet_174,0.12875692,Outgoing,1,3,wallet_331
2025-06-05 18:26:29,wallet_331,0.12875692,Incoming,1,3,wallet_174
2025-06-05 18:32:55,wallet_298,0.04722866,Outgoing,1,1,wallet_410
2025-06-05 18:32:55,wallet_410,0.04722866,Incoming,1,1,wallet_298
2025-06-05 20:23:58,wallet_349,0.0243595,Outgoing,1,2,wallet_082
2025-06-05 20:23:58,wallet_082,0.0243595,Incoming,1,2,wallet_349
2025-06-05 22:31:42,wallet_403,0.06098185,Outgoing,1,2,wallet_350
2025-06-05 22:31:42,wallet_350,0.06098185,Incoming,1,2,wallet_403
2025-06-06 01:12:54,wallet_045,0.00623139,Outgoing,2,1,wallet_146
2025-06-06 01:12:54,wallet_146,0.00623139,Incoming,2,1,wallet_045
2025-06-06 01:30:01,wallet_309,0.10448015,Outgoing,1,1,wallet_032
2025-06-06 01:30:01,wallet_032,0.10448015,Incoming,1,1,wallet_309
2025-06-06 05:43:14,wallet_292,0.16050722,Outgoing,2,2,wallet_405
2025-06-06 05:43:14,wallet_405,0.16050722,Incoming,2,2,wallet_292
2025-06-06 06:01:10,wallet_189,0.01824514,Outgoing,1,1,wallet_375
2025-06-06 06:01:10,wallet_375,0.01824514,Incoming,1,1,wallet_189
2025-06-06 07:04:22,wallet_105,0.02045686,Outgoing,1,2,wallet_152
2025-06-06 07:04:22,wallet_152,0.02045686,Incoming,1,2,wallet_105
2025-06-06 09:53:27,wallet_049,0.19262889,Outgoing,3,1,wallet_398
2025-06-06 09:53:27,wallet_398,0.19262889,Incoming,3,1,wallet_049
2025-06-06 11:03:14,wallet_018,0.08424974,Outgoing,1,2,wallet_241
2025-06-06 11:03:14,wallet_241,0.08424974,Incoming,1,2,wallet_018
2025-06-06 12:08:23,wallet_405,0.09665893,Outgoing,1,2,wallet_298
2025-06-06 12:08:23,wallet_298,0.09665893,Incoming,1,2,wallet_405
2025-06-06 12:11:28,wallet_086,0.01475187,Outgoing,1,2,wallet_343
2025-06-06 12:11:28,wallet_343,0.01475187,Incoming,1,2,wallet_086
2025-06-06 13:01:39,wallet_286,0.03590529,Outgoing,2,1,wallet_249
2025-06-06 13:01:39,wallet_249,0.03590529,Incoming,2,1,wallet_286
2025-06-06 13:14:04,wallet_140,0.02721318,Outgoing,1,1,wallet_303
2025-06-06 13:14:04,wallet_303,0.02721318,Incoming,1,1,wallet_140
2025-06-06 13:40:06,wallet_289,0.17871278,Outgoing,1,2,wallet_405
2025-06-06 13:40:06,wallet_405,0.17871278,Incoming,1,2,wallet_289
2025-06-06 15:58:29,wallet_255,0.00883732,Outgoing,1,2,wallet_333
2025-06-06 15:58:29,wallet_333,0.00883732,Incoming,1,2,wallet_255
2025-06-06 20:24:38,wallet_130,0.03769054,Outgoing,3,3,wallet_378
2025-06-06 20:24:38,wallet_378,0.03769054,Incoming,3,3,wallet_130
2025-06-06 21:02:25,wallet_318,0.04547315,Outgoing,4,1,wallet_243
2025-06-06 21:02:25,wallet_243,0.04547315,Incoming,4,1,wallet_318
2025-06-07 07:12:02,wallet_351,0.03662581,Outgoing,1,1,wallet_202
2025-06-07 07:12:02,wallet_202,0.03662581,Incoming,1,1,wallet_351
2025-06-07 07:12:23,wallet_408,0.01776415,Outgoing,1,2,wallet_125
2025-06-07 07:12:23,wallet_125,0.01776415,Incoming,1,2,wallet_408
2025-06-07 08:20:40,wallet_331,0.02753166,Outgoing,2,2,wallet_385
2025-06-07 08:20:40,wallet_385,0.02753166,Incoming,2,2,wallet_331
2025-06-07 09:23:33,wallet_387,0.05629867,Outgoing,4,2,wallet_146
2025-06-07 09:23:33,wallet_146,0.05629867,Incoming,4,2,wallet_387
2025-06-07 09:55:23,wallet_385,0.17049573,Outgoing,1,1,wallet_405
2025-06-07 09:55:23,wallet_405,0.17049573,Incoming,1,1,wallet_385
2025-06-07 11:08:29,wallet_169,0.01598854,Outgoing,1,1,wallet_378
2025-06-07 11:08:29,wallet_378,0.01598854,Incoming,1,1,wallet_169
2025-06-07 11:11:33,wallet_070,0.11099488,Outgoing,1,1,wallet_318
2025-06-07 11:11:33,wallet_318,0.11099488,Incoming,1,1,wallet_070
2025-06-07 11:16:09,wallet_188,0.01915573,Outgoing,3,2,wallet_038
2025-06-07 11:16:09,wallet_038,0.01915573,Incoming,3,2,wallet_188
2025-06-07 15:51:25,wallet_182,0.02020605,Outgoing,1,1,wallet_188
2025-06-07 15:51:25,wallet_188,0.02020605,Incoming,1,1,wallet_182
2025-06-07 15:53:36,wallet_228,0.03619343,Outgoing,3,1,wallet_071
2025-06-07 15:53:36,wallet_071,0.03619343,Incoming,3,1,wallet_228
2025-06-07 18:02:01,wallet_034,0.03455275,Outgoing,3,2,wallet_037
2025-06-07 18:02:01,wallet_037,0.03455275,Incoming,3,2,wallet_034
2025-06-07 19:55:40,wallet_198,0.04098541,Outgoing,1,1,wallet_361
2025-06-07 19:55:40,wallet_361,0.04098541,Incoming,1,1,wallet_198
2025-06-07 20:47:56,wallet_207,0.29037128,Outgoing,2,1,wallet_043
2025-06-07 20:47:56,wallet_043,0.29037128,Incoming,2,1,wallet_207
2025-06-08 07:35:47,wallet_162,0.01761543,Outgoing,1,3,wallet_372
2025-06-08 07:35:47,wallet_372,0.01761543,Incoming,1,3,wallet_162
2025-06-08 08:43:36,wallet_383,1.22451594,Outgoing,1,1,wallet_072
2025-06-08 08:43:36,wallet_072,1.22451594,Incoming,1,1,wallet_383
2025-06-08 09:26:15,wallet_292,0.07412772,Outgoing,2,1,wallet_174
2025-06-08 09:26:15,wallet_174,0.07412772,Incoming,2,1,wallet_292
2025-06-08 09:47:59,wallet_232,0.01931109,Outgoing,1,2,wallet_307
2025-06-08 09:47:59,wallet_307,0.01931109,Incoming,1,2,wallet_232
2025-06-08 10:11:41,wallet_042,0.02291826,Outgoing,1,1,wallet_288
2025-06-08 10:11:41,wallet_288,0.02291826,Incoming,1,1,wallet_042
2025-06-08 11:43:21,wallet_248,0.06277563,Outgoing,1,2,wallet_365
2025-06-08 11:43:21,wallet_365,0.06277563,Incoming,1,2,wallet_248
2025-06-08 11:51:09,wallet_281,0.26591616,Outgoing,2,2,wallet_068
2025-06-08 11:51:09,wallet_068,0.26591616,Incoming,2,2,wallet_281
2025-06-08 12:02:52,wallet_398,0.04043625,Outgoing,2,3,wallet_304
2025-06-08 12:02:52,wallet_304,0.04043625,Incoming,2,3,wallet_398
2025-06-08 14:05:51,wallet_351,0.03536759,Outgoing,1,1,wallet_345
2025-06-08 14:05:51,wallet_345,0.03536759,Incoming,1,1,wallet_351
2025-06-08 14:19:34,wallet_242,0.29907632,Outgoing,1,3,wallet_334
2025-06-08 14:19:34,wallet_334,0.29907632,Incoming,1,3,wallet_242
2025-06-08 14:32:13,wallet_184,0.06310355,Outgoing,1,3,wallet_040
2025-06-08 14:32:13,wallet_040,0.06310355,Incoming,1,3,wallet_184
2025-06-08 16:50:47,wallet_051,1.52497491,Outgoing,2,2,wallet_406
2025-06-08 16:50:47,wallet_406,1.52497491,Incoming,2,2,wallet_051
2025-06-08 16:59:39,wallet_406,1.5003863,Outgoing,1,1,wallet_031
2025-06-08 16:59:39,wallet_031,1.5003863,Incoming,1,1,wallet_406
2025-06-08 17:08:29,wallet_031,1.46218358,Outgoing,1,1,wallet_127
2025-06-08 17:08:29,wallet_127,1.46218358,Incoming,1,1,wallet_031
2025-06-08 18:14:59,wallet_241,0.04342879,Outgoing,1,2,wallet_034
2025-06-08 18:14:59,wallet_034,0.04342879,Incoming,1,2,wallet_241
2025-06-08 18:26:01,wallet_139,0.04079359,Outgoing,1,3,wallet_174
2025-06-08 18:26:01,wallet_174,0.04079359,Incoming,1,3,wallet_139
2025-06-08 19:04:29,wallet_407,0.04760348,Outgoing,2,2,wallet_110
2025-06-08 19:04:29,wallet_110,0.04760348,Incoming,2,2,wallet_407
2025-06-08 19:31:14,wallet_376,0.01958424,Outgoing,3,1,wallet_169
2025-06-08 19:31:14,wallet_169,0.01958424,Incoming,3,1,wallet_376
2025-06-08 21:12:35,wallet_166,0.02215223,Outgoing,2,2,wallet_156
2025-06-08 21:12:35,wallet_156,0.02215223,Incoming,2,2,wallet_166
2025-06-09 00:58:15,wallet_123,0.05640068,Outgoing,1,2,wallet_393
2025-06-09 00:58:15,wallet_393,0.05640068,Incoming,1,2,wallet_123
2025-06-09 06:21:58,wallet_140,0.07106799,Outgoing,1,2,wallet_301
2025-06-09 06:21:58,wallet_301,0.07106799,Incoming,1,2,wallet_140
2025-06-09 10:48:10,wallet_319,0.03426086,Outgoing,4,1,wallet_272
2025-06-09 10:48:10,wallet_272,0.03426086,Incoming,4,1,wallet_319
2025-06-09 12:26:18,wallet_256,0.0419787,Outgoing,1,1,wallet_268
2025-06-09 12:26:18,wallet_268,0.0419787,Incoming,1,1,wallet_256
2025-06-09 15:31:04,wallet_392,0.15694618,Outgoing,1,2,wallet_049
2025-06-09 15:31:04,wallet_049,0.15694618,Incoming,1,2,wallet_392
2025-06-09 17:16:50,wallet_167,0.03699386,Outgoing,2,2,wallet_304
2025-06-09 17:16:50,wallet_304,0.03699386,Incoming,2,2,wallet_167
2025-06-10 01:49:35,wallet_342,0.12877539,Outgoing,1,2,wallet_122
2025-06-10 01:49:35,wallet_122,0.12877539,Incoming,1,2,wallet_342
2025-06-10 05:29:42,wallet_237,0.07917262,Outgoing,1,2,wallet_234
2025-06-10 05:29:42,wallet_234,0.07917262,Incoming,1,2,wallet_237
2025-06-10 10:30:24,wallet_235,0.35092494,Outgoing,2,2,wallet_377
2025-06-10 10:30:24,wallet_377,0.35092494,Incoming,2,2,wallet_235
2025-06-10 11:32:30,wallet_398,0.1054513,Outgoing,1,1,wallet_049
2025-06-10 11:32:30,wallet_049,0.1054513,Incoming,1,1,wallet_398
2025-06-10 11:57:06,wallet_165,0.01693824,Outgoing,3,2,wallet_129
2025-06-10 11:57:06,wallet_129,0.01693824,Incoming,3,2,wallet_165
2025-06-10 12:03:16,wallet_321,0.03925668,Outgoing,1,1,wallet_142
2025-06-10 12:03:16,wallet_142,0.03925668,Incoming,1,1,wallet_321
2025-06-10 13:13:01,wallet_173,0.02450846,Outgoing,1,2,wallet_183
2025-06-10 13:13:01,wallet_183,0.02450846,Incoming,1,2,wallet_173
2025-06-10 14:33:17,wallet_205,0.05083749,Outgoing,2,1,wallet_379
2025-06-10 14:33:17,wallet_379,0.05083749,Incoming,2,1,wallet_205
2025-06-10 19:18:11,wallet_137,1.08811732,Outgoing,1,1,wallet_018
2025-06-10 19:18:11,wallet_018,1.08811732,Incoming,1,1,wallet_137
2025-06-10 19:42:48,wallet_143,0.09273081,Outgoing,3,1,wallet_234
2025-06-10 19:42:48,wallet_234,0.09273081,Incoming,3,1,wallet_143
2025-06-10 20:28:28,wallet_346,0.20979404,Outgoing,1,1,wallet_345
2025-06-10 20:28:28,wallet_345,0.20979404,Incoming,1,1,wallet_346
2025-06-11 00:20:07,wallet_235,0.04242281,Outgoing,1,2,wallet_252
2025-06-11 00:20:07,wallet_252,0.04242281,Incoming,1,2,wallet_235
2025-06-11 09:18:05,wallet_335,0.01657909,Outgoing,4,2,wallet_147
2025-06-11 09:18:05,wallet_147,0.01657909,Incoming,4,2,wallet_335
2025-06-11 11:23:55,wallet_402,0.05902432,Outgoing,1,2,wallet_061
2025-06-11 11:23:55,wallet_061,0.05902432,Incoming,1,2,wallet_402
2025-06-11 15:52:04,wallet_100,0.08171228,Outgoing,1,2,wallet_262
2025-06-11 15:52:04,wallet_262,0.08171228,Incoming,1,2,wallet_100
2025-06-11 16:57:45,wallet_340,0.00786645,Outgoing,1,2,wallet_228
2025-06-11 16:57:45,wallet_228,0.00786645,Incoming,1,2,wallet_340
2025-06-11 20:00:06,wallet_049,0.27036784,Outgoing,2,2,wallet_318
2025-06-11 20:00:06,wallet_318,0.27036784,Incoming,2,2,wallet_049
2025-06-11 23:42:19,wallet_163,0.04352275,Outgoing,3,2,wallet_376
2025-06-11 23:42:19,wallet_376,0.04352275,Incoming,3,2,wallet_163
2025-06-12 05:26:23,wallet_303,0.00181054,Outgoing,2,2,wallet_048
2025-06-12 05:26:23,wallet_048,0.00181054,Incoming,2,2,wallet_303
2025-06-12 06:31:55,wallet_192,0.02160381,Outgoing,1,2,wallet_110
2025-06-12 06:31:55,wallet_110,0.02160381,Incoming,1,2,wallet_192
2025-06-12 08:26:34,wallet_168,0.22967617,Outgoing,2,3,wallet_201
2025-06-12 08:26:34,wallet_201,0.22967617,Incoming,2,3,wallet_168
2025-06-12 08:47:15,wallet_145,0.09682709,Outgoing,2,2,wallet_090
2025-06-12 08:47:15,wallet_090,0.09682709,Incoming,2,2,wallet_145
2025-06-12 09:48:32,wallet_335,0.12754544,Outgoing,1,1,wallet_161
2025-06-12 09:48:32,wallet_161,0.12754544,Incoming,1,1,wallet_335
2025-06-12 10:16:42,wallet_299,0.05159838,Outgoing,2,2,wallet_361
2025-06-12 10:16:42,wallet_361,0.05159838,Incoming,2,2,wallet_299
2025-06-12 10:36:18,wallet_051,0.05291924,Outgoing,4,2,wallet_241
2025-06-12 10:36:18,wallet_241,0.05291924,Incoming,4,2,wallet_051
2025-06-12 11:17:10,wallet_043,0.10523935,Outgoing,2,1,wallet_207
2025-06-12 11:17:10,wallet_207,0.10523935,Incoming,2,1,wallet_043
2025-06-12 11:27:59,wallet_254,0.0304562,Outgoing,1,1,wallet_272
2025-06-12 11:27:59,wallet_272,0.0304562,Incoming,1,1,wallet_254
2025-06-12 12:24:39,wallet_396,0.03047136,Outgoing,3,2,wallet_078
2025-06-12 12:24:39,wallet_078,0.03047136,Incoming,3,2,wallet_396
2025-06-12 14:11:21,wallet_230,2.13759472,Outgoing,1,3,wallet_159
2025-06-12 14:11:21,wallet_159,2.13759472,Incoming,1,3,wallet_230
2025-06-12 15:25:07,wallet_130,0.04910023,Outgoing,3,2,wallet_382
2025-06-12 15:25:07,wallet_382,0.04910023,Incoming,3,2,wallet_130
2025-06-13 05:54:32,wallet_159,0.05912008,Outgoing,1,2,wallet_324
2025-06-13 05:54:32,wallet_324,0.05912008,Incoming,1,2,wallet_159
2025-06-13 08:04:28,wallet_268,0.06262026,Outgoing,1,2,wallet_055
2025-06-13 08:04:28,wallet_055,0.06262026,Incoming,1,2,wallet_268
2025-06-13 09:14:49,wallet_392,1.98787222,Outgoing,2,2,wallet_171
2025-06-13 09:14:49,wallet_171,1.98787222,Incoming,2,2,wallet_392
2025-06-13 09:24:31,wallet_238,0.45841694,Outgoing,1,2,wallet_403
2025-06-13 09:24:31,wallet_403,0.45841694,Incoming,1,2,wallet_238
2025-06-13 09:37:13,wallet_171,1.94270033,Outgoing,2,2,wallet_138
2025-06-13 09:37:13,wallet_138,1.94270033,Incoming,2,2,wallet_171
2025-06-13 09:45:54,wallet_265,0.00434744,Outgoing,1,2,wallet_015
2025-06-13 09:45:54,wallet_015,0.00434744,Incoming,1,2,wallet_265
2025-06-13 09:56:55,wallet_138,1.9166963,Outgoing,2,1,wallet_213
2025-06-13 09:56:55,wallet_213,1.9166963,Incoming,2,1,wallet_138
2025-06-13 10:22:35,wallet_213,1.87932853,Outgoing,1,2,wallet_292
2025-06-13 10:22:35,wallet_292,1.87932853,Incoming,1,2,wallet_213
2025-06-13 14:19:34,wallet_189,0.15138078,Outgoing,2,1,wallet_408
2025-06-13 14:19:34,wallet_408,0.15138078,Incoming,2,1,wallet_189
2025-06-13 14:25:47,wallet_165,0.0357651,Outgoing,1,2,wallet_152
2025-06-13 14:25:47,wallet_152,0.0357651,Incoming,1,2,wallet_165
2025-06-13 18:26:36,wallet_279,0.20611141,Outgoing,2,2,wallet_186
2025-06-13 18:26:36,wallet_186,0.20611141,Incoming,2,2,wallet_279
2025-06-13 18:42:56,wallet_046,0.13172383,Outgoing,1,3,wallet_220
2025-06-13 18:42:56,wallet_220,0.13172383,Incoming,1,3,wallet_046
2025-06-14 04:16:00,wallet_143,0.04385736,Outgoing,2,2,wallet_350
2025-06-14 04:16:00,wallet_350,0.04385736,Incoming,2,2,wallet_143
2025-06-14 09:07:52,wallet_377,0.2881941,Outgoing,1,2,wallet_146
2025-06-14 09:07:52,wallet_146,0.2881941,Incoming,1,2,wallet_377
2025-06-14 10:17:06,wallet_288,0.01296113,Outgoing,1,3,wallet_124
2025-06-14 10:17:06,wallet_124,0.01296113,Incoming,1,3,wallet_288
2025-06-14 11:01:22,wallet_040,0.02339074,Outgoing,1,2,wallet_146
2025-06-14 11:01:22,wallet_146,0.02339074,Incoming,1,2,wallet_040
2025-06-14 11:34:10,wallet_319,0.02559507,Outgoing,2,1,wallet_328
2025-06-14 11:34:10,wallet_328,0.02559507,Incoming,2,1,wallet_319
2025-06-14 12:03:26,wallet_244,0.18632771,Outgoing,1,2,wallet_251
2025-06-14 12:03:26,wallet_251,0.18632771,Incoming,1,2,wallet_244
2025-06-14 12:21:02,wallet_342,0.08520289,Outgoing,1,3,wallet_122
2025-06-14 12:21:02,wallet_122,0.08520289,Incoming,1,3,wallet_342
2025-06-14 12:34:57,wallet_329,0.00952894,Outgoing,1,2,wallet_275
2025-06-14 12:34:57,wallet_275,0.00952894,Incoming,1,2,wallet_329
2025-06-14 13:20:08,wallet_177,0.09328465,Outgoing,3,2,wallet_046
2025-06-14 13:20:08,wallet_046,0.09328465,Incoming,3,2,wallet_177
2025-06-14 15:50:12,wallet_252,0.0272015,Outgoing,3,2,wallet_235
2025-06-14 15:50:12,wallet_235,0.0272015,Incoming,3,2,wallet_252
2025-06-14 18:54:37,wallet_018,1.22519588,Outgoing,3,2,wallet_184
2025-06-14 18:54:37,wallet_184,1.22519588,Incoming,3,2,wallet_018
2025-06-14 22:13:55,wallet_100,0.0190494,Outgoing,1,3,wallet_379
2025-06-14 22:13:55,wallet_379,0.0190494,Incoming,1,3,wallet_100
2025-06-15 07:51:31,wallet_308,0.29951794,Outgoing,4,1,wallet_300
2025-06-15 07:51:31,wallet_300,0.29951794,Incoming,4,1,wallet_308
2025-06-15 08:41:16,wallet_262,0.12612034,Outgoing,1,3,wallet_274
2025-06-15 08:41:16,wallet_274,0.12612034,Incoming,1,3,wallet_262
2025-06-15 09:22:35,wallet_167,2.24414761,Outgoing,2,2,wallet_246
2025-06-15 09:22:35,wallet_246,2.24414761,Incoming,2,2,wallet_167
2025-06-15 09:33:41,wallet_246,2.20102173,Outgoing,1,2,wallet_077
2025-06-15 09:33:41,wallet_077,2.20102173,Incoming,1,2,wallet_246
2025-06-15 09:43:36,wallet_077,2.18669005,Outgoing,2,1,wallet_252
2025-06-15 09:43:36,wallet_252,2.18669005,Incoming,2,1,wallet_077
2025-06-15 10:53:38,wallet_302,0.14876485,Outgoing,3,1,wallet_074
2025-06-15 10:53:38,wallet_074,0.14876485,Incoming,3,1,wallet_302
2025-06-15 11:06:07,wallet_239,0.0600618,Outgoing,1,2,wallet_146
2025-06-15 11:06:07,wallet_146,0.0600618,Incoming,1,2,wallet_239
2025-06-15 11:07:30,wallet_407,0.06522762,Outgoing,1,2,wallet_397
2025-06-15 11:07:30,wallet_397,0.06522762,Incoming,1,2,wallet_407
2025-06-15 12:11:09,wallet_169,0.02171402,Outgoing,1,2,wallet_215
2025-06-15 12:11:09,wallet_215,0.02171402,Incoming,1,2,wallet_169
2025-06-15 13:49:48,wallet_391,0.1261114,Outgoing,1,1,wallet_282
2025-06-15 13:49:48,wallet_282,0.1261114,Incoming,1,1,wallet_391
2025-06-15 15:17:15,wallet_145,0.09155345,Outgoing,1,2,wallet_090
2025-06-15 15:17:15,wallet_090,0.09155345,Incoming,1,2,wallet_145
2025-06-15 18:03:55,wallet_368,0.06835886,Outgoing,1,2,wallet_324
2025-06-15 18:03:55,wallet_324,0.06835886,Incoming,1,2,wallet_368
2025-06-15 19:02:13,wallet_169,0.0143303,Outgoing,1,2,wallet_232
2025-06-15 19:02:13,wallet_232,0.0143303,Incoming,1,2,wallet_169
2025-06-16 06:15:53,wallet_319,0.02191833,Outgoing,2,2,wallet_003
2025-06-16 06:15:53,wallet_003,0.02191833,Incoming,2,2,wallet_319
2025-06-16 07:35:34,wallet_371,0.49741026,Outgoing,1,2,wallet_350
2025-06-16 07:35:34,wallet_350,0.49741026,Incoming,1,2,wallet_371
2025-06-16 09:13:55,wallet_047,0.0457151,Outgoing,3,2,wallet_386
2025-06-16 09:13:55,wallet_386,0.0457151,Incoming,3,2,wallet_047
2025-06-16 09:54:44,wallet_016,0.03998925,Outgoing,1,1,wallet_116
2025-06-16 09:54:44,wallet_116,0.03998925,Incoming,1,1,wallet_016
2025-06-16 10:38:32,wallet_118,0.0159139,Outgoing,1,1,wallet_355
2025-06-16 10:38:32,wallet_355,0.0159139,Incoming,1,1,wallet_118
2025-06-16 14:22:03,wallet_131,0.03817783,Outgoing,1,2,wallet_317
2025-06-16 14:22:03,wallet_317,0.03817783,Incoming,1,2,wallet_131
2025-06-16 14:37:20,wallet_215,0.02274893,Outgoing,2,2,wallet_161
2025-06-16 14:37:20,wallet_161,0.02274893,Incoming,2,2,wallet_215
2025-06-16 15:06:52,wallet_277,0.03772852,Outgoing,1,2,wallet_152
2025-06-16 15:06:52,wallet_152,0.03772852,Incoming,1,2,wallet_277
2025-06-16 15:19:44,wallet_064,0.05258265,Outgoing,1,1,wallet_297
2025-06-16 15:19:44,wallet_297,0.05258265,Incoming,1,1,wallet_064
2025-06-16 15:56:43,wallet_188,0.00991532,Outgoing,2,1,wallet_189
2025-06-16 15:56:43,wallet_189,0.00991532,Incoming,2,1,wallet_188
2025-06-16 16:33:59,wallet_196,0.20694877,Outgoing,2,1,wallet_050
2025-06-16 16:33:59,wallet_050,0.20694877,Incoming,2,1,wallet_196
2025-06-16 18:19:19,wallet_125,0.04720964,Outgoing,2,2,wallet_309
2025-06-16 18:19:19,wallet_309,0.04720964,Incoming,2,2,wallet_125
2025-06-16 19:33:03,wallet_185,0.06600115,Outgoing,1,1,wallet_181
2025-06-16 19:33:03,wallet_181,0.06600115,Incoming,1,1,wallet_185
2025-06-16 20:32:32,wallet_099,0.18566517,Outgoing,2,1,wallet_294
2025-06-16 20:32:32,wallet_294,0.18566517,Incoming,2,1,wallet_099
2025-06-17 01:43:52,wallet_251,0.16730877,Outgoing,2,3,wallet_073
2025-06-17 01:43:52,wallet_073,0.16730877,Incoming,2,3,wallet_251
2025-06-17 05:31:25,wallet_371,0.38234834,Outgoing,1,1,wallet_350
2025-06-17 05:31:25,wallet_350,0.38234834,Incoming,1,1,wallet_371
2025-06-17 07:10:30,wallet_272,0.05521292,Outgoing,1,1,wallet_319
2025-06-17 07:10:30,wallet_319,0.05521292,Incoming,1,1,wallet_272
2025-06-17 10:12:02,wallet_145,0.05009654,Outgoing,1,3,wallet_152
2025-06-17 10:12:02,wallet_152,0.05009654,Incoming,1,3,wallet_145
2025-06-17 12:12:40,wallet_390,0.165884,Outgoing,1,2,wallet_117
2025-06-17 12:12:40,wallet_117,0.165884,Incoming,1,2,wallet_390
2025-06-17 12:28:38,wallet_368,0.05593598,Outgoing,4,1,wallet_109
2025-06-17 12:28:38,wallet_109,0.05593598,Incoming,4,1,wallet_368
2025-06-17 15:19:19,wallet_298,0.03818532,Outgoing,1,2,wallet_062
2025-06-17 15:19:19,wallet_062,0.03818532,Incoming,1,2,wallet_298
2025-06-17 15:41:48,wallet_348,0.28434978,Outgoing,1,2,wallet_383
2025-06-17 15:41:48,wallet_383,0.28434978,Incoming,1,2,wallet_348
2025-06-17 17:17:21,wallet_160,0.01200609,Outgoing,3,1,wallet_003
2025-06-17 17:17:21,wallet_003,0.01200609,Incoming,3,1,wallet_160
2025-06-17 22:03:30,wallet_336,0.09718303,Outgoing,1,2,wallet_350
2025-06-17 22:03:30,wallet_350,0.09718303,Incoming,1,2,wallet_336
2025-06-17 22:37:00,wallet_018,0.68720106,Outgoing,1,2,wallet_262
2025-06-17 22:37:00,wallet_262,0.68720106,Incoming,1,2,wallet_018
2025-06-18 08:23:57,wallet_278,0.04038441,Outgoing,3,1,wallet_251
2025-06-18 08:23:57,wallet_251,0.04038441,Incoming,3,1,wallet_278
2025-06-18 08:45:56,wallet_317,0.02023411,Outgoing,1,2,wallet_376
2025-06-18 08:45:56,wallet_376,0.02023411,Incoming,1,2,wallet_317
2025-06-18 09:04:41,wallet_128,0.02040943,Outgoing,1,2,wallet_198
2025-06-18 09:04:41,wallet_198,0.02040943,Incoming,1,2,wallet_128
2025-06-18 12:28:56,wallet_256,0.02436467,Outgoing,1,3,wallet_345
2025-06-18 12:28:56,wallet_345,0.02436467,Incoming,1,3,wallet_256
2025-06-18 16:00:42,wallet_042,0.0380946,Outgoing,2,2,wallet_104
2025-06-18 16:00:42,wallet_104,0.0380946,Incoming,2,2,wallet_042
2025-06-18 17:43:01,wallet_174,0.10573253,Outgoing,1,1,wallet_041
2025-06-18 17:43:01,wallet_041,0.10573253,Incoming,1,1,wallet_174
2025-06-18 18:55:17,wallet_015,0.01054103,Outgoing,1,3,wallet_233
2025-06-18 18:55:17,wallet_233,0.01054103,Incoming,1,3,wallet_015
2025-06-18 19:42:56,wallet_133,0.13354656,Outgoing,1,2,wallet_350
2025-06-18 19:42:56,wallet_350,0.13354656,Incoming,1,2,wallet_133
2025-06-18 20:02:53,wallet_068,0.03548511,Outgoing,1,2,wallet_105
2025-06-18 20:02:53,wallet_105,0.03548511,Incoming,1,2,wallet_068
2025-06-19 07:52:52,wallet_248,0.17648419,Outgoing,1,2,wallet_308
2025-06-19 07:52:52,wallet_308,0.17648419,Incoming,1,2,wallet_248
2025-06-19 08:44:38,wallet_263,0.0332126,Outgoing,1,2,wallet_349
2025-06-19 08:44:38,wallet_349,0.0332126,Incoming,1,2,wallet_263
2025-06-19 08:56:59,wallet_010,0.25915908,Outgoing,2,3,wallet_087
2025-06-19 08:56:59,wallet_087,0.25915908,Incoming,2,3,wallet_010
2025-06-19 09:50:36,wallet_238,0.50930677,Outgoing,4,2,wallet_328
2025-06-19 09:50:36,wallet_328,0.50930677,Incoming,4,2,wallet_238
2025-06-19 09:55:10,wallet_076,0.04928707,Outgoing,1,2,wallet_248
2025-06-19 09:55:10,wallet_248,0.04928707,Incoming,1,2,wallet_076
2025-06-19 11:01:07,wallet_082,0.01837152,Outgoing,2,2,wallet_110
2025-06-19 11:01:07,wallet_110,0.01837152,Incoming,2,2,wallet_082
2025-06-19 11:24:33,wallet_238,1.29456768,Outgoing,2,2,wallet_291
2025-06-19 11:24:33,wallet_291,1.29456768,Incoming,2,2,wallet_238
2025-06-19 11:35:59,wallet_291,1.26369162,Outgoing,1,1,wallet_356
2025-06-19 11:35:59,wallet_356,1.26369162,Incoming,1,1,wallet_291
2025-06-19 11:56:54,wallet_356,1.22799595,Outgoing,2,2,wallet_125
2025-06-19 11:56:54,wallet_125,1.22799595,Incoming,2,2,wallet_356
2025-06-19 14:46:56,wallet_256,0.01819067,Outgoing,1,1,wallet_270
2025-06-19 14:46:56,wallet_270,0.01819067,Incoming,1,1,wallet_256
2025-06-19 17:17:45,wallet_385,0.11036034,Outgoing,1,3,wallet_292
2025-06-19 17:17:45,wallet_292,0.11036034,Incoming,1,3,wallet_385
2025-06-19 19:33:38,wallet_063,0.04372935,Outgoing,1,1,wallet_350
2025-06-19 19:33:38,wallet_350,0.04372935,Incoming,1,1,wallet_063
2025-06-20 06:02:29,wallet_362,0.0742241,Outgoing,1,2,wallet_132
2025-06-20 06:02:29,wallet_132,0.0742241,Incoming,1,2,wallet_362
2025-06-20 07:14:35,wallet_256,0.01320472,Outgoing,1,2,wallet_345
2025-06-20 07:14:35,wallet_345,0.01320472,Incoming,1,2,wallet_256
2025-06-20 08:15:21,wallet_097,0.02906181,Outgoing,2,3,wallet_376
2025-06-20 08:15:21,wallet_376,0.02906181,Incoming,2,3,wallet_097
2025-06-20 08:55:24,wallet_239,0.0980896,Outgoing,1,3,wallet_146
2025-06-20 08:55:24,wallet_146,0.0980896,Incoming,1,3,wallet_239
2025-06-20 09:48:07,wallet_248,0.01873167,Outgoing,3,2,wallet_167
2025-06-20 09:48:07,wallet_167,0.01873167,Incoming,3,2,wallet_248
2025-06-20 11:05:35,wallet_252,0.03741248,Outgoing,1,1,wallet_391
2025-06-20 11:05:35,wallet_391,0.03741248,Incoming,1,1,wallet_252
2025-06-20 11:14:40,wallet_037,0.04300687,Outgoing,2,2,wallet_064
2025-06-20 11:14:40,wallet_064,0.04300687,Incoming,2,2,wallet_037
2025-06-20 11:41:35,wallet_243,1.11046207,Outgoing,2,3,wallet_049
2025-06-20 11:41:35,wallet_049,1.11046207,Incoming,2,3,wallet_243
2025-06-20 12:16:10,wallet_370,0.0255718,Outgoing,1,1,wallet_218
2025-06-20 12:16:10,wallet_218,0.0255718,Incoming,1,1,wallet_370
2025-06-20 13:56:43,wallet_345,0.07507579,Outgoing,2,1,wallet_331
2025-06-20 13:56:43,wallet_331,0.07507579,Incoming,2,1,wallet_345
2025-06-20 14:13:35,wallet_073,0.1208068,Outgoing,3,3,wallet_303
2025-06-20 14:13:35,wallet_303,0.1208068,Incoming,3,3,wallet_073
2025-06-20 15:12:56,wallet_391,0.04615669,Outgoing,2,2,wallet_271
2025-06-20 15:12:56,wallet_271,0.04615669,Incoming,2,2,wallet_391
2025-06-20 16:51:16,wallet_304,0.03736571,Outgoing,1,2,wallet_334
2025-06-20 16:51:16,wallet_334,0.03736571,Incoming,1,2,wallet_304
2025-06-20 21:11:46,wallet_371,0.07354804,Outgoing,2,2,wallet_105
2025-06-20 21:11:46,wallet_105,0.07354804,Incoming,2,2,wallet_371
2025-06-21 03:24:40,wallet_403,0.01508521,Outgoing,1,2,wallet_166
2025-06-21 03:24:40,wallet_166,0.01508521,Incoming,1,2,wallet_403
2025-06-21 06:16:42,wallet_097,0.02864067,Outgoing,1,1,wallet_163
2025-06-21 06:16:42,wallet_163,0.02864067,Incoming,1,1,wallet_097
2025-06-21 07:14:55,wallet_100,0.02447591,Outgoing,2,2,wallet_319
2025-06-21 07:14:55,wallet_319,0.02447591,Incoming,2,2,wallet_100
2025-06-21 10:19:43,wallet_238,0.01189819,Outgoing,1,2,wallet_166
2025-06-21 10:19:43,wallet_166,0.01189819,Incoming,1,2,wallet_238
2025-06-21 15:12:32,wallet_329,0.01343283,Outgoing,1,2,wallet_275
2025-06-21 15:12:32,wallet_275,0.01343283,Incoming,1,2,wallet_329
2025-06-21 15:13:50,wallet_349,0.10268697,Outgoing,1,3,wallet_239
2025-06-21 15:13:50,wallet_239,0.10268697,Incoming,1,3,wallet_349
2025-06-21 16:15:32,wallet_018,1.38419224,Outgoing,2,3,wallet_262
2025-06-21 16:15:32,wallet_262,1.38419224,Incoming,2,3,wallet_018
2025-06-21 17:44:47,wallet_139,0.12697596,Outgoing,4,2,wallet_289
2025-06-21 17:44:47,wallet_289,0.12697596,Incoming,4,2,wallet_139
2025-06-21 19:15:03,wallet_110,0.07288765,Outgoing,2,3,wallet_192
2025-06-21 19:15:03,wallet_192,0.07288765,Incoming,2,3,wallet_110
2025-06-21 19:27:47,wallet_400,0.16784934,Outgoing,1,1,wallet_383
2025-06-21 19:27:47,wallet_383,0.16784934,Incoming,1,1,wallet_400
2025-06-21 19:53:16,wallet_289,0.02339827,Outgoing,2,2,wallet_292
2025-06-21 19:53:16,wallet_292,0.02339827,Incoming,2,2,wallet_289
2025-06-21 22:53:29,wallet_169,0.07648085,Outgoing,1,2,wallet_142
2025-06-21 22:53:29,wallet_142,0.07648085,Incoming,1,2,wallet_169
2025-06-22 02:59:32,wallet_307,0.01363045,Outgoing,1,1,wallet_228
2025-06-22 02:59:32,wallet_228,0.01363045,Incoming,1,1,wallet_307
2025-06-22 07:42:06,wallet_255,0.01828777,Outgoing,4,2,wallet_193
2025-06-22 07:42:06,wallet_193,0.01828777,Incoming,4,2,wallet_255
2025-06-22 09:16:22,wallet_039,0.05560184,Outgoing,1,2,wallet_350
2025-06-22 09:16:22,wallet_350,0.05560184,Incoming,1,2,wallet_039
2025-06-22 09:49:50,wallet_001,0.21318061,Outgoing,2,2,wallet_283
2025-06-22 09:49:50,wallet_283,0.21318061,Incoming,2,2,wallet_001
2025-06-22 13:45:56,wallet_056,0.18069311,Outgoing,3,2,wallet_104
2025-06-22 13:45:56,wallet_104,0.18069311,Incoming,3,2,wallet_056
2025-06-22 17:30:52,wallet_139,0.04372511,Outgoing,1,1,wallet_041
2025-06-22 17:30:52,wallet_041,0.04372511,Incoming,1,1,wallet_139
2025-06-22 17:51:37,wallet_169,0.00576962,Outgoing,1,2,wallet_097
2025-06-22 17:51:37,wallet_097,0.00576962,Incoming,1,2,wallet_169
2025-06-22 18:13:27,wallet_017,0.03782709,Outgoing,1,2,wallet_314
2025-06-22 18:13:27,wallet_314,0.03782709,Incoming,1,2,wallet_017
2025-06-22 18:39:42,wallet_237,0.02718014,Outgoing,1,1,wallet_229
2025-06-22 18:39:42,wallet_229,0.02718014,Incoming,1,1,wallet_237
2025-06-22 20:44:41,wallet_032,0.07566091,Outgoing,1,3,wallet_147
2025-06-22 20:44:41,wallet_147,0.07566091,Incoming,1,3,wallet_032
2025-06-23 08:08:06,wallet_306,0.04041448,Outgoing,1,2,wallet_168
2025-06-23 08:08:06,wallet_168,0.04041448,Incoming,1,2,wallet_306
2025-06-23 12:46:03,wallet_376,0.02917505,Outgoing,3,2,wallet_146
2025-06-23 12:46:03,wallet_146,0.02917505,Incoming,3,2,wallet_376
2025-06-23 13:00:03,wallet_016,0.02641037,Outgoing,2,2,wallet_208
2025-06-23 13:00:03,wallet_208,0.02641037,Incoming,2,2,wallet_016
2025-06-23 13:24:04,wallet_123,2.54023933,Outgoing,3,2,wallet_393
2025-06-23 13:24:04,wallet_393,2.54023933,Incoming,3,2,wallet_123
2025-06-23 17:41:47,wallet_088,0.0206595,Outgoing,2,2,wallet_142
2025-06-23 17:41:47,wallet_142,0.0206595,Incoming,2,2,wallet_088
2025-06-23 18:16:23,wallet_040,0.03686008,Outgoing,2,2,wallet_146
2025-06-23 18:16:23,wallet_146,0.03686008,Incoming,2,2,wallet_040
2025-06-24 00:30:23,wallet_088,0.03821174,Outgoing,4,2,wallet_142
2025-06-24 00:30:23,wallet_142,0.03821174,Incoming,4,2,wallet_088
2025-06-24 04:48:51,wallet_174,0.07889488,Outgoing,2,1,wallet_331
2025-06-24 04:48:51,wallet_331,0.07889488,Incoming,2,1,wallet_174
2025-06-24 09:24:37,wallet_086,0.02365701,Outgoing,2,1,wallet_225
2025-06-24 09:24:37,wallet_225,0.02365701,Incoming,2,1,wallet_086
2025-06-24 10:58:33,wallet_046,0.06501901,Outgoing,3,2,wallet_146
2025-06-24 10:58:33,wallet_146,0.06501901,Incoming,3,2,wallet_046
2025-06-24 15:43:05,wallet_278,0.02258398,Outgoing,2,1,wallet_366
2025-06-24 15:43:05,wallet_366,0.02258398,Incoming,2,1,wallet_278
2025-06-24 16:20:04,wallet_298,0.02525859,Outgoing,1,1,wallet_117
2025-06-24 16:20:04,wallet_117,0.02525859,Incoming,1,1,wallet_298
2025-06-24 17:05:49,wallet_072,0.71825167,Outgoing,2,1,wallet_238
2025-06-24 17:05:49,wallet_238,0.71825167,Incoming,2,1,wallet_072
2025-06-24 17:42:53,wallet_131,0.18666943,Outgoing,1,1,wallet_152
2025-06-24 17:42:53,wallet_152,0.18666943,Incoming,1,1,wallet_131
2025-06-24 18:14:14,wallet_227,0.05424753,Outgoing,1,2,wallet_130
2025-06-24 18:14:14,wallet_130,0.05424753,Incoming,1,2,wallet_227
2025-06-24 20:12:45,wallet_371,8.20066543,Outgoing,3,2,wallet_288
2025-06-24 20:12:45,wallet_288,8.20066543,Incoming,3,2,wallet_371
2025-06-25 04:27:48,wallet_034,0.03324504,Outgoing,2,2,wallet_248
2025-06-25 04:27:48,wallet_248,0.03324504,Incoming,2,2,wallet_034
2025-06-25 05:53:24,wallet_107,0.15182821,Outgoing,1,2,wallet_408
2025-06-25 05:53:24,wallet_408,0.15182821,Incoming,1,2,wallet_107
2025-06-25 07:43:08,wallet_030,0.07070911,Outgoing,1,1,wallet_173
2025-06-25 07:43:08,wallet_173,0.07070911,Incoming,1,1,wallet_030
2025-06-25 09:30:56,wallet_248,0.06998974,Outgoing,1,1,wallet_076
2025-06-25 09:30:56,wallet_076,0.06998974,Incoming,1,1,wallet_248
2025-06-25 09:35:11,wallet_323,0.02466024,Outgoing,4,3,wallet_362
2025-06-25 09:35:11,wallet_362,0.02466024,Incoming,4,3,wallet_323
2025-06-25 10:21:07,wallet_318,0.90175132,Outgoing,1,1,wallet_330
2025-06-25 10:21:07,wallet_330,0.90175132,Incoming,1,1,wallet_318
2025-06-25 10:21:25,wallet_333,0.04902253,Outgoing,1,3,wallet_152
2025-06-25 10:21:25,wallet_152,0.04902253,Incoming,1,3,wallet_333
2025-06-25 10:28:49,wallet_348,0.24472848,Outgoing,1,1,wallet_383
2025-06-25 10:28:49,wallet_383,0.24472848,Incoming,1,1,wallet_348
2025-06-25 11:53:39,wallet_252,0.04475003,Outgoing,1,1,wallet_121
2025-06-25 11:53:39,wallet_121,0.04475003,Incoming,1,1,wallet_252
2025-06-25 16:31:19,wallet_071,0.05140499,Outgoing,3,2,wallet_307
2025-06-25 16:31:19,wallet_307,0.05140499,Incoming,3,2,wallet_071
2025-06-25 19:11:45,wallet_147,0.10119399,Outgoing,3,2,wallet_192
2025-06-25 19:11:45,wallet_192,0.10119399,Incoming,3,2,wallet_147
2025-06-25 21:53:39,wallet_049,0.14814425,Outgoing,1,2,wallet_398
2025-06-25 21:53:39,wallet_398,0.14814425,Incoming,1,2,wallet_049
2025-06-26 02:07:51,wallet_235,0.29116112,Outgoing,2,3,wallet_377
2025-06-26 02:07:51,wallet_377,0.29116112,Incoming,2,3,wallet_235
2025-06-26 08:54:08,wallet_238,0.78497811,Outgoing,4,1,wallet_021
2025-06-26 08:54:08,wallet_021,0.78497811,Incoming,4,1,wallet_238
2025-06-26 09:07:31,wallet_324,0.08404724,Outgoing,1,2,wallet_252
2025-06-26 09:07:31,wallet_252,0.08404724,Incoming,1,2,wallet_324
2025-06-26 14:10:55,wallet_071,0.02664431,Outgoing,1,2,wallet_307
2025-06-26 14:10:55,wallet_307,0.02664431,Incoming,1,2,wallet_071
2025-06-26 14:38:55,wallet_344,0.06772021,Outgoing,1,3,wallet_377
2025-06-26 14:38:55,wallet_377,0.06772021,Incoming,1,3,wallet_344
2025-06-26 15:22:34,wallet_147,0.01622289,Outgoing,1,2,wallet_346
2025-06-26 15:22:34,wallet_346,0.01622289,Incoming,1,2,wallet_147
2025-06-26 16:42:20,wallet_090,0.10278213,Outgoing,2,2,wallet_220
2025-06-26 16:42:20,wallet_220,0.10278213,Incoming,2,2,wallet_090
2025-06-26 17:02:04,wallet_133,0.09781283,Outgoing,1,2,wallet_330
2025-06-26 17:02:04,wallet_330,0.09781283,Incoming,1,2,wallet_133
2025-06-26 20:36:45,wallet_050,0.17457935,Outgoing,3,2,wallet_251
2025-06-26 20:36:45,wallet_251,0.17457935,Incoming,3,2,wallet_050
2025-06-27 03:17:40,wallet_288,0.00877718,Outgoing,2,2,wallet_359
2025-06-27 03:17:40,wallet_359,0.00877718,Incoming,2,2,wallet_288
2025-06-27 04:27:25,wallet_110,0.07488594,Outgoing,1,2,wallet_007
2025-06-27 04:27:25,wallet_007,0.07488594,Incoming,1,2,wallet_110
2025-06-27 05:09:50,wallet_316,0.02533596,Outgoing,1,1,wallet_242
2025-06-27 05:09:50,wallet_242,0.02533596,Incoming,1,1,wallet_316
2025-06-27 08:00:34,wallet_282,0.0560632,Outgoing,3,2,wallet_126
2025-06-27 08:00:34,wallet_126,0.0560632,Incoming,3,2,wallet_282
2025-06-27 08:04:19,wallet_248,0.03071433,Outgoing,4,2,wallet_074
2025-06-27 08:04:19,wallet_074,0.03071433,Incoming,4,2,wallet_248
2025-06-27 08:58:41,wallet_088,0.03587586,Outgoing,1,2,wallet_142
2025-06-27 08:58:41,wallet_142,0.03587586,Incoming,1,2,wallet_088
2025-06-27 09:01:17,wallet_170,0.07192661,Outgoing,3,1,wallet_350
2025-06-27 09:01:17,wallet_350,0.07192661,Incoming,3,1,wallet_170
2025-06-27 09:16:17,wallet_149,0.02603118,Outgoing,1,1,wallet_042
2025-06-27 09:16:17,wallet_042,0.02603118,Incoming,1,1,wallet_149
2025-06-27 09:48:43,wallet_330,0.06686601,Outgoing,1,2,wallet_118
2025-06-27 09:48:43,wallet_118,0.06686601,Incoming,1,2,wallet_330
2025-06-27 10:07:56,wallet_292,0.26348735,Outgoing,1,1,wallet_281
2025-06-27 10:07:56,wallet_281,0.26348735,Incoming,1,1,wallet_292
2025-06-27 10:45:38,wallet_265,0.02569711,Outgoing,1,1,wallet_375
2025-06-27 10:45:38,wallet_375,0.02569711,Incoming,1,1,wallet_265
2025-06-27 12:40:29,wallet_286,0.18352271,Outgoing,3,2,wallet_168
2025-06-27 12:40:29,wallet_168,0.18352271,Incoming,3,2,wallet_286
2025-06-27 15:15:09,wallet_313,0.03325536,Outgoing,1,2,wallet_139
2025-06-27 15:15:09,wallet_139,0.03325536,Incoming,1,2,wallet_313
2025-06-27 17:09:35,wallet_366,0.02437529,Outgoing,3,2,wallet_151
2025-06-27 17:09:35,wallet_151,0.02437529,Incoming,3,2,wallet_366
2025-06-27 17:28:14,wallet_063,0.07340259,Outgoing,1,2,wallet_041
2025-06-27 17:28:14,wallet_041,0.07340259,Incoming,1,2,wallet_063
2025-06-27 18:24:53,wallet_283,7.60008123,Outgoing,1,2,wallet_245
2025-06-27 18:24:53,wallet_245,7.60008123,Incoming,1,2,wallet_283
2025-06-27 19:07:40,wallet_245,0.55255714,Outgoing,2,5,wallet_207
2025-06-27 19:07:40,wallet_207,0.55255714,Incoming,2,5,wallet_245
2025-06-27 19:25:48,wallet_245,0.53979965,Outgoing,1,6,wallet_039
2025-06-27 19:25:48,wallet_039,0.53979965,Incoming,1,6,wallet_245
2025-06-27 19:44:36,wallet_405,0.04570203,Outgoing,4,2,wallet_298
2025-06-27 19:44:36,wallet_298,0.04570203,Incoming,4,2,wallet_405
2025-06-27 19:50:44,wallet_245,0.52660939,Outgoing,2,3,wallet_303
2025-06-27 19:50:44,wallet_303,0.52660939,Incoming,2,3,wallet_245
2025-06-27 19:56:30,wallet_245,0.54867312,Outgoing,1,4,wallet_133
2025-06-27 19:56:30,wallet_133,0.54867312,Incoming,1,4,wallet_245
2025-06-27 20:20:11,wallet_245,0.5567001,Outgoing,1,5,wallet_332
2025-06-27 20:20:11,wallet_332,0.5567001,Incoming,1,5,wallet_245
2025-06-27 20:40:44,wallet_245,0.51665242,Outgoing,2,7,wallet_333
2025-06-27 20:40:44,wallet_333,0.51665242,Incoming,2,7,wallet_245
2025-06-27 20:43:48,wallet_245,0.55585663,Outgoing,1,7,wallet_036
2025-06-27 20:43:48,wallet_036,0.55585663,Incoming,1,7,wallet_245
2025-06-27 21:04:08,wallet_245,0.58125792,Outgoing,2,4,wallet_105
2025-06-27 21:04:08,wallet_105,0.58125792,Incoming,2,4,wallet_245
2025-06-27 21:25:16,wallet_245,0.54838187,Outgoing,1,6,wallet_340
2025-06-27 21:25:16,wallet_340,0.54838187,Incoming,1,6,wallet_245
2025-06-27 21:29:34,wallet_245,0.51045964,Outgoing,2,5,wallet_090
2025-06-27 21:29:34,wallet_090,0.51045964,Incoming,2,5,wallet_245
2025-06-27 21:33:52,wallet_245,0.56907745,Outgoing,1,7,wallet_249
2025-06-27 21:33:52,wallet_249,0.56907745,Incoming,1,7,wallet_245
2025-06-27 21:57:07,wallet_245,0.49962592,Outgoing,2,7,wallet_021
2025-06-27 21:57:07,wallet_021,0.49962592,Incoming,2,7,wallet_245
2025-06-27 22:01:36,wallet_245,0.54004616,Outgoing,1,7,wallet_397
2025-06-27 22:01:36,wallet_397,0.54004616,Incoming,1,7,wallet_245
2025-06-27 22:06:09,wallet_245,0.49055605,Outgoing,2,3,wallet_027
2025-06-27 22:06:09,wallet_027,0.49055605,Incoming,2,3,wallet_245
2025-06-28 07:33:56,wallet_118,0.04453605,Outgoing,3,2,wallet_177
2025-06-28 07:33:56,wallet_177,0.04453605,Incoming,3,2,wallet_118
2025-06-28 09:27:35,wallet_095,0.02077327,Outgoing,1,1,wallet_198
2025-06-28 09:27:35,wallet_198,0.02077327,Incoming,1,1,wallet_095
2025-06-28 09:53:40,wallet_137,0.03006433,Outgoing,2,1,wallet_100
2025-06-28 09:53:40,wallet_100,0.03006433,Incoming,2,1,wallet_137
2025-06-28 10:58:23,wallet_394,0.08281609,Outgoing,1,3,wallet_260
2025-06-28 10:58:23,wallet_260,0.08281609,Incoming,1,3,wallet_394
2025-06-28 11:41:42,wallet_307,0.0118796,Outgoing,1,2,wallet_232
2025-06-28 11:41:42,wallet_232,0.0118796,Incoming,1,2,wallet_307
2025-06-28 11:49:42,wallet_082,0.02214685,Outgoing,1,2,wallet_152
2025-06-28 11:49:42,wallet_152,0.02214685,Incoming,1,2,wallet_082
2025-06-28 12:27:04,wallet_371,0.0286961,Outgoing,1,2,wallet_313
2025-06-28 12:27:04,wallet_313,0.0286961,Incoming,1,2,wallet_371
2025-06-28 13:21:24,wallet_377,0.02443941,Outgoing,1,1,wallet_368
2025-06-28 13:21:24,wallet_368,0.02443941,Incoming,1,1,wallet_377
2025-06-28 14:57:24,wallet_169,0.05068299,Outgoing,1,2,wallet_216
2025-06-28 14:57:24,wallet_216,0.05068299,Incoming,1,2,wallet_169
2025-06-28 15:39:33,wallet_016,0.04691935,Outgoing,1,1,wallet_208
2025-06-28 15:39:33,wallet_208,0.04691935,Incoming,1,1,wallet_016
2025-06-28 17:50:25,wallet_129,0.04979866,Outgoing,4,2,wallet_162
2025-06-28 17:50:25,wallet_162,0.04979866,Incoming,4,2,wallet_129
2025-06-28 18:07:02,wallet_349,0.09956618,Outgoing,3,3,wallet_032
2025-06-28 18:07:02,wallet_032,0.09956618,Incoming,3,3,wallet_349
2025-06-28 20:26:34,wallet_344,0.03642551,Outgoing,1,2,wallet_139
2025-06-28 20:26:34,wallet_139,0.03642551,Incoming,1,2,wallet_344
2025-06-28 21:25:46,wallet_161,0.07102239,Outgoing,3,3,wallet_335
2025-06-28 21:25:46,wallet_335,0.07102239,Incoming,3,3,wallet_161
2025-06-29 10:15:40,wallet_017,0.03995307,Outgoing,1,2,wallet_146
2025-06-29 10:15:40,wallet_146,0.03995307,Incoming,1,2,wallet_017
2025-06-29 10:39:14,wallet_251,0.05296714,Outgoing,1,2,wallet_278
2025-06-29 10:39:14,wallet_278,0.05296714,Incoming,1,2,wallet_251
2025-06-29 10:40:52,wallet_346,0.05653237,Outgoing,2,2,wallet_027
2025-06-29 10:40:52,wallet_027,0.05653237,Incoming,2,2,wallet_346
2025-06-29 14:34:57,wallet_255,0.00802271,Outgoing,1,2,wallet_045
2025-06-29 14:34:57,wallet_045,0.00802271,Incoming,1,2,wallet_255
2025-06-29 15:13:50,wallet_216,0.04518084,Outgoing,2,1,wallet_088
2025-06-29 15:13:50,wallet_088,0.04518084,Incoming,2,1,wallet_216
2025-06-29 16:10:54,wallet_160,0.89859043,Outgoing,1,2,wallet_023
2025-06-29 16:10:54,wallet_023,0.89859043,Incoming,1,2,wallet_160
2025-06-29 16:57:45,wallet_324,0.09665583,Outgoing,2,2,wallet_270
2025-06-29 16:57:45,wallet_270,0.09665583,Incoming,2,2,wallet_324
2025-06-29 17:04:12,wallet_349,0.07278836,Outgoing,3,3,wallet_239
2025-06-29 17:04:12,wallet_239,0.07278836,Incoming,3,3,wallet_349
2025-06-29 22:28:42,wallet_279,0.17891572,Outgoing,1,2,wallet_093
2025-06-29 22:28:42,wallet_093,0.17891572,Incoming,1,2,wallet_279
2025-06-30 06:31:51,wallet_344,0.03716605,Outgoing,1,2,wallet_306
2025-06-30 06:31:51,wallet_306,0.03716605,Incoming,1,2,wallet_344
2025-06-30 06:35:03,wallet_218,0.08926488,Outgoing,3,2,wallet_129
2025-06-30 06:35:03,wallet_129,0.08926488,Incoming,3,2,wallet_218
2025-06-30 08:53:56,wallet_242,0.02233634,Outgoing,2,2,wallet_392
2025-06-30 08:53:56,wallet_392,0.02233634,Incoming,2,2,wallet_242
2025-06-30 09:05:00,wallet_369,0.07123318,Outgoing,4,2,wallet_340
2025-06-30 09:05:00,wallet_340,0.07123318,Incoming,4,2,wallet_369
2025-06-30 09:14:54,wallet_410,0.01768718,Outgoing,3,2,wallet_020
2025-06-30 09:14:54,wallet_020,0.01768718,Incoming,3,2,wallet_410
2025-06-30 09:31:48,wallet_278,0.13580793,Outgoing,2,1,wallet_251
2025-06-30 09:31:48,wallet_251,0.13580793,Incoming,2,1,wallet_278
2025-06-30 10:26:12,wallet_401,0.0194847,Outgoing,4,2,wallet_173
2025-06-30 10:26:12,wallet_173,0.0194847,Incoming,4,2,wallet_401
2025-06-30 10:44:00,wallet_296,0.02391265,Outgoing,1,3,wallet_257
2025-06-30 10:44:00,wallet_257,0.02391265,Incoming,1,3,wallet_296
2025-06-30 11:36:42,wallet_254,0.00960047,Outgoing,1,2,wallet_280
2025-06-30 11:36:42,wallet_280,0.00960047,Incoming,1,2,wallet_254
2025-06-30 12:08:00,wallet_296,0.04136044,Outgoing,1,3,wallet_239
2025-06-30 12:08:00,wallet_239,0.04136044,Incoming,1,3,wallet_296
2025-06-30 12:30:07,wallet_020,0.0331628,Outgoing,2,2,wallet_253
2025-06-30 12:30:07,wallet_253,0.0331628,Incoming,2,2,wallet_020
2025-06-30 13:36:40,wallet_265,0.01500203,Outgoing,2,1,wallet_188
2025-06-30 13:36:40,wallet_188,0.01500203,Incoming,2,1,wallet_265
2025-06-30 16:11:00,wallet_296,0.13902561,Outgoing,1,2,wallet_184
2025-06-30 16:11:00,wallet_184,0.13902561,Incoming,1,2,wallet_296
2025-06-30 16:18:43,wallet_198,0.06210454,Outgoing,1,1,wallet_128
2025-06-30 16:18:43,wallet_128,0.06210454,Incoming,1,1,wallet_198
2025-06-30 19:37:50,wallet_304,0.03661427,Outgoing,1,1,wallet_146
2025-06-30 19:37:50,wallet_146,0.03661427,Incoming,1,1,wallet_304
2025-06-30 20:57:50,wallet_317,0.02212916,Outgoing,2,2,wallet_133
2025-06-30 20:57:50,wallet_133,0.02212916,Incoming,2,2,wallet_317
2025-07-01 02:32:06,wallet_383,0.45664689,Outgoing,1,2,wallet_144
2025-07-01 02:32:06,wallet_144,0.45664689,Incoming,1,2,wallet_383
2025-07-01 09:03:27,wallet_166,0.32634543,Outgoing,3,2,wallet_377
2025-07-01 09:03:27,wallet_377,0.32634543,Incoming,3,2,wallet_166
2025-07-01 10:07:30,wallet_292,0.15343466,Outgoing,2,1,wallet_405
2025-07-01 10:07:30,wallet_405,0.15343466,Incoming,2,1,wallet_292
2025-07-01 11:21:28,wallet_049,0.2302955,Outgoing,1,1,wallet_304
2025-07-01 11:21:28,wallet_304,0.2302955,Incoming,1,1,wallet_049
2025-07-01 11:23:55,wallet_069,0.04811616,Outgoing,2,2,wallet_014
2025-07-01 11:23:55,wallet_014,0.04811616,Incoming,2,2,wallet_069
2025-07-01 11:41:31,wallet_279,0.1805928,Outgoing,2,1,wallet_370
2025-07-01 11:41:31,wallet_370,0.1805928,Incoming,2,1,wallet_279
2025-07-01 11:48:00,wallet_296,0.06721418,Outgoing,2,2,wallet_111
2025-07-01 11:48:00,wallet_111,0.06721418,Incoming,2,2,wallet_296
2025-07-01 11:58:00,wallet_296,0.05351493,Outgoing,2,2,wallet_228
2025-07-01 11:58:00,wallet_228,0.05351493,Incoming,2,2,wallet_296
2025-07-01 14:21:00,wallet_296,0.1237332,Outgoing,2,2,wallet_110
2025-07-01 14:21:00,wallet_110,0.1237332,Incoming,2,2,wallet_296
2025-07-01 15:19:00,wallet_369,0.0967426,Outgoing,2,2,wallet_275
2025-07-01 15:19:00,wallet_275,0.0967426,Incoming,2,2,wallet_369
2025-07-01 15:36:00,wallet_369,0.08418894,Outgoing,2,2,wallet_386
2025-07-01 15:36:00,wallet_386,0.08418894,Incoming,2,2,wallet_369
2025-07-01 15:43:00,wallet_369,0.05253976,Outgoing,2,1,wallet_078
2025-07-01 15:43:00,wallet_078,0.05253976,Incoming,2,1,wallet_369
2025-07-01 15:46:44,wallet_207,0.16053824,Outgoing,3,1,wallet_168
2025-07-01 15:46:44,wallet_168,0.16053824,Incoming,3,1,wallet_207
2025-07-01 16:36:00,wallet_369,0.11343594,Outgoing,2,2,wallet_021
2025-07-01 16:36:00,wallet_021,0.11343594,Incoming,2,2,wallet_369
2025-07-01 17:21:28,wallet_275,0.05636248,Outgoing,4,2,wallet_268
2025-07-01 17:21:28,wallet_268,0.05636248,Incoming,4,2,wallet_275
2025-07-01 19:33:45,wallet_220,0.15315745,Outgoing,2,2,wallet_046
2025-07-01 19:33:45,wallet_046,0.15315745,Incoming,2,2,wallet_220
2025-07-01 19:42:47,wallet_046,0.01961934,Outgoing,2,2,wallet_255
2025-07-01 19:42:47,wallet_255,0.01961934,Incoming,2,2,wallet_046
2025-07-01 21:51:13,wallet_107,0.02120513,Outgoing,3,2,wallet_343
2025-07-01 21:51:13,wallet_343,0.02120513,Incoming,3,2,wallet_107
2025-07-01 23:03:57,wallet_187,0.00857261,Outgoing,2,2,wallet_064
2025-07-01 23:03:57,wallet_064,0.00857261,Incoming,2,2,wallet_187
2025-07-02 02:53:19,wallet_280,0.01520603,Outgoing,1,1,wallet_146
2025-07-02 02:53:19,wallet_146,0.01520603,Incoming,1,1,wallet_280
2025-07-02 05:56:25,wallet_376,0.01162612,Outgoing,1,2,wallet_169
2025-07-02 05:56:25,wallet_169,0.01162612,Incoming,1,2,wallet_376
2025-07-02 08:15:43,wallet_177,0.01458582,Outgoing,3,2,wallet_089
2025-07-02 08:15:43,wallet_089,0.01458582,Incoming,3,2,wallet_177
2025-07-02 08:24:54,wallet_045,0.00642509,Outgoing,1,2,wallet_145
2025-07-02 08:24:54,wallet_145,0.00642509,Incoming,1,2,wallet_045
2025-07-02 08:35:33,wallet_262,0.10233569,Outgoing,1,2,wallet_254
2025-07-02 08:35:33,wallet_254,0.10233569,Incoming,1,2,wallet_262
2025-07-02 08:40:49,wallet_173,0.02969823,Outgoing,2,1,wallet_145
2025-07-02 08:40:49,wallet_145,0.02969823,Incoming,2,1,wallet_173
2025-07-02 08:45:37,wallet_385,0.05789091,Outgoing,2,3,wallet_041
2025-07-02 08:45:37,wallet_041,0.05789091,Incoming,2,3,wallet_385
2025-07-02 09:29:00,wallet_369,0.07239342,Outgoing,1,1,wallet_189
2025-07-02 09:29:00,wallet_189,0.07239342,Incoming,1,1,wallet_369
2025-07-02 11:21:29,wallet_176,0.41488962,Outgoing,1,2,wallet_324
2025-07-02 11:21:29,wallet_324,0.41488962,Incoming,1,2,wallet_176
2025-07-02 11:25:00,wallet_296,0.1326401,Outgoing,1,2,wallet_083
2025-07-02 11:25:00,wallet_083,0.1326401,Incoming,1,2,wallet_296
2025-07-02 11:39:00,wallet_369,0.09662533,Outgoing,2,3,wallet_219
2025-07-02 11:39:00,wallet_219,0.09662533,Incoming,2,3,wallet_369
2025-07-02 14:14:01,wallet_267,0.17122196,Outgoing,1,1,wallet_391
2025-07-02 14:14:01,wallet_391,0.17122196,Incoming,1,1,wallet_267
2025-07-02 15:19:25,wallet_127,0.01198449,Outgoing,4,2,wallet_313
2025-07-02 15:19:25,wallet_313,0.01198449,Incoming,4,2,wallet_127
2025-07-02 15:29:00,wallet_369,0.14308446,Outgoing,4,2,wallet_288
2025-07-02 15:29:00,wallet_288,0.14308446,Incoming,4,2,wallet_369
2025-07-02 16:01:00,wallet_296,0.02202899,Outgoing,2,2,wallet_119
2025-07-02 16:01:00,wallet_119,0.02202899,Incoming,2,2,wallet_296
2025-07-02 16:07:57,wallet_193,0.05301908,Outgoing,3,3,wallet_065
2025-07-02 16:07:57,wallet_065,0.05301908,Incoming,3,3,wallet_193
2025-07-02 16:50:16,wallet_225,0.05812477,Outgoing,1,2,wallet_076
2025-07-02 16:50:16,wallet_076,0.05812477,Incoming,1,2,wallet_225
2025-07-02 16:55:38,wallet_396,0.03058866,Outgoing,1,2,wallet_078
2025-07-02 16:55:38,wallet_078,0.03058866,Incoming,1,2,wallet_396
2025-07-02 18:19:22,wallet_069,0.07500536,Outgoing,2,2,wallet_233
2025-07-02 18:19:22,wallet_233,0.07500536,Incoming,2,2,wallet_069
2025-07-02 21:38:27,wallet_335,0.18583889,Outgoing,3,1,wallet_349
2025-07-02 21:38:27,wallet_349,0.18583889,Incoming,3,1,wallet_335
2025-07-02 22:49:10,wallet_068,0.178421,Outgoing,1,1,wallet_105
2025-07-02 22:49:10,wallet_105,0.178421,Incoming,1,1,wallet_068
2025-07-03 02:48:17,wallet_212,0.05476294,Outgoing,1,2,wallet_109
2025-07-03 02:48:17,wallet_109,0.05476294,Incoming,1,2,wallet_212
2025-07-03 05:37:19,wallet_323,0.00876222,Outgoing,1,1,wallet_387
2025-07-03 05:37:19,wallet_387,0.00876222,Incoming,1,1,wallet_323
2025-07-03 09:55:35,wallet_161,0.07380883,Outgoing,4,1,wallet_110
2025-07-03 09:55:35,wallet_110,0.07380883,Incoming,4,1,wallet_161
2025-07-03 10:03:27,wallet_128,0.03100199,Outgoing,1,2,wallet_142
2025-07-03 10:03:27,wallet_142,0.03100199,Incoming,1,2,wallet_128
2025-07-03 10:59:45,wallet_037,0.01690963,Outgoing,2,2,wallet_255
2025-07-03 10:59:45,wallet_255,0.01690963,Incoming,2,2,wallet_037
2025-07-03 12:36:15,wallet_023,0.39738935,Outgoing,1,1,wallet_004
2025-07-03 12:36:15,wallet_004,0.39738935,Incoming,1,1,wallet_023
2025-07-03 13:35:04,wallet_175,0.48597971,Outgoing,1,2,wallet_238
2025-07-03 13:35:04,wallet_238,0.48597971,Incoming,1,2,wallet_175
2025-07-03 15:15:46,wallet_268,0.07787718,Outgoing,2,1,wallet_346
2025-07-03 15:15:46,wallet_346,0.07787718,Incoming,2,1,wallet_268
2025-07-03 16:01:13,wallet_319,0.05615886,Outgoing,1,1,wallet_100
2025-07-03 16:01:13,wallet_100,0.05615886,Incoming,1,1,wallet_319
2025-07-03 16:50:13,wallet_217,0.27054711,Outgoing,1,1,wallet_049
2025-07-03 16:50:13,wallet_049,0.27054711,Incoming,1,1,wallet_217
2025-07-03 17:00:10,wallet_037,0.02725648,Outgoing,1,2,wallet_133
2025-07-03 17:00:10,wallet_133,0.02725648,Incoming,1,2,wallet_037
2025-07-03 17:55:10,wallet_256,0.02447366,Outgoing,1,2,wallet_277
2025-07-03 17:55:10,wallet_277,0.02447366,Incoming,1,2,wallet_256
2025-07-03 20:48:26,wallet_052,0.09709438,Outgoing,1,2,wallet_133
2025-07-03 20:48:26,wallet_133,0.09709438,Incoming,1,2,wallet_052
2025-07-03 23:06:58,wallet_069,0.10612442,Outgoing,1,3,wallet_257
2025-07-03 23:06:58,wallet_257,0.10612442,Incoming,1,3,wallet_069
2025-07-04 00:37:08,wallet_277,0.14956376,Outgoing,1,3,wallet_025
2025-07-04 00:37:08,wallet_025,0.14956376,Incoming,1,3,wallet_277
2025-07-04 06:36:20,wallet_123,0.04637854,Outgoing,1,2,wallet_228
2025-07-04 06:36:20,wallet_228,0.04637854,Incoming,1,2,wallet_123
2025-07-04 09:01:09,wallet_113,0.48784186,Outgoing,2,2,wallet_078
2025-07-04 09:01:09,wallet_078,0.48784186,Incoming,2,2,wallet_113
2025-07-04 10:42:00,wallet_378,0.03279751,Outgoing,3,2,wallet_088
2025-07-04 10:42:00,wallet_088,0.03279751,Incoming,3,2,wallet_378
2025-07-04 10:58:56,wallet_074,0.14168025,Outgoing,2,1,wallet_221
2025-07-04 10:58:56,wallet_221,0.14168025,Incoming,2,1,wallet_074
2025-07-04 11:50:40,wallet_332,0.12990749,Outgoing,2,2,wallet_282
2025-07-04 11:50:40,wallet_282,0.12990749,Incoming,2,2,wallet_332
2025-07-04 12:38:43,wallet_352,0.06860516,Outgoing,3,2,wallet_146
2025-07-04 12:38:43,wallet_146,0.06860516,Incoming,3,2,wallet_352
2025-07-04 14:17:19,wallet_274,0.05486519,Outgoing,2,1,wallet_241
2025-07-04 14:17:19,wallet_241,0.05486519,Incoming,2,1,wallet_274
2025-07-04 14:20:04,wallet_153,0.0235923,Outgoing,3,3,wallet_343
2025-07-04 14:20:04,wallet_343,0.0235923,Incoming,3,3,wallet_153
2025-07-04 14:28:24,wallet_082,0.02175202,Outgoing,1,3,wallet_110
2025-07-04 14:28:24,wallet_110,0.02175202,Incoming,1,3,wallet_082
2025-07-04 17:25:36,wallet_285,0.03431345,Outgoing,3,2,wallet_365
2025-07-04 17:25:36,wallet_365,0.03431345,Incoming,3,2,wallet_285
2025-07-04 17:46:37,wallet_280,0.0121496,Outgoing,1,2,wallet_205
2025-07-04 17:46:37,wallet_205,0.0121496,Incoming,1,2,wallet_280
2025-07-04 19:19:08,wallet_113,0.49591459,Outgoing,1,3,wallet_078
2025-07-04 19:19:08,wallet_078,0.49591459,Incoming,1,3,wallet_113
2025-07-04 19:36:29,wallet_396,0.02648193,Outgoing,2,2,wallet_052
2025-07-04 19:36:29,wallet_052,0.02648193,Incoming,2,2,wallet_396
2025-07-04 22:25:35,wallet_360,0.04680511,Outgoing,4,1,wallet_027
2025-07-04 22:25:35,wallet_027,0.04680511,Incoming,4,1,wallet_360
2025-07-05 08:28:19,wallet_342,0.06902554,Outgoing,1,2,wallet_122
2025-07-05 08:28:19,wallet_122,0.06902554,Incoming,1,2,wallet_342
2025-07-05 10:29:06,wallet_271,0.04559928,Outgoing,1,2,wallet_267
2025-07-05 10:29:06,wallet_267,0.04559928,Incoming,1,2,wallet_271
2025-07-05 10:40:24,wallet_113,0.49895527,Outgoing,4,1,wallet_078
2025-07-05 10:40:24,wallet_078,0.49895527,Incoming,4,1,wallet_113
2025-07-05 11:49:45,wallet_068,0.24233079,Outgoing,2,3,wallet_119
2025-07-05 11:49:45,wallet_119,0.24233079,Incoming,2,3,wallet_068
2025-07-05 13:32:18,wallet_159,0.06804693,Outgoing,1,3,wallet_179
2025-07-05 13:32:18,wallet_179,0.06804693,Incoming,1,3,wallet_159
2025-07-05 16:55:48,wallet_292,0.03483355,Outgoing,1,2,wallet_062
2025-07-05 16:55:48,wallet_062,0.03483355,Incoming,1,2,wallet_292
2025-07-05 17:11:01,wallet_129,0.12765901,Outgoing,2,1,wallet_218
2025-07-05 17:11:01,wallet_218,0.12765901,Incoming,2,1,wallet_129
2025-07-05 20:20:43,wallet_113,0.48572527,Outgoing,2,2,wallet_078
2025-07-05 20:20:43,wallet_078,0.48572527,Incoming,2,2,wallet_113
2025-07-05 20:43:10,wallet_374,0.0758738,Outgoing,1,1,wallet_368
2025-07-05 20:43:10,wallet_368,0.0758738,Incoming,1,1,wallet_374
2025-07-06 00:29:51,wallet_111,0.14002882,Outgoing,1,2,wallet_336
2025-07-06 00:29:51,wallet_336,0.14002882,Incoming,1,2,wallet_111
2025-07-06 04:10:02,wallet_366,0.12427964,Outgoing,2,2,wallet_404
2025-07-06 04:10:02,wallet_404,0.12427964,Incoming,2,2,wallet_366
2025-07-06 07:02:30,wallet_113,0.48413923,Outgoing,4,1,wallet_078
2025-07-06 07:02:30,wallet_078,0.48413923,Incoming,4,1,wallet_113
2025-07-06 07:48:11,wallet_235,0.08557491,Outgoing,1,3,wallet_352
2025-07-06 07:48:11,wallet_352,0.08557491,Incoming,1,3,wallet_235
2025-07-06 07:51:29,wallet_076,0.04553177,Outgoing,1,2,wallet_350
2025-07-06 07:51:29,wallet_350,0.04553177,Incoming,1,2,wallet_076
2025-07-06 09:21:42,wallet_145,0.01094583,Outgoing,2,2,wallet_045
2025-07-06 09:21:42,wallet_045,0.01094583,Incoming,2,2,wallet_145
2025-07-06 10:15:05,wallet_036,0.05014045,Outgoing,3,3,wallet_069
2025-07-06 10:15:05,wallet_069,0.05014045,Incoming,3,3,wallet_036
2025-07-06 11:48:19,wallet_346,0.0464743,Outgoing,2,1,wallet_039
2025-07-06 11:48:19,wallet_039,0.0464743,Incoming,2,1,wallet_346
2025-07-06 11:53:43,wallet_189,0.22483853,Outgoing,2,1,wallet_408
2025-07-06 11:53:43,wallet_408,0.22483853,Incoming,2,1,wallet_189
2025-07-06 12:17:19,wallet_194,0.05997079,Outgoing,1,2,wallet_001
2025-07-06 12:17:19,wallet_001,0.05997079,Incoming,1,2,wallet_194
2025-07-06 12:58:58,wallet_045,0.00540056,Outgoing,2,2,wallet_333
2025-07-06 12:58:58,wallet_333,0.00540056,Incoming,2,2,wallet_045
2025-07-06 13:55:45,wallet_129,0.07427109,Outgoing,1,1,wallet_186
2025-07-06 13:55:45,wallet_186,0.07427109,Incoming,1,1,wallet_129
2025-07-06 14:08:51,wallet_396,0.03598968,Outgoing,1,2,wallet_181
2025-07-06 14:08:51,wallet_181,0.03598968,Incoming,1,2,wallet_396
2025-07-06 15:07:11,wallet_393,0.04819531,Outgoing,1,2,wallet_076
2025-07-06 15:07:11,wallet_076,0.04819531,Incoming,1,2,wallet_393
2025-07-06 15:29:58,wallet_248,0.06765027,Outgoing,3,3,wallet_131
2025-07-06 15:29:58,wallet_131,0.06765027,Incoming,3,3,wallet_248
2025-07-06 15:37:00,wallet_113,0.4894623,Outgoing,1,2,wallet_078
2025-07-06 15:37:00,wallet_078,0.4894623,Incoming,1,2,wallet_113
2025-07-06 16:35:29,wallet_199,0.07265057,Outgoing,3,3,wallet_365
2025-07-06 16:35:29,wallet_365,0.07265057,Incoming,3,3,wallet_199
2025-07-06 16:55:13,wallet_139,0.07578424,Outgoing,2,1,wallet_146
2025-07-06 16:55:13,wallet_146,0.07578424,Incoming,2,1,wallet_139
2025-07-06 22:35:23,wallet_104,0.15464572,Outgoing,2,2,wallet_169
2025-07-06 22:35:23,wallet_169,0.15464572,Incoming,2,2,wallet_104
2025-07-07 05:56:49,wallet_104,0.13373604,Outgoing,1,1,wallet_169
2025-07-07 05:56:49,wallet_169,0.13373604,Incoming,1,1,wallet_104
2025-07-07 06:33:06,wallet_113,0.49071176,Outgoing,1,3,wallet_078
2025-07-07 06:33:06,wallet_078,0.49071176,Incoming,1,3,wallet_113
2025-07-07 07:19:15,wallet_088,0.03748639,Outgoing,1,3,wallet_153
2025-07-07 07:19:15,wallet_153,0.03748639,Incoming,1,3,wallet_088
2025-07-07 07:26:36,wallet_248,0.08925362,Outgoing,3,2,wallet_131
2025-07-07 07:26:36,wallet_131,0.08925362,Incoming,3,2,wallet_248
2025-07-07 10:22:07,wallet_095,0.01392655,Outgoing,1,2,wallet_174
2025-07-07 10:22:07,wallet_174,0.01392655,Incoming,1,2,wallet_095
2025-07-07 11:43:17,wallet_179,0.01587706,Outgoing,1,2,wallet_366
2025-07-07 11:43:17,wallet_366,0.01587706,Incoming,1,2,wallet_179
2025-07-07 11:46:39,wallet_072,0.12846466,Outgoing,4,2,wallet_069
2025-07-07 11:46:39,wallet_069,0.12846466,Incoming,4,2,wallet_072
2025-07-07 12:11:05,wallet_124,0.0718848,Outgoing,1,2,wallet_344
2025-07-07 12:11:05,wallet_344,0.0718848,Incoming,1,2,wallet_124
2025-07-07 12:13:36,wallet_043,0.20442334,Outgoing,2,2,wallet_360
2025-07-07 12:13:36,wallet_360,0.20442334,Incoming,2,2,wallet_043
2025-07-07 13:44:30,wallet_228,0.01283329,Outgoing,2,2,wallet_232
2025-07-07 13:44:30,wallet_232,0.01283329,Incoming,2,2,wallet_228
2025-07-07 13:52:43,wallet_277,0.02495193,Outgoing,1,1,wallet_224
2025-07-07 13:52:43,wallet_224,0.02495193,Incoming,1,1,wallet_277
2025-07-07 17:55:32,wallet_185,0.27181834,Outgoing,1,2,wallet_054
2025-07-07 17:55:32,wallet_054,0.27181834,Incoming,1,2,wallet_185
2025-07-07 17:56:39,wallet_340,0.05021014,Outgoing,3,1,wallet_152
2025-07-07 17:56:39,wallet_152,0.05021014,Incoming,3,1,wallet_340
2025-07-07 18:14:53,wallet_113,0.49037827,Outgoing,2,3,wallet_078
2025-07-07 18:14:53,wallet_078,0.49037827,Incoming,2,3,wallet_113
2025-07-07 18:20:25,wallet_041,0.03990409,Outgoing,1,2,wallet_174
2025-07-07 18:20:25,wallet_174,0.03990409,Incoming,1,2,wallet_041
2025-07-07 18:57:17,wallet_001,0.04250506,Outgoing,3,2,wallet_194
2025-07-07 18:57:17,wallet_194,0.04250506,Incoming,3,2,wallet_001
2025-07-07 20:07:18,wallet_260,0.01078744,Outgoing,3,2,wallet_224
2025-07-07 20:07:18,wallet_224,0.01078744,Incoming,3,2,wallet_260
2025-07-08 00:49:27,wallet_113,0.48676641,Outgoing,2,3,wallet_078
2025-07-08 00:49:27,wallet_078,0.48676641,Incoming,2,3,wallet_113
2025-07-08 08:26:38,wallet_215,0.01595183,Outgoing,1,2,wallet_384
2025-07-08 08:26:38,wallet_384,0.01595183,Incoming,1,2,wallet_215
2025-07-08 10:19:19,wallet_069,0.02806243,Outgoing,2,3,wallet_059
2025-07-08 10:19:19,wallet_059,0.02806243,Incoming,2,3,wallet_069
2025-07-08 11:12:10,wallet_295,0.07633227,Outgoing,1,2,wallet_168
2025-07-08 11:12:10,wallet_168,0.07633227,Incoming,1,2,wallet_295
2025-07-08 12:57:10,wallet_113,0.49068763,Outgoing,2,1,wallet_078
2025-07-08 12:57:10,wallet_078,0.49068763,Incoming,2,1,wallet_113
2025-07-08 14:09:35,wallet_190,0.04405617,Outgoing,2,2,wallet_132
2025-07-08 14:09:35,wallet_132,0.04405617,Incoming,2,2,wallet_190
2025-07-08 15:54:25,wallet_398,0.01505873,Outgoing,1,1,wallet_392
2025-07-08 15:54:25,wallet_392,0.01505873,Incoming,1,1,wallet_398
2025-07-08 15:56:49,wallet_392,0.01287069,Outgoing,2,1,wallet_266
2025-07-08 15:56:49,wallet_266,0.01287069,Incoming,2,1,wallet_392
2025-07-08 17:08:03,wallet_042,0.0174096,Outgoing,1,1,wallet_269
2025-07-08 17:08:03,wallet_269,0.0174096,Incoming,1,1,wallet_042
2025-07-08 18:31:01,wallet_107,0.0391886,Outgoing,1,2,wallet_350
2025-07-08 18:31:01,wallet_350,0.0391886,Incoming,1,2,wallet_107
2025-07-08 21:12:16,wallet_113,0.49096422,Outgoing,2,2,wallet_078
2025-07-08 21:12:16,wallet_078,0.49096422,Incoming,2,2,wallet_113
2025-07-08 21:31:42,wallet_029,0.02265922,Outgoing,1,2,wallet_164
2025-07-08 21:31:42,wallet_164,0.02265922,Incoming,1,2,wallet_029
2025-07-08 21:55:00,wallet_037,0.01605281,Outgoing,3,2,wallet_133
2025-07-08 21:55:00,wallet_133,0.01605281,Incoming,3,2,wallet_037
2025-07-09 05:05:48,wallet_344,0.15470079,Outgoing,1,2,wallet_032
2025-07-09 05:05:48,wallet_032,0.15470079,Incoming,1,2,wallet_344
2025-07-09 07:42:20,wallet_331,0.03861953,Outgoing,1,3,wallet_298
2025-07-09 07:42:20,wallet_298,0.03861953,Incoming,1,3,wallet_331
2025-07-09 08:09:20,wallet_220,0.08000581,Outgoing,3,3,wallet_177
2025-07-09 08:09:20,wallet_177,0.08000581,Incoming,3,3,wallet_220
2025-07-09 09:12:36,wallet_159,0.03025015,Outgoing,1,2,wallet_121
2025-07-09 09:12:36,wallet_121,0.03025015,Incoming,1,2,wallet_159
2025-07-09 10:17:19,wallet_025,0.08704329,Outgoing,3,2,wallet_277
2025-07-09 10:17:19,wallet_277,0.08704329,Incoming,3,2,wallet_025
2025-07-09 10:42:21,wallet_037,0.05547939,Outgoing,1,1,wallet_089
2025-07-09 10:42:21,wallet_089,0.05547939,Incoming,1,1,wallet_037
2025-07-09 12:45:57,wallet_262,0.11836906,Outgoing,1,2,wallet_217
2025-07-09 12:45:57,wallet_217,0.11836906,Incoming,1,2,wallet_262
2025-07-09 12:56:17,wallet_192,0.04557212,Outgoing,1,3,wallet_110
2025-07-09 12:56:17,wallet_110,0.04557212,Incoming,1,3,wallet_192
2025-07-09 13:42:15,wallet_059,0.0478179,Outgoing,3,2,wallet_233
2025-07-09 13:42:15,wallet_233,0.0478179,Incoming,3,2,wallet_059
2025-07-09 14:25:03,wallet_072,0.00798899,Outgoing,2,1,wallet_166
2025-07-09 14:25:03,wallet_166,0.00798899,Incoming,2,1,wallet_072
2025-07-09 14:48:59,wallet_113,0.48937072,Outgoing,1,3,wallet_078
2025-07-09 14:48:59,wallet_078,0.48937072,Incoming,1,3,wallet_113
2025-07-09 15:22:37,wallet_319,0.04309987,Outgoing,2,2,wallet_280
2025-07-09 15:22:37,wallet_280,0.04309987,Incoming,2,2,wallet_319
2025-07-09 16:25:23,wallet_173,0.03102331,Outgoing,1,1,wallet_401
2025-07-09 16:25:23,wallet_401,0.03102331,Incoming,1,1,wallet_173
2025-07-09 16:42:51,wallet_021,0.02671019,Outgoing,1,2,wallet_238
2025-07-09 16:42:51,wallet_238,0.02671019,Incoming,1,2,wallet_021
2025-07-09 16:52:28,wallet_314,0.09329659,Outgoing,1,2,wallet_397
2025-07-09 16:52:28,wallet_397,0.09329659,Incoming,1,2,wallet_314
2025-07-09 17:58:04,wallet_238,1.24547457,Outgoing,2,2,wallet_072
2025-07-09 17:58:04,wallet_072,1.24547457,Incoming,2,2,wallet_238
2025-07-09 18:09:34,wallet_396,0.04561906,Outgoing,3,3,wallet_052
2025-07-09 18:09:34,wallet_052,0.04561906,Incoming,3,3,wallet_396
2025-07-09 18:28:57,wallet_279,0.02972837,Outgoing,1,2,wallet_268
2025-07-09 18:28:57,wallet_268,0.02972837,Incoming,1,2,wallet_279
2025-07-09 18:41:45,wallet_078,0.06074427,Outgoing,1,2,wallet_289
2025-07-09 18:41:45,wallet_289,0.06074427,Incoming,1,2,wallet_078
2025-07-09 19:20:24,wallet_335,0.07241176,Outgoing,1,2,wallet_082
2025-07-09 19:20:24,wallet_082,0.07241176,Incoming,1,2,wallet_335
2025-07-09 19:31:39,wallet_386,0.01209885,Outgoing,1,2,wallet_350
2025-07-09 19:31:39,wallet_350,0.01209885,Incoming,1,2,wallet_386
2025-07-09 19:57:19,wallet_118,0.03805778,Outgoing,4,3,wallet_128
2025-07-09 19:57:19,wallet_128,0.03805778,Incoming,4,3,wallet_118
2025-07-09 20:34:22,wallet_072,0.01556722,Outgoing,1,1,wallet_166
2025-07-09 20:34:22,wallet_166,0.01556722,Incoming,1,1,wallet_072
2025-07-09 20:42:16,wallet_182,0.04998965,Outgoing,1,2,wallet_367
2025-07-09 20:42:16,wallet_367,0.04998965,Incoming,1,2,wallet_182
2025-07-09 22:29:10,wallet_385,0.04127127,Outgoing,1,1,wallet_292
2025-07-09 22:29:10,wallet_292,0.04127127,Incoming,1,1,wallet_385
2025-07-09 22:32:15,wallet_088,0.01047374,Outgoing,1,2,wallet_166
2025-07-09 22:32:15,wallet_166,0.01047374,Incoming,1,2,wallet_088
2025-07-09 22:56:21,wallet_371,0.05057143,Outgoing,3,3,wallet_042
2025-07-09 22:56:21,wallet_042,0.05057143,Incoming,3,3,wallet_371
2025-07-10 04:58:14,wallet_113,0.48978533,Outgoing,2,2,wallet_078
2025-07-10 04:58:14,wallet_078,0.48978533,Incoming,2,2,wallet_113
2025-07-10 08:19:25,wallet_041,0.0591443,Outgoing,3,1,wallet_139
2025-07-10 08:19:25,wallet_139,0.0591443,Incoming,3,1,wallet_041
2025-07-10 08:20:43,wallet_062,0.01607837,Outgoing,2,2,wallet_350
2025-07-10 08:20:43,wallet_350,0.01607837,Incoming,2,2,wallet_062
2025-07-10 08:43:21,wallet_302,0.0534273,Outgoing,1,2,wallet_235
2025-07-10 08:43:21,wallet_235,0.0534273,Incoming,1,2,wallet_302
2025-07-10 09:36:25,wallet_004,0.01541813,Outgoing,3,2,wallet_118
2025-07-10 09:36:25,wallet_118,0.01541813,Incoming,3,2,wallet_004
2025-07-10 15:15:13,wallet_221,0.22273265,Outgoing,4,2,wallet_074
2025-07-10 15:15:13,wallet_074,0.22273265,Incoming,4,2,wallet_221
2025-07-10 15:17:26,wallet_243,0.05913274,Outgoing,2,1,wallet_070
2025-07-10 15:17:26,wallet_070,0.05913274,Incoming,2,1,wallet_243
2025-07-10 15:59:10,wallet_137,0.75339936,Outgoing,1,1,wallet_072
2025-07-10 15:59:10,wallet_072,0.75339936,Incoming,1,1,wallet_137
2025-07-10 17:08:48,wallet_099,0.07908303,Outgoing,1,1,wallet_308
2025-07-10 17:08:48,wallet_308,0.07908303,Incoming,1,1,wallet_099
2025-07-10 17:13:27,wallet_267,0.0826611,Outgoing,4,1,wallet_374
2025-07-10 17:13:27,wallet_374,0.0826611,Incoming,4,1,wallet_267
2025-07-10 17:54:28,wallet_104,0.12532135,Outgoing,2,1,wallet_382
2025-07-10 17:54:28,wallet_382,0.12532135,Incoming,2,1,wallet_104
2025-07-10 20:17:49,wallet_078,0.487922,Outgoing,2,2,wallet_113
2025-07-10 20:17:49,wallet_113,0.487922,Incoming,2,2,wallet_078
2025-07-10 21:23:32,wallet_030,0.01205006,Outgoing,4,2,wallet_401
2025-07-10 21:23:32,wallet_401,0.01205006,Incoming,4,2,wallet_030
2025-07-11 08:30:39,wallet_274,0.0860809,Outgoing,1,2,wallet_152
2025-07-11 08:30:39,wallet_152,0.0860809,Incoming,1,2,wallet_274
2025-07-11 11:24:37,wallet_078,0.50175903,Outgoing,2,2,wallet_113
2025-07-11 11:24:37,wallet_113,0.50175903,Incoming,2,2,wallet_078
2025-07-11 12:01:44,wallet_196,0.14682243,Outgoing,1,1,wallet_251
2025-07-11 12:01:44,wallet_251,0.14682243,Incoming,1,1,wallet_196
2025-07-11 13:55:22,wallet_288,0.01455773,Outgoing,4,2,wallet_146
2025-07-11 13:55:22,wallet_146,0.01455773,Incoming,4,2,wallet_288
2025-07-11 14:04:23,wallet_378,0.02732852,Outgoing,1,3,wallet_088
2025-07-11 14:04:23,wallet_088,0.02732852,Incoming,1,3,wallet_378
2025-07-11 14:45:29,wallet_307,0.06471845,Outgoing,1,2,wallet_071
2025-07-11 14:45:29,wallet_071,0.06471845,Incoming,1,2,wallet_307
2025-07-11 17:14:18,wallet_378,0.11091372,Outgoing,1,2,wallet_350
2025-07-11 17:14:18,wallet_350,0.11091372,Incoming,1,2,wallet_378
2025-07-11 17:31:10,wallet_396,0.03670735,Outgoing,2,2,wallet_078
2025-07-11 17:31:10,wallet_078,0.03670735,Incoming,2,2,wallet_396
2025-07-11 17:43:48,wallet_217,0.12400767,Outgoing,2,2,wallet_262
2025-07-11 17:43:48,wallet_262,0.12400767,Incoming,2,2,wallet_217
2025-07-11 18:02:42,wallet_027,0.11586008,Outgoing,1,3,wallet_285
2025-07-11 18:02:42,wallet_285,0.11586008,Incoming,1,3,wallet_027
2025-07-11 21:53:14,wallet_239,0.02645019,Outgoing,1,2,wallet_006
2025-07-11 21:53:14,wallet_006,0.02645019,Incoming,1,2,wallet_239
2025-07-12 05:01:35,wallet_393,0.03946165,Outgoing,1,3,wallet_142
2025-07-12 05:01:35,wallet_142,0.03946165,Incoming,1,3,wallet_393
2025-07-12 06:26:19,wallet_216,0.04590028,Outgoing,2,3,wallet_169
2025-07-12 06:26:19,wallet_169,0.04590028,Incoming,2,3,wallet_216
2025-07-12 06:55:58,wallet_131,0.14577782,Outgoing,2,1,wallet_152
2025-07-12 06:55:58,wallet_152,0.14577782,Incoming,2,1,wallet_131
2025-07-12 07:15:22,wallet_253,0.03686941,Outgoing,1,3,wallet_123
2025-07-12 07:15:22,wallet_123,0.03686941,Incoming,1,3,wallet_253
2025-07-12 08:23:01,wallet_159,0.03410635,Outgoing,1,1,wallet_140
2025-07-12 08:23:01,wallet_140,0.03410635,Incoming,1,1,wallet_159
2025-07-12 08:33:37,wallet_046,0.0113733,Outgoing,4,3,wallet_255
2025-07-12 08:33:37,wallet_255,0.0113733,Incoming,4,3,wallet_046
2025-07-12 10:08:24,wallet_239,0.03940069,Outgoing,1,2,wallet_263
2025-07-12 10:08:24,wallet_263,0.03940069,Incoming,1,2,wallet_239
2025-07-12 11:57:04,wallet_130,0.06068213,Outgoing,1,2,wallet_402
2025-07-12 11:57:04,wallet_402,0.06068213,Incoming,1,2,wallet_130
2025-07-12 13:23:26,wallet_342,0.11257281,Outgoing,2,2,wallet_090
2025-07-12 13:23:26,wallet_090,0.11257281,Incoming,2,2,wallet_342
2025-07-12 13:51:19,wallet_266,0.0078661,Outgoing,1,3,wallet_242
2025-07-12 13:51:19,wallet_242,0.0078661,Incoming,1,3,wallet_266
2025-07-12 14:48:40,wallet_257,0.36223174,Outgoing,2,3,wallet_054
2025-07-12 14:48:40,wallet_054,0.36223174,Incoming,2,3,wallet_257
2025-07-12 15:01:52,wallet_189,0.01717345,Outgoing,1,2,wallet_188
2025-07-12 15:01:52,wallet_188,0.01717345,Incoming,1,2,wallet_189
2025-07-12 18:13:18,wallet_262,0.12153972,Outgoing,3,3,wallet_217
2025-07-12 18:13:18,wallet_217,0.12153972,Incoming,3,3,wallet_262
2025-07-12 19:44:27,wallet_187,0.00623863,Outgoing,1,1,wallet_152
2025-07-12 19:44:27,wallet_152,0.00623863,Incoming,1,1,wallet_187
2025-07-12 20:19:15,wallet_198,0.10104215,Outgoing,3,2,wallet_013
2025-07-12 20:19:15,wallet_013,0.10104215,Incoming,3,2,wallet_198
2025-07-12 20:27:59,wallet_268,0.03868864,Outgoing,1,1,wallet_207
2025-07-12 20:27:59,wallet_207,0.03868864,Incoming,1,1,wallet_268
2025-07-12 20:31:31,wallet_087,0.08006841,Outgoing,2,3,wallet_073
2025-07-12 20:31:31,wallet_073,0.08006841,Incoming,2,3,wallet_087
2025-07-12 21:09:40,wallet_243,0.02031945,Outgoing,3,1,wallet_318
2025-07-12 21:09:40,wallet_318,0.02031945,Incoming,3,1,wallet_243
2025-07-12 22:03:47,wallet_396,0.05184216,Outgoing,2,1,wallet_297
2025-07-12 22:03:47,wallet_297,0.05184216,Incoming,2,1,wallet_396
2025-07-13 05:12:49,wallet_003,0.05786621,Outgoing,1,2,wallet_350
2025-07-13 05:12:49,wallet_350,0.05786621,Incoming,1,2,wallet_003
2025-07-13 05:46:34,wallet_241,0.03337638,Outgoing,2,1,wallet_051
2025-07-13 05:46:34,wallet_051,0.03337638,Incoming,2,1,wallet_241
2025-07-13 07:01:21,wallet_309,0.05889278,Outgoing,2,2,wallet_287
2025-07-13 07:01:21,wallet_287,0.05889278,Incoming,2,2,wallet_309
2025-07-13 09:38:15,wallet_169,0.01193588,Outgoing,3,2,wallet_147
2025-07-13 09:38:15,wallet_147,0.01193588,Incoming,3,2,wallet_169
2025-07-13 11:24:26,wallet_149,0.19779679,Outgoing,3,2,wallet_218
2025-07-13 11:24:26,wallet_218,0.19779679,Incoming,3,2,wallet_149
2025-07-13 11:28:04,wallet_166,0.01102477,Outgoing,2,1,wallet_072
2025-07-13 11:28:04,wallet_072,0.01102477,Incoming,2,1,wallet_166
2025-07-13 11:49:10,wallet_261,0.05135315,Outgoing,4,2,wallet_334
2025-07-13 11:49:10,wallet_334,0.05135315,Incoming,4,2,wallet_261
2025-07-13 12:06:09,wallet_242,0.00510878,Outgoing,1,2,wallet_387
2025-07-13 12:06:09,wallet_387,0.00510878,Incoming,1,2,wallet_242
2025-07-13 12:36:43,wallet_173,0.02221,Outgoing,1,2,wallet_072
2025-07-13 12:36:43,wallet_072,0.02221,Incoming,1,2,wallet_173
2025-07-13 13:03:50,wallet_307,0.03138798,Outgoing,4,2,wallet_228
2025-07-13 13:03:50,wallet_228,0.03138798,Incoming,4,2,wallet_307
2025-07-13 13:10:18,wallet_248,0.02747192,Outgoing,1,2,wallet_365
2025-07-13 13:10:18,wallet_365,0.02747192,Incoming,1,2,wallet_248
2025-07-13 13:17:59,wallet_289,0.06212282,Outgoing,3,2,wallet_041
2025-07-13 13:17:59,wallet_041,0.06212282,Incoming,3,2,wallet_289
2025-07-13 13:54:50,wallet_071,0.03107213,Outgoing,2,2,wallet_228
2025-07-13 13:54:50,wallet_228,0.03107213,Incoming,2,2,wallet_071
2025-07-13 14:18:55,wallet_182,0.05069058,Outgoing,1,2,wallet_107
2025-07-13 14:18:55,wallet_107,0.05069058,Incoming,1,2,wallet_182
2025-07-13 15:40:26,wallet_323,0.00529581,Outgoing,1,3,wallet_169
2025-07-13 15:40:26,wallet_169,0.00529581,Incoming,1,3,wallet_323
2025-07-13 16:38:45,wallet_375,0.02715263,Outgoing,2,2,wallet_265
2025-07-13 16:38:45,wallet_265,0.02715263,Incoming,2,2,wallet_375
2025-07-13 17:35:53,wallet_116,0.04025857,Outgoing,2,1,wallet_152
2025-07-13 17:35:53,wallet_152,0.04025857,Incoming,2,1,wallet_116
2025-07-13 17:45:18,wallet_265,0.03865819,Outgoing,1,2,wallet_182
2025-07-13 17:45:18,wallet_182,0.03865819,Incoming,1,2,wallet_265
2025-07-13 22:13:53,wallet_244,0.17697996,Outgoing,3,1,wallet_111
2025-07-13 22:13:53,wallet_111,0.17697996,Incoming,3,1,wallet_244
2025-07-14 09:04:02,wallet_021,0.01805821,Outgoing,2,1,wallet_401
2025-07-14 09:04:02,wallet_401,0.01805821,Incoming,2,1,wallet_021
2025-07-14 09:04:07,wallet_361,0.0168422,Outgoing,3,2,wallet_118
2025-07-14 09:04:07,wallet_118,0.0168422,Incoming,3,2,wallet_361
2025-07-14 09:07:48,wallet_283,0.02076283,Outgoing,1,2,wallet_384
2025-07-14 09:07:48,wallet_384,0.02076283,Incoming,1,2,wallet_283
2025-07-14 12:05:47,wallet_169,0.09431809,Outgoing,1,3,wallet_321
2025-07-14 12:05:47,wallet_321,0.09431809,Incoming,1,3,wallet_169
2025-07-14 12:11:27,wallet_374,0.01219893,Outgoing,4,1,wallet_121
2025-07-14 12:11:27,wallet_121,0.01219893,Incoming,4,1,wallet_374
2025-07-14 13:21:44,wallet_064,0.1436468,Outgoing,1,1,wallet_274
2025-07-14 13:21:44,wallet_274,0.1436468,Incoming,1,1,wallet_064
2025-07-14 13:28:56,wallet_109,0.03285978,Outgoing,1,1,wallet_252
2025-07-14 13:28:56,wallet_252,0.03285978,Incoming,1,1,wallet_109
2025-07-14 13:40:38,wallet_239,0.02539116,Outgoing,1,1,wallet_006
2025-07-14 13:40:38,wallet_006,0.02539116,Incoming,1,1,wallet_239
2025-07-14 14:25:09,wallet_023,0.46710064,Outgoing,3,2,wallet_146
2025-07-14 14:25:09,wallet_146,0.46710064,Incoming,3,2,wallet_023
2025-07-14 19:07:38,wallet_333,0.01327356,Outgoing,1,1,wallet_255
2025-07-14 19:07:38,wallet_255,0.01327356,Incoming,1,1,wallet_333
2025-07-14 21:03:45,wallet_109,0.05251705,Outgoing,2,2,wallet_324
2025-07-14 21:03:45,wallet_324,0.05251705,Incoming,2,2,wallet_109
2025-07-14 21:25:15,wallet_283,0.02676385,Outgoing,1,3,wallet_105
2025-07-14 21:25:15,wallet_105,0.02676385,Incoming,1,3,wallet_283
2025-07-14 22:34:20,wallet_307,0.02319971,Outgoing,2,1,wallet_410
2025-07-14 22:34:20,wallet_410,0.02319971,Incoming,2,1,wallet_307
2025-07-14 23:45:51,wallet_292,0.0671044,Outgoing,4,2,wallet_090
2025-07-14 23:45:51,wallet_090,0.0671044,Incoming,4,2,wallet_292
2025-07-15 05:05:24,wallet_282,0.0411011,Outgoing,4,2,wallet_391
2025-07-15 05:05:24,wallet_391,0.0411011,Incoming,4,2,wallet_282
2025-07-15 10:53:09,wallet_034,0.01546377,Outgoing,1,1,wallet_037
2025-07-15 10:53:09,wallet_037,0.01546377,Incoming,1,1,wallet_034
2025-07-15 11:06:43,wallet_366,0.06944331,Outgoing,1,1,wallet_002
2025-07-15 11:06:43,wallet_002,0.06944331,Incoming,1,1,wallet_366
2025-07-15 15:40:20,wallet_405,0.10064449,Outgoing,3,2,wallet_385
2025-07-15 15:40:20,wallet_385,0.10064449,Incoming,3,2,wallet_405
2025-07-15 16:20:37,wallet_006,0.06038713,Outgoing,3,2,wallet_192
2025-07-15 16:20:37,wallet_192,0.06038713,Incoming,3,2,wallet_006
2025-07-15 16:29:32,wallet_238,0.04961907,Outgoing,1,1,wallet_209
2025-07-15 16:29:32,wallet_209,0.04961907,Incoming,1,1,wallet_238
2025-07-15 17:12:22,wallet_304,0.02513189,Outgoing,1,1,wallet_392
2025-07-15 17:12:22,wallet_392,0.02513189,Incoming,1,1,wallet_304
2025-07-15 17:29:00,wallet_374,0.1001887,Outgoing,2,2,wallet_368
2025-07-15 17:29:00,wallet_368,0.1001887,Incoming,2,2,wallet_374
2025-07-15 17:40:33,wallet_352,0.08193428,Outgoing,1,2,wallet_194
2025-07-15 17:40:33,wallet_194,0.08193428,Incoming,1,2,wallet_352
2025-07-15 18:17:32,wallet_285,0.06088107,Outgoing,1,3,wallet_152
2025-07-15 18:17:32,wallet_152,0.06088107,Incoming,1,3,wallet_285
2025-07-15 20:49:36,wallet_201,0.15855187,Outgoing,1,2,wallet_068
2025-07-15 20:49:36,wallet_068,0.15855187,Incoming,1,2,wallet_201
2025-07-15 22:09:31,wallet_379,0.0266363,Outgoing,1,2,wallet_254
2025-07-15 22:09:31,wallet_254,0.0266363,Incoming,1,2,wallet_379
2025-07-16 06:52:34,wallet_169,0.03649434,Outgoing,2,1,wallet_142
2025-07-16 06:52:34,wallet_142,0.03649434,Incoming,2,1,wallet_169
2025-07-16 09:41:05,wallet_049,0.25808122,Outgoing,1,2,wallet_238
2025-07-16 09:41:05,wallet_238,0.25808122,Incoming,1,2,wallet_049
2025-07-16 09:45:48,wallet_343,0.01750936,Outgoing,1,1,wallet_008
2025-07-16 09:45:48,wallet_008,0.01750936,Incoming,1,1,wallet_343
2025-07-16 11:21:18,wallet_321,0.03083818,Outgoing,2,2,wallet_382
2025-07-16 11:21:18,wallet_382,0.03083818,Incoming,2,2,wallet_321
2025-07-16 11:26:29,wallet_153,4.86499347,Outgoing,1,1,wallet_096
2025-07-16 11:26:29,wallet_096,4.86499347,Incoming,1,1,wallet_153
2025-07-16 11:47:58,wallet_096,4.76056377,Outgoing,2,2,wallet_154
2025-07-16 11:47:58,wallet_154,4.76056377,Incoming,2,2,wallet_096
2025-07-16 12:04:24,wallet_036,0.04688443,Outgoing,1,2,wallet_041
2025-07-16 12:04:24,wallet_041,0.04688443,Incoming,1,2,wallet_036
2025-07-16 12:10:24,wallet_154,4.63601459,Outgoing,1,2,wallet_288
2025-07-16 12:10:24,wallet_288,4.63601459,Incoming,1,2,wallet_154
2025-07-16 13:32:09,wallet_052,0.06746486,Outgoing,2,1,wallet_198
2025-07-16 13:32:09,wallet_198,0.06746486,Incoming,2,1,wallet_052
2025-07-16 13:34:24,wallet_283,0.05302441,Outgoing,2,2,wallet_344
2025-07-16 13:34:24,wallet_344,0.05302441,Incoming,2,2,wallet_283
2025-07-16 15:27:55,wallet_070,0.1513045,Outgoing,2,1,wallet_334
2025-07-16 15:27:55,wallet_334,0.1513045,Incoming,2,1,wallet_070
2025-07-16 15:31:45,wallet_181,1.25391501,Outgoing,1,1,wallet_079
2025-07-16 15:31:45,wallet_079,1.25391501,Incoming,1,1,wallet_181
2025-07-16 15:55:58,wallet_079,1.23746817,Outgoing,1,1,wallet_373
2025-07-16 15:55:58,wallet_373,1.23746817,Incoming,1,1,wallet_079
2025-07-16 16:21:36,wallet_373,1.20534915,Outgoing,1,2,wallet_311
2025-07-16 16:21:36,wallet_311,1.20534915,Incoming,1,2,wallet_373
2025-07-16 16:44:10,wallet_311,1.19191223,Outgoing,1,2,wallet_408
2025-07-16 16:44:10,wallet_408,1.19191223,Incoming,1,2,wallet_311
2025-07-16 16:57:11,wallet_304,0.03275294,Outgoing,2,2,wallet_351
2025-07-16 16:57:11,wallet_351,0.03275294,Incoming,2,2,wallet_304
2025-07-16 17:03:15,wallet_344,0.12607197,Outgoing,2,2,wallet_102
2025-07-16 17:03:15,wallet_102,0.12607197,Incoming,2,2,wallet_344
2025-07-16 17:05:38,wallet_093,0.0172161,Outgoing,3,2,wallet_165
2025-07-16 17:05:38,wallet_165,0.0172161,Incoming,3,2,wallet_093
2025-07-16 18:49:14,wallet_029,0.09243564,Outgoing,2,1,wallet_164
2025-07-16 18:49:14,wallet_164,0.09243564,Incoming,2,1,wallet_029
2025-07-16 20:04:19,wallet_403,0.47769594,Outgoing,2,2,wallet_238
2025-07-16 20:04:19,wallet_238,0.47769594,Incoming,2,2,wallet_403
2025-07-17 05:13:04,wallet_177,0.01127311,Outgoing,1,2,wallet_089
2025-07-17 05:13:04,wallet_089,0.01127311,Incoming,1,2,wallet_177
2025-07-17 08:06:10,wallet_022,0.1964149,Outgoing,1,2,wallet_404
2025-07-17 08:06:10,wallet_404,0.1964149,Incoming,1,2,wallet_022
2025-07-17 08:08:39,wallet_235,0.00773652,Outgoing,1,1,wallet_323
2025-07-17 08:08:39,wallet_323,0.00773652,Incoming,1,1,wallet_235
2025-07-17 10:52:21,wallet_209,0.02876833,Outgoing,2,1,wallet_183
2025-07-17 10:52:21,wallet_183,0.02876833,Incoming,2,1,wallet_209
2025-07-17 12:57:45,wallet_045,0.00629292,Outgoing,1,1,wallet_193
2025-07-17 12:57:45,wallet_193,0.00629292,Incoming,1,1,wallet_045
2025-07-17 14:29:55,wallet_078,0.04745663,Outgoing,1,1,wallet_189
2025-07-17 14:29:55,wallet_189,0.04745663,Incoming,1,1,wallet_078
2025-07-17 15:44:04,wallet_131,0.02887709,Outgoing,2,1,wallet_248
2025-07-17 15:44:04,wallet_248,0.02887709,Incoming,2,1,wallet_131
2025-07-18 00:24:03,wallet_229,0.04344726,Outgoing,2,2,wallet_359
2025-07-18 00:24:03,wallet_359,0.04344726,Incoming,2,2,wallet_229
2025-07-18 04:42:35,wallet_335,0.03066053,Outgoing,1,1,wallet_147
2025-07-18 04:42:35,wallet_147,0.03066053,Incoming,1,1,wallet_335
2025-07-18 05:16:24,wallet_394,0.07434767,Outgoing,3,1,wallet_260
2025-07-18 05:16:24,wallet_260,0.07434767,Incoming,3,1,wallet_394
2025-07-18 06:10:29,wallet_042,0.0156967,Outgoing,1,2,wallet_288
2025-07-18 06:10:29,wallet_288,0.0156967,Incoming,1,2,wallet_042
2025-07-18 07:35:52,wallet_404,0.04411663,Outgoing,2,1,wallet_047
2025-07-18 07:35:52,wallet_047,0.04411663,Incoming,2,1,wallet_404
2025-07-18 08:01:37,wallet_328,0.01271648,Outgoing,3,2,wallet_348
2025-07-18 08:01:37,wallet_348,0.01271648,Incoming,3,2,wallet_328
2025-07-18 10:42:13,wallet_237,0.02256248,Outgoing,1,1,wallet_229
2025-07-18 10:42:13,wallet_229,0.02256248,Incoming,1,1,wallet_237
2025-07-18 10:44:01,wallet_209,0.02163546,Outgoing,3,3,wallet_401
2025-07-18 10:44:01,wallet_401,0.02163546,Incoming,3,3,wallet_209
2025-07-18 11:06:47,wallet_139,0.04822861,Outgoing,1,1,wallet_041
2025-07-18 11:06:47,wallet_041,0.04822861,Incoming,1,1,wallet_139
2025-07-18 11:42:35,wallet_238,0.02699671,Outgoing,3,1,wallet_021
2025-07-18 11:42:35,wallet_021,0.02699671,Incoming,3,1,wallet_238
2025-07-18 14:05:01,wallet_385,0.17806439,Outgoing,1,1,wallet_405
2025-07-18 14:05:01,wallet_405,0.17806439,Incoming,1,1,wallet_385
2025-07-18 14:46:19,wallet_388,1.94061805,Outgoing,1,1,wallet_410
2025-07-18 14:46:19,wallet_410,1.94061805,Incoming,1,1,wallet_388
2025-07-18 16:17:55,wallet_238,0.17157927,Outgoing,3,1,wallet_144
2025-07-18 16:17:55,wallet_144,0.17157927,Incoming,3,1,wallet_238
2025-07-18 18:12:47,wallet_124,0.02098082,Outgoing,4,1,wallet_146
2025-07-18 18:12:47,wallet_146,0.02098082,Incoming,4,1,wallet_124
2025-07-18 20:36:40,wallet_268,0.04968242,Outgoing,3,3,wallet_256
2025-07-18 20:36:40,wallet_256,0.04968242,Incoming,3,3,wallet_268
2025-07-18 23:18:53,wallet_323,0.01576253,Outgoing,2,3,wallet_140
2025-07-18 23:18:53,wallet_140,0.01576253,Incoming,2,3,wallet_323
2025-07-19 05:45:03,wallet_344,0.05470504,Outgoing,1,2,wallet_119
2025-07-19 05:45:03,wallet_119,0.05470504,Incoming,1,2,wallet_344
2025-07-19 07:14:32,wallet_176,7.63142878,Outgoing,2,1,wallet_235
2025-07-19 07:14:32,wallet_235,7.63142878,Incoming,2,1,wallet_176
2025-07-19 07:43:19,wallet_088,0.02934802,Outgoing,2,2,wallet_153
2025-07-19 07:43:19,wallet_153,0.02934802,Incoming,2,2,wallet_088
2025-07-19 08:06:12,wallet_072,1.48877175,Outgoing,3,2,wallet_383
2025-07-19 08:06:12,wallet_383,1.48877175,Incoming,3,2,wallet_072
2025-07-19 08:23:43,wallet_051,0.03719183,Outgoing,1,3,wallet_317
2025-07-19 08:23:43,wallet_317,0.03719183,Incoming,1,3,wallet_051
2025-07-19 10:07:32,wallet_267,0.1016518,Outgoing,1,2,wallet_271
2025-07-19 10:07:32,wallet_271,0.1016518,Incoming,1,2,wallet_267
2025-07-19 10:56:13,wallet_151,0.08698429,Outgoing,2,3,wallet_047
2025-07-19 10:56:13,wallet_047,0.08698429,Incoming,2,3,wallet_151
2025-07-19 11:51:08,wallet_094,0.01684491,Outgoing,1,2,wallet_255
2025-07-19 11:51:08,wallet_255,0.01684491,Incoming,1,2,wallet_094
2025-07-19 12:00:30,wallet_158,0.01437744,Outgoing,1,2,wallet_156
2025-07-19 12:00:30,wallet_156,0.01437744,Incoming,1,2,wallet_158
2025-07-19 13:51:15,wallet_051,0.02525679,Outgoing,2,1,wallet_317
2025-07-19 13:51:15,wallet_317,0.02525679,Incoming,2,1,wallet_051
2025-07-19 14:32:22,wallet_287,0.03105241,Outgoing,1,2,wallet_317
2025-07-19 14:32:22,wallet_317,0.03105241,Incoming,1,2,wallet_287
2025-07-19 17:03:35,wallet_010,0.04706041,Outgoing,1,2,wallet_025
2025-07-19 17:03:35,wallet_025,0.04706041,Incoming,1,2,wallet_010
2025-07-19 17:08:48,wallet_190,0.02439723,Outgoing,2,1,wallet_086
2025-07-19 17:08:48,wallet_086,0.02439723,Incoming,2,1,wallet_190
2025-07-19 17:58:24,wallet_378,0.01802337,Outgoing,3,2,wallet_169
2025-07-19 17:58:24,wallet_169,0.01802337,Incoming,3,2,wallet_378
2025-07-19 18:02:40,wallet_405,0.13650977,Outgoing,2,1,wallet_292
2025-07-19 18:02:40,wallet_292,0.13650977,Incoming,2,1,wallet_405
2025-07-19 18:03:12,wallet_361,0.02213555,Outgoing,2,2,wallet_164
2025-07-19 18:03:12,wallet_164,0.02213555,Incoming,2,2,wallet_361
2025-07-19 18:22:06,wallet_248,0.06967466,Outgoing,2,3,wallet_076
2025-07-19 18:22:06,wallet_076,0.06967466,Incoming,2,3,wallet_248
2025-07-19 18:37:00,wallet_320,0.02797367,Outgoing,1,3,wallet_392
2025-07-19 18:37:00,wallet_392,0.02797367,Incoming,1,3,wallet_320
2025-07-20 08:02:48,wallet_274,0.07463571,Outgoing,3,2,wallet_132
2025-07-20 08:02:48,wallet_132,0.07463571,Incoming,3,2,wallet_274
2025-07-20 12:34:26,wallet_104,0.01796188,Outgoing,2,2,wallet_097
2025-07-20 12:34:26,wallet_097,0.01796188,Incoming,2,2,wallet_104
2025-07-20 12:39:48,wallet_142,0.07319264,Outgoing,1,2,wallet_104
2025-07-20 12:39:48,wallet_104,0.07319264,Incoming,1,2,wallet_142
2025-07-20 13:53:10,wallet_068,0.15716929,Outgoing,1,2,wallet_119
2025-07-20 13:53:10,wallet_119,0.15716929,Incoming,1,2,wallet_068
2025-07-20 14:40:47,wallet_244,0.11094236,Outgoing,2,2,wallet_111
2025-07-20 14:40:47,wallet_111,0.11094236,Incoming,2,2,wallet_244
2025-07-20 16:10:12,wallet_088,0.01651881,Outgoing,2,2,wallet_153
2025-07-20 16:10:12,wallet_153,0.01651881,Incoming,2,2,wallet_088
2025-07-20 17:22:17,wallet_145,0.03000819,Outgoing,1,1,wallet_152
2025-07-20 17:22:17,wallet_152,0.03000819,Incoming,1,1,wallet_145
2025-07-21 01:22:40,wallet_050,0.61747191,Outgoing,2,1,wallet_318
2025-07-21 01:22:40,wallet_318,0.61747191,Incoming,2,1,wallet_050
2025-07-21 09:48:02,wallet_317,0.01599341,Outgoing,3,2,wallet_051
2025-07-21 09:48:02,wallet_051,0.01599341,Incoming,3,2,wallet_317
2025-07-21 10:28:31,wallet_056,0.00796803,Outgoing,1,1,wallet_152
2025-07-21 10:28:31,wallet_152,0.00796803,Incoming,1,1,wallet_056
2025-07-21 11:28:02,wallet_360,0.03140282,Outgoing,3,1,wallet_346
2025-07-21 11:28:02,wallet_346,0.03140282,Incoming,3,1,wallet_360
2025-07-21 12:24:45,wallet_253,0.06350977,Outgoing,3,1,wallet_071
2025-07-21 12:24:45,wallet_071,0.06350977,Incoming,3,1,wallet_253
2025-07-21 13:30:17,wallet_112,0.07195739,Outgoing,2,1,wallet_262
2025-07-21 13:30:17,wallet_262,0.07195739,Incoming,2,1,wallet_112
2025-07-21 14:12:25,wallet_149,0.03315965,Outgoing,2,3,wallet_229
2025-07-21 14:12:25,wallet_229,0.03315965,Incoming,2,3,wallet_149
2025-07-21 14:32:57,wallet_149,0.0428986,Outgoing,1,1,wallet_143
2025-07-21 14:32:57,wallet_143,0.0428986,Incoming,1,1,wallet_149
2025-07-21 15:50:13,wallet_126,0.03764022,Outgoing,3,2,wallet_001
2025-07-21 15:50:13,wallet_001,0.03764022,Incoming,3,2,wallet_126
2025-07-21 16:04:19,wallet_258,0.01376619,Outgoing,1,2,wallet_233
2025-07-21 16:04:19,wallet_233,0.01376619,Incoming,1,2,wallet_258
2025-07-21 16:30:21,wallet_014,0.88766683,Outgoing,1,2,wallet_404
2025-07-21 16:30:21,wallet_404,0.88766683,Incoming,1,2,wallet_014
2025-07-21 17:13:50,wallet_301,0.41559032,Outgoing,1,2,wallet_377
2025-07-21 17:13:50,wallet_377,0.41559032,Incoming,1,2,wallet_301
2025-07-21 18:58:48,wallet_095,0.07256201,Outgoing,1,3,wallet_041
2025-07-21 18:58:48,wallet_041,0.07256201,Incoming,1,3,wallet_095
2025-07-21 22:00:21,wallet_397,0.06489388,Outgoing,3,1,wallet_349
2025-07-21 22:00:21,wallet_349,0.06489388,Incoming,3,1,wallet_397
2025-07-22 08:54:24,wallet_116,0.04955834,Outgoing,2,3,wallet_319
2025-07-22 08:54:24,wallet_319,0.04955834,Incoming,2,3,wallet_116
2025-07-22 10:28:06,wallet_162,0.01959102,Outgoing,1,2,wallet_372
2025-07-22 10:28:06,wallet_372,0.01959102,Incoming,1,2,wallet_162
2025-07-22 18:21:14,wallet_065,0.08761413,Outgoing,4,3,wallet_146
2025-07-22 18:21:14,wallet_146,0.08761413,Incoming,4,3,wallet_065
2025-07-22 20:31:36,wallet_279,0.22205091,Outgoing,3,2,wallet_186
2025-07-22 20:31:36,wallet_186,0.22205091,Incoming,3,2,wallet_279
2025-07-22 20:31:46,wallet_265,0.01851883,Outgoing,1,3,wallet_375
2025-07-22 20:31:46,wallet_375,0.01851883,Incoming,1,3,wallet_265
2025-07-23 11:29:37,wallet_159,0.02374917,Outgoing,1,2,wallet_140
2025-07-23 11:29:37,wallet_140,0.02374917,Incoming,1,2,wallet_159
2025-07-23 12:17:11,wallet_270,0.01133055,Outgoing,3,2,wallet_202
2025-07-23 12:17:11,wallet_202,0.01133055,Incoming,3,2,wallet_270
2025-07-23 13:31:47,wallet_166,0.01747137,Outgoing,3,1,wallet_011
2025-07-23 13:31:47,wallet_011,0.01747137,Incoming,3,1,wallet_166
2025-07-23 14:58:44,wallet_289,0.05590153,Outgoing,3,2,wallet_041
2025-07-23 14:58:44,wallet_041,0.05590153,Incoming,3,2,wallet_289
2025-07-23 17:52:09,wallet_342,0.08455514,Outgoing,1,2,wallet_146
2025-07-23 17:52:09,wallet_146,0.08455514,Incoming,1,2,wallet_342
2025-07-23 18:30:06,wallet_258,0.03189635,Outgoing,1,3,wallet_236
2025-07-23 18:30:06,wallet_236,0.03189635,Incoming,1,3,wallet_258
2025-07-23 19:58:50,wallet_346,0.12054504,Outgoing,1,2,wallet_360
2025-07-23 19:58:50,wallet_360,0.12054504,Incoming,1,2,wallet_346
2025-07-23 22:17:54,wallet_404,0.0507002,Outgoing,1,2,wallet_248
2025-07-23 22:17:54,wallet_248,0.0507002,Incoming,1,2,wallet_404
2025-07-24 01:00:23,wallet_344,0.04642675,Outgoing,2,3,wallet_364
2025-07-24 01:00:23,wallet_364,0.04642675,Incoming,2,3,wallet_344
2025-07-24 08:13:56,wallet_393,0.04176043,Outgoing,3,2,wallet_016
2025-07-24 08:13:56,wallet_016,0.04176043,Incoming,3,2,wallet_393
2025-07-24 12:28:21,wallet_316,0.0283172,Outgoing,1,3,wallet_049
2025-07-24 12:28:21,wallet_049,0.0283172,Incoming,1,3,wallet_316
2025-07-24 13:38:14,wallet_253,0.14016462,Outgoing,2,1,wallet_393
2025-07-24 13:38:14,wallet_393,0.14016462,Incoming,2,1,wallet_253
2025-07-24 15:28:00,wallet_189,0.01714101,Outgoing,1,1,wallet_188
2025-07-24 15:28:00,wallet_188,0.01714101,Incoming,1,1,wallet_189
2025-07-24 17:08:17,wallet_207,0.09558228,Outgoing,3,3,wallet_043
2025-07-24 17:08:17,wallet_043,0.09558228,Incoming,3,3,wallet_207
2025-07-24 17:08:40,wallet_348,0.0078441,Outgoing,2,3,wallet_185
2025-07-24 17:08:40,wallet_185,0.0078441,Incoming,2,3,wallet_348
2025-07-24 17:46:04,wallet_221,0.40079501,Outgoing,1,1,wallet_074
2025-07-24 17:46:04,wallet_074,0.40079501,Incoming,1,1,wallet_221
2025-07-24 18:55:54,wallet_051,0.02986346,Outgoing,3,1,wallet_317
2025-07-24 18:55:54,wallet_317,0.02986346,Incoming,3,1,wallet_051
2025-07-24 20:57:18,wallet_109,0.04526824,Outgoing,2,2,wallet_252
2025-07-24 20:57:18,wallet_252,0.04526824,Incoming,2,2,wallet_109
2025-07-24 21:28:51,wallet_366,0.0528701,Outgoing,1,2,wallet_047
2025-07-24 21:28:51,wallet_047,0.0528701,Incoming,1,2,wallet_366
2025-07-24 21:58:14,wallet_047,0.02217764,Outgoing,1,2,wallet_366
2025-07-24 21:58:14,wallet_366,0.02217764,Incoming,1,2,wallet_047
2025-07-25 05:58:19,wallet_348,0.00849556,Outgoing,3,2,wallet_152
2025-07-25 05:58:19,wallet_152,0.00849556,Incoming,3,2,wallet_348
2025-07-25 06:52:16,wallet_360,0.234724,Outgoing,1,2,wallet_146
2025-07-25 06:52:16,wallet_146,0.234724,Incoming,1,2,wallet_360
2025-07-25 09:10:34,wallet_400,0.01009526,Outgoing,3,2,wallet_183
2025-07-25 09:10:34,wallet_183,0.01009526,Incoming,3,2,wallet_400
2025-07-25 09:45:41,wallet_387,0.00420342,Outgoing,3,3,wallet_323
2025-07-25 09:45:41,wallet_323,0.00420342,Incoming,3,3,wallet_387
2025-07-25 15:22:34,wallet_196,0.08571347,Outgoing,1,1,wallet_146
2025-07-25 15:22:34,wallet_146,0.08571347,Incoming,1,1,wallet_196
2025-07-25 16:49:31,wallet_056,0.01571469,Outgoing,1,2,wallet_402
2025-07-25 16:49:31,wallet_402,0.01571469,Incoming,1,2,wallet_056
2025-07-25 17:38:23,wallet_313,0.02374256,Outgoing,1,2,wallet_149
2025-07-25 17:38:23,wallet_149,0.02374256,Incoming,1,2,wallet_313
2025-07-25 17:38:54,wallet_345,0.06484944,Outgoing,2,2,wallet_268
2025-07-25 17:38:54,wallet_268,0.06484944,Incoming,2,2,wallet_345
2025-07-25 18:01:20,wallet_167,0.0318233,Outgoing,1,3,wallet_147
2025-07-25 18:01:20,wallet_147,0.0318233,Incoming,1,3,wallet_167
2025-07-26 07:31:46,wallet_149,0.01741779,Outgoing,1,2,wallet_269
2025-07-26 07:31:46,wallet_269,0.01741779,Incoming,1,2,wallet_149
2025-07-26 09:41:26,wallet_118,0.01653055,Outgoing,1,2,wallet_231
2025-07-26 09:41:26,wallet_231,0.01653055,Incoming,1,2,wallet_118
2025-07-26 14:09:19,wallet_142,0.03512338,Outgoing,1,2,wallet_097
2025-07-26 14:09:19,wallet_097,0.03512338,Incoming,1,2,wallet_142
2025-07-26 15:34:52,wallet_086,0.01463309,Outgoing,1,1,wallet_037
2025-07-26 15:34:52,wallet_037,0.01463309,Incoming,1,1,wallet_086
2025-07-26 19:40:00,wallet_313,0.0431462,Outgoing,3,2,wallet_234
2025-07-26 19:40:00,wallet_234,0.0431462,Incoming,3,2,wallet_313
2025-07-26 20:12:03,wallet_131,0.08830874,Outgoing,1,2,wallet_064
2025-07-26 20:12:03,wallet_064,0.08830874,Incoming,1,2,wallet_131
2025-07-27 05:13:34,wallet_365,0.09022682,Outgoing,1,1,wallet_248
2025-07-27 05:13:34,wallet_248,0.09022682,Incoming,1,1,wallet_365
2025-07-27 06:43:42,wallet_268,0.02801624,Outgoing,2,1,wallet_207
2025-07-27 06:43:42,wallet_207,0.02801624,Incoming,2,1,wallet_268
2025-07-27 09:03:21,wallet_061,0.27618544,Outgoing,1,2,wallet_097
2025-07-27 09:03:21,wallet_097,0.27618544,Incoming,1,2,wallet_061
2025-07-27 09:07:25,wallet_086,0.02947598,Outgoing,1,2,wallet_190
2025-07-27 09:07:25,wallet_190,0.02947598,Incoming,1,2,wallet_086
2025-07-27 09:11:09,wallet_140,0.04771747,Outgoing,2,3,wallet_252
2025-07-27 09:11:09,wallet_252,0.04771747,Incoming,2,3,wallet_140
2025-07-27 10:27:42,wallet_295,0.0203414,Outgoing,1,3,wallet_152
2025-07-27 10:27:42,wallet_152,0.0203414,Incoming,1,3,wallet_295
2025-07-27 10:29:24,wallet_042,0.02201075,Outgoing,3,1,wallet_371
2025-07-27 10:29:24,wallet_371,0.02201075,Incoming,3,1,wallet_042
2025-07-27 10:34:29,wallet_008,3.8134985,Outgoing,1,2,wallet_125
2025-07-27 10:34:29,wallet_125,3.8134985,Incoming,1,2,wallet_008
2025-07-27 11:17:48,wallet_147,0.02527977,Outgoing,2,1,wallet_110
2025-07-27 11:17:48,wallet_110,0.02527977,Incoming,2,1,wallet_147
2025-07-27 11:26:08,wallet_336,0.0828854,Outgoing,2,2,wallet_152
2025-07-27 11:26:08,wallet_152,0.0828854,Incoming,2,2,wallet_336
2025-07-27 12:08:25,wallet_216,0.41556224,Outgoing,2,2,wallet_061
2025-07-27 12:08:25,wallet_061,0.41556224,Incoming,2,2,wallet_216
2025-07-27 12:37:37,wallet_243,0.0181238,Outgoing,1,2,wallet_316
2025-07-27 12:37:37,wallet_316,0.0181238,Incoming,1,2,wallet_243
2025-07-27 14:02:28,wallet_234,0.12087356,Outgoing,1,2,wallet_149
2025-07-27 14:02:28,wallet_149,0.12087356,Incoming,1,2,wallet_234
2025-07-27 15:50:08,wallet_405,0.0828796,Outgoing,2,1,wallet_385
2025-07-27 15:50:08,wallet_385,0.0828796,Incoming,2,1,wallet_405
2025-07-27 16:54:30,wallet_149,0.0365042,Outgoing,1,2,wallet_269
2025-07-27 16:54:30,wallet_269,0.0365042,Incoming,1,2,wallet_149
2025-07-27 17:53:21,wallet_016,0.05891048,Outgoing,1,2,wallet_393
2025-07-27 17:53:21,wallet_393,0.05891048,Incoming,1,2,wallet_016
2025-07-27 19:16:43,wallet_294,0.03964036,Outgoing,2,1,wallet_076
2025-07-27 19:16:43,wallet_076,0.03964036,Incoming,2,1,wallet_294
2025-07-27 19:29:09,wallet_236,0.01591955,Outgoing,3,2,wallet_233
2025-07-27 19:29:09,wallet_233,0.01591955,Incoming,3,2,wallet_236
2025-07-28 09:21:05,wallet_283,0.04456611,Outgoing,3,2,wallet_306
2025-07-28 09:21:05,wallet_306,0.04456611,Incoming,3,2,wallet_283
2025-07-28 10:49:43,wallet_393,0.06155312,Outgoing,1,3,wallet_016
2025-07-28 10:49:43,wallet_016,0.06155312,Incoming,1,3,wallet_393
2025-07-28 11:04:31,wallet_085,0.01960644,Outgoing,3,2,wallet_209
2025-07-28 11:04:31,wallet_209,0.01960644,Incoming,3,2,wallet_085
2025-07-28 11:45:34,wallet_336,0.12289729,Outgoing,3,2,wallet_350
2025-07-28 11:45:34,wallet_350,0.12289729,Incoming,3,2,wallet_336
2025-07-28 12:08:29,wallet_248,0.03198756,Outgoing,1,2,wallet_340
2025-07-28 12:08:29,wallet_340,0.03198756,Incoming,1,2,wallet_248
2025-07-28 13:17:56,wallet_232,0.01295891,Outgoing,3,2,wallet_307
2025-07-28 13:17:56,wallet_307,0.01295891,Incoming,3,2,wallet_232
2025-07-28 14:22:21,wallet_344,0.09708326,Outgoing,4,1,wallet_384
2025-07-28 14:22:21,wallet_384,0.09708326,Incoming,4,1,wallet_344
2025-07-28 16:08:04,wallet_297,0.04619318,Outgoing,1,3,wallet_255
2025-07-28 16:08:04,wallet_255,0.04619318,Incoming,1,3,wallet_297
2025-07-28 22:43:05,wallet_160,7.80875669,Outgoing,2,2,wallet_067
2025-07-28 22:43:05,wallet_067,7.80875669,Incoming,2,2,wallet_160
2025-07-28 22:54:19,wallet_067,7.75629031,Outgoing,1,1,wallet_204
2025-07-28 22:54:19,wallet_204,7.75629031,Incoming,1,1,wallet_067
2025-07-28 23:19:43,wallet_204,7.64940376,Outgoing,1,1,wallet_256
2025-07-28 23:19:43,wallet_256,7.64940376,Incoming,1,1,wallet_204
2025-07-29 03:05:42,wallet_110,0.03261542,Outgoing,3,2,wallet_215
2025-07-29 03:05:42,wallet_215,0.03261542,Incoming,3,2,wallet_110
2025-07-29 05:25:01,wallet_289,0.15534931,Outgoing,3,1,wallet_047
2025-07-29 05:25:01,wallet_047,0.15534931,Incoming,3,1,wallet_289
2025-07-29 06:36:54,wallet_100,0.0891086,Outgoing,1,1,wallet_262
2025-07-29 06:36:54,wallet_262,0.0891086,Incoming,1,1,wallet_100
2025-07-29 08:11:22,wallet_189,0.0434545,Outgoing,3,1,wallet_152
2025-07-29 08:11:22,wallet_152,0.0434545,Incoming,3,1,wallet_189
2025-07-29 08:58:55,wallet_076,0.06255706,Outgoing,1,1,wallet_248
2025-07-29 08:58:55,wallet_248,0.06255706,Incoming,1,1,wallet_076
2025-07-29 13:37:36,wallet_334,0.03520587,Outgoing,2,2,wallet_146
2025-07-29 13:37:36,wallet_146,0.03520587,Incoming,2,2,wallet_334
2025-07-29 13:48:55,wallet_344,0.04645333,Outgoing,1,1,wallet_384
2025-07-29 13:48:55,wallet_384,0.04645333,Incoming,1,1,wallet_344
2025-07-29 14:00:14,wallet_004,3.80337255,Outgoing,1,2,wallet_198
2025-07-29 14:00:14,wallet_198,3.80337255,Incoming,1,2,wallet_004
2025-07-29 16:28:10,wallet_289,0.1584079,Outgoing,1,2,wallet_047
2025-07-29 16:28:10,wallet_047,0.1584079,Incoming,1,2,wallet_289
2025-07-29 16:34:33,wallet_275,0.04101422,Outgoing,1,3,wallet_266
2025-07-29 16:34:33,wallet_266,0.04101422,Incoming,1,3,wallet_275
2025-07-29 19:04:19,wallet_209,0.01794432,Outgoing,2,2,wallet_292
2025-07-29 19:04:19,wallet_292,0.01794432,Incoming,2,2,wallet_209
2025-07-29 20:42:40,wallet_169,0.03279629,Outgoing,1,3,wallet_216
2025-07-29 20:42:40,wallet_216,0.03279629,Incoming,1,3,wallet_169
2025-07-29 23:05:16,wallet_131,0.11545413,Outgoing,1,2,wallet_248
2025-07-29 23:05:16,wallet_248,0.11545413,Incoming,1,2,wallet_131
2025-07-30 01:52:53,wallet_289,0.15539875,Outgoing,1,2,wallet_047
2025-07-30 01:52:53,wallet_047,0.15539875,Incoming,1,2,wallet_289
2025-07-30 08:19:03,wallet_289,0.15782108,Outgoing,1,2,wallet_047
2025-07-30 08:19:03,wallet_047,0.15782108,Incoming,1,2,wallet_289
2025-07-30 09:16:00,wallet_296,0.02236367,Outgoing,1,1,wallet_119
2025-07-30 09:16:00,wallet_119,0.02236367,Incoming,1,1,wallet_296
2025-07-30 09:16:00,wallet_369,0.0689126,Outgoing,1,2,wallet_340
2025-07-30 09:16:00,wallet_340,0.0689126,Incoming,1,2,wallet_369
2025-07-30 09:20:00,wallet_369,0.05132947,Outgoing,2,3,wallet_078
2025-07-30 09:20:00,wallet_078,0.05132947,Incoming,2,3,wallet_369
2025-07-30 09:30:03,wallet_252,0.03892411,Outgoing,1,2,wallet_179
2025-07-30 09:30:03,wallet_179,0.03892411,Incoming,1,2,wallet_252
2025-07-30 11:15:00,wallet_296,0.13855635,Outgoing,2,2,wallet_184
2025-07-30 11:15:00,wallet_184,0.13855635,Incoming,2,2,wallet_296
2025-07-30 12:41:00,wallet_369,0.14604619,Outgoing,1,3,wallet_288
2025-07-30 12:41:00,wallet_288,0.14604619,Incoming,1,3,wallet_369
2025-07-30 12:44:00,wallet_369,0.08395117,Outgoing,1,2,wallet_386
2025-07-30 12:44:00,wallet_386,0.08395117,Incoming,1,2,wallet_369
2025-07-30 12:56:00,wallet_369,0.11467344,Outgoing,2,1,wallet_021
2025-07-30 12:56:00,wallet_021,0.11467344,Incoming,2,1,wallet_369
2025-07-30 13:04:46,wallet_100,0.02510801,Outgoing,3,2,wallet_254
2025-07-30 13:04:46,wallet_254,0.02510801,Incoming,3,2,wallet_100
2025-07-30 13:32:00,wallet_369,0.09847134,Outgoing,3,2,wallet_275
2025-07-30 13:32:00,wallet_275,0.09847134,Incoming,3,2,wallet_369
2025-07-30 13:34:00,wallet_369,0.0727336,Outgoing,1,3,wallet_189
2025-07-30 13:34:00,wallet_189,0.0727336,Incoming,1,3,wallet_369
2025-07-30 13:36:39,wallet_318,0.58681378,Outgoing,2,2,wallet_049
2025-07-30 13:36:39,wallet_049,0.58681378,Incoming,2,2,wallet_318
2025-07-30 14:15:00,wallet_296,0.06862619,Outgoing,2,2,wallet_111
2025-07-30 14:15:00,wallet_111,0.06862619,Incoming,2,2,wallet_296
2025-07-30 17:15:05,wallet_197,0.02577377,Outgoing,2,2,wallet_237
2025-07-30 17:15:05,wallet_237,0.02577377,Incoming,2,2,wallet_197
2025-07-30 17:23:22,wallet_143,2.69555553,Outgoing,1,1,wallet_229
2025-07-30 17:23:22,wallet_229,2.69555553,Incoming,1,1,wallet_143
2025-07-30 17:36:23,wallet_088,0.03935127,Outgoing,1,2,wallet_104
2025-07-30 17:36:23,wallet_104,0.03935127,Incoming,1,2,wallet_088
2025-07-30 22:32:08,wallet_016,0.035831,Outgoing,1,1,wallet_232
2025-07-30 22:32:08,wallet_232,0.035831,Incoming,1,1,wallet_016
2025-07-30 22:55:11,wallet_394,0.05761983,Outgoing,3,2,wallet_194
2025-07-30 22:55:11,wallet_194,0.05761983,Incoming,3,2,wallet_394
2025-07-31 02:32:12,wallet_289,0.15757565,Outgoing,1,1,wallet_047
2025-07-31 02:32:12,wallet_047,0.15757565,Incoming,1,1,wallet_289
2025-07-31 08:50:33,wallet_388,0.12547482,Outgoing,3,3,wallet_393
2025-07-31 08:50:33,wallet_393,0.12547482,Incoming,3,3,wallet_388
2025-07-31 08:51:13,wallet_405,0.09280774,Outgoing,1,2,wallet_289
2025-07-31 08:51:13,wallet_289,0.09280774,Incoming,1,2,wallet_405
2025-07-31 09:15:00,wallet_296,0.05423624,Outgoing,1,1,wallet_228
2025-07-31 09:15:00,wallet_228,0.05423624,Incoming,1,1,wallet_296
2025-07-31 09:23:11,wallet_042,0.03924814,Outgoing,1,3,wallet_149
2025-07-31 09:23:11,wallet_149,0.03924814,Incoming,1,3,wallet_042
2025-07-31 11:52:14,wallet_317,0.01993889,Outgoing,1,2,wallet_133
2025-07-31 11:52:14,wallet_133,0.01993889,Incoming,1,2,wallet_317
2025-07-31 12:46:43,wallet_142,0.05227676,Outgoing,1,3,wallet_097
2025-07-31 12:46:43,wallet_097,0.05227676,Incoming,1,3,wallet_142
2025-07-31 12:47:22,wallet_319,0.075761,Outgoing,2,1,wallet_100
2025-07-31 12:47:22,wallet_100,0.075761,Incoming,2,1,wallet_319
2025-07-31 14:23:56,wallet_401,0.09969046,Outgoing,2,3,wallet_051
2025-07-31 14:23:56,wallet_051,0.09969046,Incoming,2,3,wallet_401
2025-07-31 14:44:58,wallet_007,0.01194519,Outgoing,1,1,wallet_202
2025-07-31 14:44:58,wallet_202,0.01194519,Incoming,1,1,wallet_007
2025-07-31 14:46:13,wallet_094,0.16982709,Outgoing,1,3,wallet_046
2025-07-31 14:46:13,wallet_046,0.16982709,Incoming,1,3,wallet_094
2025-07-31 16:06:17,wallet_170,0.07486061,Outgoing,2,3,wallet_038
2025-07-31 16:06:17,wallet_038,0.07486061,Incoming,2,3,wallet_170
2025-07-31 17:14:37,wallet_105,0.07845849,Outgoing,1,3,wallet_344
2025-07-31 17:14:37,wallet_344,0.07845849,Incoming,1,3,wallet_105
2025-07-31 17:52:06,wallet_181,0.1457808,Outgoing,1,2,wallet_207
2025-07-31 17:52:06,wallet_207,0.1457808,Incoming,1,2,wallet_181
2025-07-31 18:13:20,wallet_238,0.29982637,Outgoing,1,2,wallet_241
2025-07-31 18:13:20,wallet_241,0.29982637,Incoming,1,2,wallet_238
2025-07-31 18:49:51,wallet_003,0.05316419,Outgoing,2,1,wallet_137
2025-07-31 18:49:51,wallet_137,0.05316419,Incoming,2,1,wallet_003
2025-07-31 18:58:28,wallet_251,0.15502159,Outgoing,1,2,wallet_055
2025-07-31 18:58:28,wallet_055,0.15502159,Incoming,1,2,wallet_251
2025-07-31 19:54:11,wallet_047,0.15966038,Outgoing,1,2,wallet_289
2025-07-31 19:54:11,wallet_289,0.15966038,Incoming,1,2,wallet_047
2025-08-01 04:09:06,wallet_289,0.15584821,Outgoing,2,1,wallet_047
2025-08-01 04:09:06,wallet_047,0.15584821,Incoming,2,1,wallet_289
2025-08-01 06:37:06,wallet_241,0.05210689,Outgoing,2,2,wallet_051
2025-08-01 06:37:06,wallet_051,0.05210689,Incoming,2,2,wallet_241
2025-08-01 08:04:57,wallet_216,0.04166417,Outgoing,2,2,wallet_142
2025-08-01 08:04:57,wallet_142,0.04166417,Incoming,2,2,wallet_216
2025-08-01 08:13:16,wallet_376,0.06924341,Outgoing,1,2,wallet_027
2025-08-01 08:13:16,wallet_027,0.06924341,Incoming,1,2,wallet_376
2025-08-01 08:51:10,wallet_088,0.03498991,Outgoing,1,1,wallet_153
2025-08-01 08:51:10,wallet_153,0.03498991,Incoming,1,1,wallet_088
2025-08-01 08:53:52,wallet_195,0.02476312,Outgoing,1,1,wallet_298
2025-08-01 08:53:52,wallet_298,0.02476312,Incoming,1,1,wallet_195
2025-08-01 09:00:50,wallet_159,0.102861,Outgoing,1,2,wallet_176
2025-08-01 09:00:50,wallet_176,0.102861,Incoming,1,2,wallet_159
2025-08-01 10:50:00,wallet_296,0.1237383,Outgoing,1,1,wallet_110
2025-08-01 10:50:00,wallet_110,0.1237383,Incoming,1,1,wallet_296
2025-08-01 11:03:32,wallet_156,0.02192886,Outgoing,1,1,wallet_217
2025-08-01 11:03:32,wallet_217,0.02192886,Incoming,1,1,wallet_156
2025-08-01 11:21:57,wallet_285,0.01310148,Outgoing,4,2,wallet_169
2025-08-01 11:21:57,wallet_169,0.01310148,Incoming,4,2,wallet_285
2025-08-01 11:52:37,wallet_068,5.36495329,Outgoing,3,1,wallet_306
2025-08-01 11:52:37,wallet_306,5.36495329,Incoming,3,1,wallet_068
2025-08-01 12:28:51,wallet_095,0.07032977,Outgoing,1,2,wallet_041
2025-08-01 12:28:51,wallet_041,0.07032977,Incoming,1,2,wallet_095
2025-08-01 12:35:34,wallet_161,0.11281836,Outgoing,2,2,wallet_110
2025-08-01 12:35:34,wallet_110,0.11281836,Incoming,2,2,wallet_161
2025-08-01 13:26:33,wallet_041,0.05029824,Outgoing,2,1,wallet_350
2025-08-01 13:26:33,wallet_350,0.05029824,Incoming,2,1,wallet_041
2025-08-01 13:47:13,wallet_021,0.0095543,Outgoing,1,2,wallet_173
2025-08-01 13:47:13,wallet_173,0.0095543,Incoming,1,2,wallet_021
2025-08-01 15:02:00,wallet_296,0.1306886,Outgoing,1,1,wallet_083
2025-08-01 15:02:00,wallet_083,0.1306886,Incoming,1,1,wallet_296
2025-08-01 16:17:00,wallet_369,0.09510789,Outgoing,1,1,wallet_219
2025-08-01 16:17:00,wallet_219,0.09510789,Incoming,1,1,wallet_369
2025-08-01 16:24:00,wallet_296,0.02323998,Outgoing,2,1,wallet_257
2025-08-01 16:24:00,wallet_257,0.02323998,Incoming,2,1,wallet_296
2025-08-01 16:29:00,wallet_296,0.04126562,Outgoing,1,1,wallet_239
2025-08-01 16:29:00,wallet_239,0.04126562,Incoming,1,1,wallet_296
2025-08-01 17:39:00,wallet_344,0.04864328,Outgoing,3,2,wallet_105
2025-08-01 17:39:00,wallet_105,0.04864328,Incoming,3,2,wallet_344
2025-08-01 18:06:24,wallet_237,0.02446397,Outgoing,1,2,wallet_042
2025-08-01 18:06:24,wallet_042,0.02446397,Incoming,1,2,wallet_237
2025-08-01 18:21:15,wallet_288,0.0190614,Outgoing,1,3,wallet_359
2025-08-01 18:21:15,wallet_359,0.0190614,Incoming,1,3,wallet_288
2025-08-01 19:20:37,wallet_342,0.02335612,Outgoing,1,3,wallet_085
2025-08-01 19:20:37,wallet_085,0.02335612,Incoming,1,3,wallet_342
2025-08-01 23:01:24,wallet_289,0.15456597,Outgoing,3,2,wallet_047
2025-08-01 23:01:24,wallet_047,0.15456597,Incoming,3,2,wallet_289
2025-08-02 04:38:30,wallet_051,0.04451522,Outgoing,4,2,wallet_029
2025-08-02 04:38:30,wallet_029,0.04451522,Incoming,4,2,wallet_051
2025-08-02 06:06:12,wallet_187,0.01602685,Outgoing,1,2,wallet_392
2025-08-02 06:06:12,wallet_392,0.01602685,Incoming,1,2,wallet_187
2025-08-02 07:37:04,wallet_059,0.00883506,Outgoing,2,2,wallet_233
2025-08-02 07:37:04,wallet_233,0.00883506,Incoming,2,2,wallet_059
2025-08-02 09:59:54,wallet_289,0.15765941,Outgoing,1,2,wallet_047
2025-08-02 09:59:54,wallet_047,0.15765941,Incoming,1,2,wallet_289
2025-08-02 10:12:00,wallet_013,0.04722024,Outgoing,2,1,wallet_004
2025-08-02 10:12:00,wallet_004,0.04722024,Incoming,2,1,wallet_013
2025-08-02 12:36:19,wallet_384,0.02806348,Outgoing,1,2,wallet_127
2025-08-02 12:36:19,wallet_127,0.02806348,Incoming,1,2,wallet_384
2025-08-02 14:06:31,wallet_045,0.00675778,Outgoing,2,2,wallet_227
2025-08-02 14:06:31,wallet_227,0.00675778,Incoming,2,2,wallet_045
2025-08-02 18:21:01,wallet_109,0.05808433,Outgoing,4,3,wallet_159
2025-08-02 18:21:01,wallet_159,0.05808433,Incoming,4,3,wallet_109
2025-08-02 18:54:35,wallet_078,1.66431264,Outgoing,1,1,wallet_037
2025-08-02 18:54:35,wallet_037,1.66431264,Incoming,1,1,wallet_078
2025-08-02 19:10:33,wallet_344,0.10118209,Outgoing,1,1,wallet_202
2025-08-02 19:10:33,wallet_202,0.10118209,Incoming,1,1,wallet_344
2025-08-02 19:24:11,wallet_063,0.04099358,Outgoing,2,2,wallet_041
2025-08-02 19:24:11,wallet_041,0.04099358,Incoming,2,2,wallet_063
2025-08-02 19:30:56,wallet_059,0.04844373,Outgoing,1,1,wallet_225
2025-08-02 19:30:56,wallet_225,0.04844373,Incoming,1,1,wallet_059
2025-08-02 20:56:35,wallet_289,0.15778337,Outgoing,2,2,wallet_047
2025-08-02 20:56:35,wallet_047,0.15778337,Incoming,2,2,wallet_289
2025-08-03 04:17:36,wallet_029,0.03729665,Outgoing,1,1,wallet_346
2025-08-03 04:17:36,wallet_346,0.03729665,Incoming,1,1,wallet_029
2025-08-03 05:16:33,wallet_289,0.15419379,Outgoing,2,2,wallet_047
2025-08-03 05:16:33,wallet_047,0.15419379,Incoming,2,2,wallet_289
2025-08-03 11:49:34,wallet_292,0.12525653,Outgoing,3,2,wallet_405
2025-08-03 11:49:34,wallet_405,0.12525653,Incoming,3,2,wallet_292
2025-08-03 13:27:05,wallet_041,0.09592216,Outgoing,2,2,wallet_174
2025-08-03 13:27:05,wallet_174,0.09592216,Incoming,2,2,wallet_041
2025-08-03 13:43:00,wallet_254,0.0131471,Outgoing,4,2,wallet_379
2025-08-03 13:43:00,wallet_379,0.0131471,Incoming,4,2,wallet_254
2025-08-03 13:49:50,wallet_378,0.12505446,Outgoing,1,2,wallet_104
2025-08-03 13:49:50,wallet_104,0.12505446,Incoming,1,2,wallet_378
2025-08-03 18:18:07,wallet_324,0.07653846,Outgoing,2,2,wallet_159
2025-08-03 18:18:07,wallet_159,0.07653846,Incoming,2,2,wallet_324
2025-08-03 20:18:50,wallet_318,0.20464342,Outgoing,3,3,wallet_049
2025-08-03 20:18:50,wallet_049,0.20464342,Incoming,3,3,wallet_318
2025-08-03 21:06:08,wallet_289,0.15644905,Outgoing,1,1,wallet_047
2025-08-03 21:06:08,wallet_047,0.15644905,Incoming,1,1,wallet_289
2025-08-04 00:29:22,wallet_256,0.1359813,Outgoing,3,2,wallet_360
2025-08-04 00:29:22,wallet_360,0.1359813,Incoming,3,2,wallet_256
2025-08-04 07:23:31,wallet_233,0.05873681,Outgoing,1,2,wallet_036
2025-08-04 07:23:31,wallet_036,0.05873681,Incoming,1,2,wallet_233
2025-08-04 07:54:54,wallet_122,0.02819925,Outgoing,1,3,wallet_046
2025-08-04 07:54:54,wallet_046,0.02819925,Incoming,1,3,wallet_122
2025-08-04 09:00:15,wallet_189,0.02633319,Outgoing,1,2,wallet_170
2025-08-04 09:00:15,wallet_170,0.02633319,Incoming,1,2,wallet_189
2025-08-04 09:44:22,wallet_054,0.27514073,Outgoing,1,2,wallet_257
2025-08-04 09:44:22,wallet_257,0.27514073,Incoming,1,2,wallet_054
2025-08-04 09:48:45,wallet_059,0.06539341,Outgoing,1,2,wallet_152
2025-08-04 09:48:45,wallet_152,0.06539341,Incoming,1,2,wallet_059
2025-08-04 10:23:25,wallet_344,0.06092906,Outgoing,1,1,wallet_306
2025-08-04 10:23:25,wallet_306,0.06092906,Incoming,1,1,wallet_344
2025-08-04 12:53:15,wallet_010,0.11361801,Outgoing,2,2,wallet_260
2025-08-04 12:53:15,wallet_260,0.11361801,Incoming,2,2,wallet_010
2025-08-04 12:53:17,wallet_405,0.06196258,Outgoing,3,2,wallet_292
2025-08-04 12:53:17,wallet_292,0.06196258,Incoming,3,2,wallet_405
2025-08-04 13:16:10,wallet_289,0.15515568,Outgoing,1,2,wallet_047
2025-08-04 13:16:10,wallet_047,0.15515568,Incoming,1,2,wallet_289
2025-08-04 15:16:39,wallet_297,0.03278157,Outgoing,1,2,wallet_064
2025-08-04 15:16:39,wallet_064,0.03278157,Incoming,1,2,wallet_297
2025-08-04 15:16:40,wallet_371,0.02380696,Outgoing,1,2,wallet_313
2025-08-04 15:16:40,wallet_313,0.02380696,Incoming,1,2,wallet_371
2025-08-04 15:43:32,wallet_376,0.03946633,Outgoing,1,1,wallet_088
2025-08-04 15:43:32,wallet_088,0.03946633,Incoming,1,1,wallet_376
2025-08-04 17:03:14,wallet_338,0.03336963,Outgoing,3,2,wallet_041
2025-08-04 17:03:14,wallet_041,0.03336963,Incoming,3,2,wallet_338
2025-08-04 17:24:21,wallet_161,0.14526777,Outgoing,1,2,wallet_349
2025-08-04 17:24:21,wallet_349,0.14526777,Incoming,1,2,wallet_161
2025-08-04 17:27:10,wallet_392,0.02407356,Outgoing,4,3,wallet_398
2025-08-04 17:27:10,wallet_398,0.02407356,Incoming,4,3,wallet_392
2025-08-04 19:57:40,wallet_013,0.07493436,Outgoing,2,2,wallet_146
2025-08-04 19:57:40,wallet_146,0.07493436,Incoming,2,2,wallet_013
2025-08-04 22:01:33,wallet_267,0.12105367,Outgoing,2,2,wallet_294
2025-08-04 22:01:33,wallet_294,0.12105367,Incoming,2,2,wallet_267
2025-08-04 23:56:46,wallet_219,0.01063875,Outgoing,2,3,wallet_118
2025-08-04 23:56:46,wallet_118,0.01063875,Incoming,2,3,wallet_219
2025-08-05 02:04:02,wallet_410,0.02027363,Outgoing,1,2,wallet_350
2025-08-05 02:04:02,wallet_350,0.02027363,Incoming,1,2,wallet_410
2025-08-05 03:40:53,wallet_047,0.15666645,Outgoing,3,3,wallet_289
2025-08-05 03:40:53,wallet_289,0.15666645,Incoming,3,3,wallet_047
2025-08-05 05:06:31,wallet_410,0.00465144,Outgoing,1,2,wallet_323
2025-08-05 05:06:31,wallet_323,0.00465144,Incoming,1,2,wallet_410
2025-08-05 07:26:09,wallet_343,0.01957936,Outgoing,2,1,wallet_038
2025-08-05 07:26:09,wallet_038,0.01957936,Incoming,2,1,wallet_343
2025-08-05 08:19:13,wallet_408,0.05814953,Outgoing,2,1,wallet_091
2025-08-05 08:19:13,wallet_091,0.05814953,Incoming,2,1,wallet_408
2025-08-05 09:00:24,wallet_241,0.00760339,Outgoing,1,2,wallet_064
2025-08-05 09:00:24,wallet_064,0.00760339,Incoming,1,2,wallet_241
2025-08-05 10:17:00,wallet_224,0.01311168,Outgoing,1,2,wallet_277
2025-08-05 10:17:00,wallet_277,0.01311168,Incoming,1,2,wallet_224
2025-08-05 11:41:02,wallet_086,0.03748645,Outgoing,1,3,wallet_010
2025-08-05 11:41:02,wallet_010,0.03748645,Incoming,1,3,wallet_086
2025-08-05 11:56:02,wallet_227,0.11247614,Outgoing,1,2,wallet_332
2025-08-05 11:56:02,wallet_332,0.11247614,Incoming,1,2,wallet_227
2025-08-05 12:10:23,wallet_269,0.02399519,Outgoing,2,1,wallet_397
2025-08-05 12:10:23,wallet_397,0.02399519,Incoming,2,1,wallet_269
2025-08-05 12:22:21,wallet_241,0.06907035,Outgoing,1,3,wallet_034
2025-08-05 12:22:21,wallet_034,0.06907035,Incoming,1,3,wallet_241
2025-08-05 12:25:11,wallet_201,0.10670063,Outgoing,1,2,wallet_068
2025-08-05 12:25:11,wallet_068,0.10670063,Incoming,1,2,wallet_201
2025-08-05 14:01:17,wallet_235,0.51517993,Outgoing,1,1,wallet_377
2025-08-05 14:01:17,wallet_377,0.51517993,Incoming,1,1,wallet_235
2025-08-05 15:56:58,wallet_275,0.05909452,Outgoing,2,2,wallet_106
2025-08-05 15:56:58,wallet_106,0.05909452,Incoming,2,2,wallet_275
2025-08-05 16:31:00,wallet_139,0.04936626,Outgoing,3,2,wallet_331
2025-08-05 16:31:00,wallet_331,0.04936626,Incoming,3,2,wallet_139
2025-08-05 18:29:41,wallet_289,0.15790762,Outgoing,1,2,wallet_047
2025-08-05 18:29:41,wallet_047,0.15790762,Incoming,1,2,wallet_289
2025-08-05 20:52:23,wallet_319,0.04218972,Outgoing,1,1,wallet_272
2025-08-05 20:52:23,wallet_272,0.04218972,Incoming,1,1,wallet_319
2025-08-05 23:50:10,wallet_165,0.01787432,Outgoing,2,3,wallet_040
2025-08-05 23:50:10,wallet_040,0.01787432,Incoming,2,3,wallet_165
2025-08-06 01:10:45,wallet_040,0.17582233,Outgoing,2,2,wallet_221
2025-08-06 01:10:45,wallet_221,0.17582233,Incoming,2,2,wallet_040
2025-08-06 02:49:24,wallet_241,0.03584086,Outgoing,1,2,wallet_274
2025-08-06 02:49:24,wallet_274,0.03584086,Incoming,1,2,wallet_241
2025-08-06 08:27:27,wallet_346,0.05456223,Outgoing,1,2,wallet_027
2025-08-06 08:27:27,wallet_027,0.05456223,Incoming,1,2,wallet_346
2025-08-06 08:38:54,wallet_238,0.00921042,Outgoing,1,2,wallet_166
2025-08-06 08:38:54,wallet_166,0.00921042,Incoming,1,2,wallet_238
2025-08-06 08:46:57,wallet_289,0.15407866,Outgoing,3,1,wallet_047
2025-08-06 08:46:57,wallet_047,0.15407866,Incoming,3,1,wallet_289
2025-08-06 09:18:55,wallet_360,0.08129426,Outgoing,1,1,wallet_207
2025-08-06 09:18:55,wallet_207,0.08129426,Incoming,1,1,wallet_360
2025-08-06 10:36:52,wallet_319,0.03660328,Outgoing,2,2,wallet_387
2025-08-06 10:36:52,wallet_387,0.03660328,Incoming,2,2,wallet_319
2025-08-06 11:06:37,wallet_396,0.02586269,Outgoing,3,2,wallet_317
2025-08-06 11:06:37,wallet_317,0.02586269,Incoming,3,2,wallet_396
2025-08-06 11:06:48,wallet_121,0.01470108,Outgoing,2,2,wallet_241
2025-08-06 11:06:48,wallet_241,0.01470108,Incoming,2,2,wallet_121
2025-08-06 11:46:46,wallet_266,0.03067941,Outgoing,2,2,wallet_146
2025-08-06 11:46:46,wallet_146,0.03067941,Incoming,2,2,wallet_266
2025-08-06 16:09:47,wallet_330,0.06983354,Outgoing,1,2,wallet_146
2025-08-06 16:09:47,wallet_146,0.06983354,Incoming,1,2,wallet_330
2025-08-06 16:23:56,wallet_090,0.14429992,Outgoing,2,2,wallet_145
2025-08-06 16:23:56,wallet_145,0.14429992,Incoming,2,2,wallet_090
2025-08-06 17:23:19,wallet_048,0.00646231,Outgoing,1,1,wallet_146
2025-08-06 17:23:19,wallet_146,0.00646231,Incoming,1,1,wallet_048
2025-08-06 18:38:07,wallet_105,0.09184314,Outgoing,1,2,wallet_344
2025-08-06 18:38:07,wallet_344,0.09184314,Incoming,1,2,wallet_105
2025-08-06 20:19:36,wallet_392,0.4588145,Outgoing,3,2,wallet_049
2025-08-06 20:19:36,wallet_049,0.4588145,Incoming,3,2,wallet_392
2025-08-06 21:26:09,wallet_169,0.02381945,Outgoing,3,1,wallet_378
2025-08-06 21:26:09,wallet_378,0.02381945,Incoming,3,1,wallet_169
2025-08-06 22:07:47,wallet_289,0.15778185,Outgoing,3,1,wallet_047
2025-08-06 22:07:47,wallet_047,0.15778185,Incoming,3,1,wallet_289
2025-08-06 23:42:24,wallet_109,0.05637358,Outgoing,1,1,wallet_230
2025-08-06 23:42:24,wallet_230,0.05637358,Incoming,1,1,wallet_109
2025-08-07 00:13:42,wallet_185,0.03283454,Outgoing,4,3,wallet_228
2025-08-07 00:13:42,wallet_228,0.03283454,Incoming,4,3,wallet_185
2025-08-07 06:53:19,wallet_068,0.14427816,Outgoing,1,2,wallet_105
2025-08-07 06:53:19,wallet_105,0.14427816,Incoming,1,2,wallet_068
2025-08-07 08:21:20,wallet_402,0.05465164,Outgoing,1,2,wallet_169
2025-08-07 08:21:20,wallet_169,0.05465164,Incoming,1,2,wallet_402
2025-08-07 09:30:53,wallet_313,0.06162672,Outgoing,1,2,wallet_359
2025-08-07 09:30:53,wallet_359,0.06162672,Incoming,1,2,wallet_313
2025-08-07 11:07:30,wallet_380,0.164656,Outgoing,3,2,wallet_146
2025-08-07 11:07:30,wallet_146,0.164656,Incoming,3,2,wallet_380
2025-08-07 11:23:14,wallet_379,0.03812878,Outgoing,1,2,wallet_160
2025-08-07 11:23:14,wallet_160,0.03812878,Incoming,1,2,wallet_379
2025-08-07 11:44:03,wallet_121,0.0119758,Outgoing,2,2,wallet_374
2025-08-07 11:44:03,wallet_374,0.0119758,Incoming,2,2,wallet_121
2025-08-07 11:46:05,wallet_360,0.1331847,Outgoing,2,3,wallet_346
2025-08-07 11:46:05,wallet_346,0.1331847,Incoming,2,3,wallet_360
2025-08-07 13:00:02,wallet_088,0.08547318,Outgoing,1,2,wallet_344
2025-08-07 13:00:02,wallet_344,0.08547318,Incoming,1,2,wallet_088
2025-08-07 16:09:26,wallet_241,0.04520493,Outgoing,1,2,wallet_010
2025-08-07 16:09:26,wallet_010,0.04520493,Incoming,1,2,wallet_241
2025-08-08 06:40:20,wallet_355,0.05963099,Outgoing,1,1,wallet_266
2025-08-08 06:40:20,wallet_266,0.05963099,Incoming,1,1,wallet_355
2025-08-08 08:36:57,wallet_042,0.034022,Outgoing,2,2,wallet_149
2025-08-08 08:36:57,wallet_149,0.034022,Incoming,2,2,wallet_042
2025-08-08 09:43:35,wallet_251,0.35840975,Outgoing,3,2,wallet_055
2025-08-08 09:43:35,wallet_055,0.35840975,Incoming,3,2,wallet_251
2025-08-08 11:44:26,wallet_319,0.03449211,Outgoing,1,1,wallet_003
2025-08-08 11:44:26,wallet_003,0.03449211,Incoming,1,1,wallet_319
2025-08-08 12:12:39,wallet_279,0.18191093,Outgoing,1,3,wallet_073
2025-08-08 12:12:39,wallet_073,0.18191093,Incoming,1,3,wallet_279
2025-08-08 13:04:15,wallet_317,0.16688962,Outgoing,1,2,wallet_051
2025-08-08 13:04:15,wallet_051,0.16688962,Incoming,1,2,wallet_317
2025-08-08 14:02:43,wallet_052,0.07062284,Outgoing,2,2,wallet_051
2025-08-08 14:02:43,wallet_051,0.07062284,Incoming,2,2,wallet_052
2025-08-08 14:04:44,wallet_170,0.03879635,Outgoing,2,2,wallet_152
2025-08-08 14:04:44,wallet_152,0.03879635,Incoming,2,2,wallet_170
2025-08-08 14:22:39,wallet_374,0.03933532,Outgoing,3,2,wallet_230
2025-08-08 14:22:39,wallet_230,0.03933532,Incoming,3,2,wallet_374
2025-08-08 16:34:21,wallet_374,0.01498429,Outgoing,1,2,wallet_243
2025-08-08 16:34:21,wallet_243,0.01498429,Incoming,1,2,wallet_374
2025-08-08 17:39:29,wallet_089,0.01747056,Outgoing,2,2,wallet_177
2025-08-08 17:39:29,wallet_177,0.01747056,Incoming,2,2,wallet_089
2025-08-08 18:24:33,wallet_209,0.05595268,Outgoing,2,2,wallet_400
2025-08-08 18:24:33,wallet_400,0.05595268,Incoming,2,2,wallet_209
2025-08-08 19:06:52,wallet_129,0.03357686,Outgoing,1,2,wallet_074
2025-08-08 19:06:52,wallet_074,0.03357686,Incoming,1,2,wallet_129
2025-08-08 20:02:40,wallet_027,0.0170258,Outgoing,1,1,wallet_256
2025-08-08 20:02:40,wallet_256,0.0170258,Incoming,1,1,wallet_027
2025-08-08 20:20:07,wallet_129,0.01817286,Outgoing,2,2,wallet_372
2025-08-08 20:20:07,wallet_372,0.01817286,Incoming,2,2,wallet_129
2025-08-08 22:05:44,wallet_193,0.01042034,Outgoing,1,2,wallet_045
2025-08-08 22:05:44,wallet_045,0.01042034,Incoming,1,2,wallet_193
2025-08-08 22:55:45,wallet_300,0.22569586,Outgoing,1,2,wallet_308
2025-08-08 22:55:45,wallet_308,0.22569586,Incoming,1,2,wallet_300
2025-08-09 03:51:18,wallet_365,0.0650658,Outgoing,2,3,wallet_248
2025-08-09 03:51:18,wallet_248,0.0650658,Incoming,2,3,wallet_365
2025-08-09 09:40:40,wallet_182,0.03998857,Outgoing,3,1,wallet_091
2025-08-09 09:40:40,wallet_091,0.03998857,Incoming,3,1,wallet_182
2025-08-09 10:45:03,wallet_243,0.02648565,Outgoing,1,2,wallet_316
2025-08-09 10:45:03,wallet_316,0.02648565,Incoming,1,2,wallet_243
2025-08-09 12:33:34,wallet_371,0.03825287,Outgoing,3,2,wallet_313
2025-08-09 12:33:34,wallet_313,0.03825287,Incoming,3,2,wallet_371
2025-08-09 15:25:44,wallet_260,0.11985511,Outgoing,2,1,wallet_146
2025-08-09 15:25:44,wallet_146,0.11985511,Incoming,2,1,wallet_260
2025-08-09 16:10:07,wallet_237,0.02740829,Outgoing,1,2,wallet_379
2025-08-09 16:10:07,wallet_379,0.02740829,Incoming,1,2,wallet_237
2025-08-09 16:49:17,wallet_391,0.02885411,Outgoing,1,3,wallet_271
2025-08-09 16:49:17,wallet_271,0.02885411,Incoming,1,3,wallet_391
2025-08-09 19:04:34,wallet_317,0.02625662,Outgoing,2,2,wallet_220
2025-08-09 19:04:34,wallet_220,0.02625662,Incoming,2,2,wallet_317
2025-08-10 06:50:56,wallet_007,0.06603008,Outgoing,2,3,wallet_027
2025-08-10 06:50:56,wallet_027,0.06603008,Incoming,2,3,wallet_007
2025-08-10 08:01:07,wallet_030,0.29804042,Outgoing,1,3,wallet_238
2025-08-10 08:01:07,wallet_238,0.29804042,Incoming,1,3,wallet_030
2025-08-10 10:19:21,wallet_393,0.08008893,Outgoing,2,2,wallet_228
2025-08-10 10:19:21,wallet_228,0.08008893,Incoming,2,2,wallet_393
2025-08-10 11:36:32,wallet_043,0.09649377,Outgoing,1,2,wallet_152
2025-08-10 11:36:32,wallet_152,0.09649377,Incoming,1,2,wallet_043
2025-08-10 12:14:32,wallet_069,0.07293153,Outgoing,4,3,wallet_403
2025-08-10 12:14:32,wallet_403,0.07293153,Incoming,4,3,wallet_069
2025-08-10 15:31:46,wallet_107,0.00883399,Outgoing,4,2,wallet_343
2025-08-10 15:31:46,wallet_343,0.00883399,Incoming,4,2,wallet_107
2025-08-10 16:11:37,wallet_091,0.05360085,Outgoing,1,1,wallet_182
2025-08-10 16:11:37,wallet_182,0.05360085,Incoming,1,1,wallet_091
2025-08-10 16:37:46,wallet_343,0.3449929,Outgoing,1,2,wallet_408
2025-08-10 16:37:46,wallet_408,0.3449929,Incoming,1,2,wallet_343
2025-08-10 17:57:21,wallet_166,0.01392907,Outgoing,1,2,wallet_152
2025-08-10 17:57:21,wallet_152,0.01392907,Incoming,1,2,wallet_166
2025-08-10 19:48:53,wallet_355,0.01943007,Outgoing,1,2,wallet_118
2025-08-10 19:48:53,wallet_118,0.01943007,Incoming,1,2,wallet_355
2025-08-10 23:59:07,wallet_287,0.01752489,Outgoing,1,3,wallet_006
2025-08-10 23:59:07,wallet_006,0.01752489,Incoming,1,3,wallet_287
2025-08-11 06:16:58,wallet_163,0.0285651,Outgoing,1,2,wallet_265
2025-08-11 06:16:58,wallet_265,0.0285651,Incoming,1,2,wallet_163
2025-08-11 10:46:00,wallet_313,0.02734216,Outgoing,1,2,wallet_371
2025-08-11 10:46:00,wallet_371,0.02734216,Incoming,1,2,wallet_313
2025-08-11 11:14:31,wallet_277,0.02664839,Outgoing,2,1,wallet_225
2025-08-11 11:14:31,wallet_225,0.02664839,Incoming,2,1,wallet_277
2025-08-11 11:24:54,wallet_314,0.12152711,Outgoing,1,2,wallet_354
2025-08-11 11:24:54,wallet_354,0.12152711,Incoming,1,2,wallet_314
2025-08-11 11:41:17,wallet_050,0.01633332,Outgoing,3,3,wallet_179
2025-08-11 11:41:17,wallet_179,0.01633332,Incoming,3,3,wallet_050
2025-08-11 11:43:36,wallet_388,0.00640151,Outgoing,1,2,wallet_323
2025-08-11 11:43:36,wallet_323,0.00640151,Incoming,1,2,wallet_388
2025-08-11 12:24:36,wallet_309,0.10750042,Outgoing,2,2,wallet_142
2025-08-11 12:24:36,wallet_142,0.10750042,Incoming,2,2,wallet_309
2025-08-11 14:15:41,wallet_153,4.91109761,Outgoing,2,2,wallet_409
2025-08-11 14:15:41,wallet_409,4.91109761,Incoming,2,2,wallet_153
2025-08-11 14:23:02,wallet_409,4.83290502,Outgoing,2,2,wallet_276
2025-08-11 14:23:02,wallet_276,4.83290502,Incoming,2,2,wallet_409
2025-08-11 14:26:38,wallet_123,0.0540362,Outgoing,1,1,wallet_253
2025-08-11 14:26:38,wallet_253,0.0540362,Incoming,1,1,wallet_123
2025-08-11 14:28:54,wallet_169,0.00935618,Outgoing,1,2,wallet_376
2025-08-11 14:28:54,wallet_376,0.00935618,Incoming,1,2,wallet_169
2025-08-11 14:36:03,wallet_280,0.00702988,Outgoing,3,2,wallet_156
2025-08-11 14:36:03,wallet_156,0.00702988,Incoming,3,2,wallet_280
2025-08-11 14:41:09,wallet_276,4.72677251,Outgoing,1,2,wallet_015
2025-08-11 14:41:09,wallet_015,4.72677251,Incoming,1,2,wallet_276
2025-08-11 16:08:31,wallet_153,0.00964998,Outgoing,1,2,wallet_163
2025-08-11 16:08:31,wallet_163,0.00964998,Incoming,1,2,wallet_153
2025-08-11 16:54:26,wallet_064,0.01442228,Outgoing,1,2,wallet_037
2025-08-11 16:54:26,wallet_037,0.01442228,Incoming,1,2,wallet_064
2025-08-11 19:22:24,wallet_072,0.9739058,Outgoing,2,3,wallet_348
2025-08-11 19:22:24,wallet_348,0.9739058,Incoming,2,3,wallet_072
2025-08-11 21:01:44,wallet_001,0.05796301,Outgoing,1,2,wallet_190
2025-08-11 21:01:44,wallet_190,0.05796301,Incoming,1,2,wallet_001
2025-08-12 03:10:45,wallet_142,0.07790945,Outgoing,1,2,wallet_169
2025-08-12 03:10:45,wallet_169,0.07790945,Incoming,1,2,wallet_142
2025-08-12 03:24:53,wallet_352,0.09553812,Outgoing,2,1,wallet_212
2025-08-12 03:24:53,wallet_212,0.09553812,Incoming,2,1,wallet_352
2025-08-12 08:22:40,wallet_130,0.02762836,Outgoing,1,1,wallet_104
2025-08-12 08:22:40,wallet_104,0.02762836,Incoming,1,1,wallet_130
2025-08-12 09:20:01,wallet_100,0.01927766,Outgoing,3,2,wallet_160
2025-08-12 09:20:01,wallet_160,0.01927766,Incoming,3,2,wallet_100
2025-08-12 12:12:02,wallet_283,0.01412595,Outgoing,3,2,wallet_384
2025-08-12 12:12:02,wallet_384,0.01412595,Incoming,3,2,wallet_283
2025-08-12 13:53:05,wallet_405,0.10186722,Outgoing,2,2,wallet_292
2025-08-12 13:53:05,wallet_292,0.10186722,Incoming,2,2,wallet_405
2025-08-12 15:06:20,wallet_011,2.63586509,Outgoing,1,2,wallet_323
2025-08-12 15:06:20,wallet_323,2.63586509,Incoming,1,2,wallet_011
2025-08-12 15:23:46,wallet_118,0.0204626,Outgoing,3,2,wallet_350
2025-08-12 15:23:46,wallet_350,0.0204626,Incoming,3,2,wallet_118
2025-08-12 17:22:38,wallet_366,0.0603187,Outgoing,3,2,wallet_047
2025-08-12 17:22:38,wallet_047,0.0603187,Incoming,3,2,wallet_366
2025-08-12 20:41:18,wallet_346,0.10472954,Outgoing,1,1,wallet_027
2025-08-12 20:41:18,wallet_027,0.10472954,Incoming,1,1,wallet_346
2025-08-12 20:53:51,wallet_041,0.08203631,Outgoing,1,1,wallet_338
2025-08-12 20:53:51,wallet_338,0.08203631,Incoming,1,1,wallet_041
2025-08-13 09:59:26,wallet_262,0.11422447,Outgoing,1,1,wallet_100
2025-08-13 09:59:26,wallet_100,0.11422447,Incoming,1,1,wallet_262
2025-08-13 11:10:49,wallet_370,0.00918881,Outgoing,1,2,wallet_350
2025-08-13 11:10:49,wallet_350,0.00918881,Incoming,1,2,wallet_370
2025-08-13 11:20:22,wallet_158,0.04638112,Outgoing,1,1,wallet_003
2025-08-13 11:20:22,wallet_003,0.04638112,Incoming,1,1,wallet_158
2025-08-13 12:46:02,wallet_248,0.10742266,Outgoing,3,1,wallet_047
2025-08-13 12:46:02,wallet_047,0.10742266,Incoming,3,1,wallet_248
2025-08-13 13:41:52,wallet_017,0.0465919,Outgoing,1,2,wallet_059
2025-08-13 13:41:52,wallet_059,0.0465919,Incoming,1,2,wallet_017
2025-08-13 14:29:03,wallet_047,0.01668754,Outgoing,1,2,wallet_095
2025-08-13 14:29:03,wallet_095,0.01668754,Incoming,1,2,wallet_047
2025-08-13 17:49:24,wallet_378,0.02189603,Outgoing,1,2,wallet_169
2025-08-13 17:49:24,wallet_169,0.02189603,Incoming,1,2,wallet_378
2025-08-13 17:54:39,wallet_068,1.25571141,Outgoing,1,1,wallet_120
2025-08-13 17:54:39,wallet_120,1.25571141,Incoming,1,1,wallet_068
2025-08-13 18:09:28,wallet_120,1.22693884,Outgoing,1,1,wallet_305
2025-08-13 18:09:28,wallet_305,1.22693884,Incoming,1,1,wallet_120
2025-08-13 18:16:15,wallet_305,1.20452062,Outgoing,1,2,wallet_206
2025-08-13 18:16:15,wallet_206,1.20452062,Incoming,1,2,wallet_305
2025-08-13 18:21:27,wallet_206,1.1836139,Outgoing,2,1,wallet_300
2025-08-13 18:21:27,wallet_300,1.1836139,Incoming,2,1,wallet_206
2025-08-13 18:37:03,wallet_090,0.04149408,Outgoing,4,1,wallet_333
2025-08-13 18:37:03,wallet_333,0.04149408,Incoming,4,1,wallet_090
2025-08-13 19:57:46,wallet_003,0.01093725,Outgoing,2,2,wallet_364
2025-08-13 19:57:46,wallet_364,0.01093725,Incoming,2,2,wallet_003
2025-08-13 20:00:47,wallet_078,0.03405583,Outgoing,1,3,wallet_396
2025-08-13 20:00:47,wallet_396,0.03405583,Incoming,1,3,wallet_078
2025-08-14 07:45:19,wallet_349,0.03249734,Outgoing,2,2,wallet_082
2025-08-14 07:45:19,wallet_082,0.03249734,Incoming,2,2,wallet_349
2025-08-14 08:10:02,wallet_068,0.19220337,Outgoing,1,2,wallet_286
2025-08-14 08:10:02,wallet_286,0.19220337,Incoming,1,2,wallet_068
2025-08-14 09:00:44,wallet_398,0.00689651,Outgoing,2,2,wallet_316
2025-08-14 09:00:44,wallet_316,0.00689651,Incoming,2,2,wallet_398
2025-08-14 09:03:29,wallet_298,0.05794489,Outgoing,1,2,wallet_237
2025-08-14 09:03:29,wallet_237,0.05794489,Incoming,1,2,wallet_298
2025-08-14 09:58:05,wallet_228,0.09445182,Outgoing,1,2,wallet_010
2025-08-14 09:58:05,wallet_010,0.09445182,Incoming,1,2,wallet_228
2025-08-14 10:17:03,wallet_147,0.01456507,Outgoing,4,2,wallet_335
2025-08-14 10:17:03,wallet_335,0.01456507,Incoming,4,2,wallet_147
2025-08-14 13:31:04,wallet_167,0.01347226,Outgoing,3,1,wallet_248
2025-08-14 13:31:04,wallet_248,0.01347226,Incoming,3,1,wallet_167
2025-08-14 13:36:48,wallet_361,0.02783189,Outgoing,1,2,wallet_266
2025-08-14 13:36:48,wallet_266,0.02783189,Incoming,1,2,wallet_361
2025-08-14 14:25:16,wallet_283,0.3175329,Outgoing,1,2,wallet_336
2025-08-14 14:25:16,wallet_336,0.3175329,Incoming,1,2,wallet_283
2025-08-14 15:03:47,wallet_051,0.09474659,Outgoing,3,3,wallet_241
2025-08-14 15:03:47,wallet_241,0.09474659,Incoming,3,3,wallet_051
2025-08-14 15:15:55,wallet_263,0.04471821,Outgoing,1,2,wallet_110
2025-08-14 15:15:55,wallet_110,0.04471821,Incoming,1,2,wallet_263
2025-08-14 16:02:37,wallet_013,0.01063671,Outgoing,2,2,wallet_329
2025-08-14 16:02:37,wallet_329,0.01063671,Incoming,2,2,wallet_013
2025-08-14 16:58:13,wallet_328,0.00890625,Outgoing,1,2,wallet_183
2025-08-14 16:58:13,wallet_183,0.00890625,Incoming,1,2,wallet_328
2025-08-14 17:25:25,wallet_319,0.04497312,Outgoing,2,1,wallet_100
2025-08-14 17:25:25,wallet_100,0.04497312,Incoming,2,1,wallet_319
2025-08-14 19:18:14,wallet_362,0.02537294,Outgoing,4,1,wallet_323
2025-08-14 19:18:14,wallet_323,0.02537294,Incoming,4,1,wallet_362
2025-08-14 20:50:16,wallet_169,0.0461017,Outgoing,2,2,wallet_142
2025-08-14 20:50:16,wallet_142,0.0461017,Incoming,2,2,wallet_169
2025-08-14 22:05:41,wallet_334,0.0488385,Outgoing,1,2,wallet_307
2025-08-14 22:05:41,wallet_307,0.0488385,Incoming,1,2,wallet_334
2025-08-15 08:31:48,wallet_046,0.19898817,Outgoing,4,2,wallet_220
2025-08-15 08:31:48,wallet_220,0.19898817,Incoming,4,2,wallet_046
2025-08-15 09:24:27,wallet_187,0.01005708,Outgoing,1,3,wallet_394
2025-08-15 09:24:27,wallet_394,0.01005708,Incoming,1,3,wallet_187
2025-08-15 11:26:27,wallet_129,0.12209326,Outgoing,1,2,wallet_344
2025-08-15 11:26:27,wallet_344,0.12209326,Incoming,1,2,wallet_129
2025-08-15 11:30:04,wallet_319,0.02521458,Outgoing,1,2,wallet_003
2025-08-15 11:30:04,wallet_003,0.02521458,Incoming,1,2,wallet_319
2025-08-15 12:12:13,wallet_292,0.11646659,Outgoing,1,2,wallet_195
2025-08-15 12:12:13,wallet_195,0.11646659,Incoming,1,2,wallet_292
2025-08-15 12:53:26,wallet_049,0.15248187,Outgoing,2,1,wallet_318
2025-08-15 12:53:26,wallet_318,0.15248187,Incoming,2,1,wallet_049
2025-08-15 14:07:36,wallet_304,0.03726778,Outgoing,1,2,wallet_152
2025-08-15 14:07:36,wallet_152,0.03726778,Incoming,1,2,wallet_304
2025-08-15 14:35:59,wallet_289,0.06239526,Outgoing,1,1,wallet_174
2025-08-15 14:35:59,wallet_174,0.06239526,Incoming,1,1,wallet_289
2025-08-15 15:08:27,wallet_225,1.04772986,Outgoing,1,2,wallet_053
2025-08-15 15:08:27,wallet_053,1.04772986,Incoming,1,2,wallet_225
2025-08-15 15:12:32,wallet_324,0.04862239,Outgoing,3,2,wallet_109
2025-08-15 15:12:32,wallet_109,0.04862239,Incoming,3,2,wallet_324
2025-08-15 16:38:24,wallet_076,0.06884084,Outgoing,1,2,wallet_300
2025-08-15 16:38:24,wallet_300,0.06884084,Incoming,1,2,wallet_076
2025-08-15 17:41:07,wallet_071,0.04500263,Outgoing,1,3,wallet_253
2025-08-15 17:41:07,wallet_253,0.04500263,Incoming,1,3,wallet_071
2025-08-15 18:22:29,wallet_237,0.03675221,Outgoing,4,3,wallet_197
2025-08-15 18:22:29,wallet_197,0.03675221,Incoming,4,3,wallet_237
2025-08-16 08:30:06,wallet_110,0.07179637,Outgoing,1,2,wallet_344
2025-08-16 08:30:06,wallet_344,0.07179637,Incoming,1,2,wallet_110
2025-08-16 10:04:03,wallet_309,0.11345698,Outgoing,1,1,wallet_032
2025-08-16 10:04:03,wallet_032,0.11345698,Incoming,1,1,wallet_309
2025-08-16 11:34:42,wallet_104,0.08780022,Outgoing,2,2,wallet_382
2025-08-16 11:34:42,wallet_382,0.08780022,Incoming,2,2,wallet_104
2025-08-16 11:57:12,wallet_230,0.04815693,Outgoing,1,2,wallet_252
2025-08-16 11:57:12,wallet_252,0.04815693,Incoming,1,2,wallet_230
2025-08-16 12:55:48,wallet_070,0.83000448,Outgoing,3,2,wallet_318
2025-08-16 12:55:48,wallet_318,0.83000448,Incoming,3,2,wallet_070
2025-08-16 13:18:48,wallet_126,0.01730146,Outgoing,1,2,wallet_001
2025-08-16 13:18:48,wallet_001,0.01730146,Incoming,1,2,wallet_126
2025-08-16 14:12:05,wallet_334,0.09790512,Outgoing,1,3,wallet_070
2025-08-16 14:12:05,wallet_070,0.09790512,Incoming,1,3,wallet_334
2025-08-16 15:41:16,wallet_091,0.08587976,Outgoing,1,2,wallet_408
2025-08-16 15:41:16,wallet_408,0.08587976,Incoming,1,2,wallet_091
2025-08-16 16:09:52,wallet_021,0.01189891,Outgoing,1,2,wallet_328
2025-08-16 16:09:52,wallet_328,0.01189891,Incoming,1,2,wallet_021
2025-08-16 22:03:07,wallet_329,0.00780609,Outgoing,1,1,wallet_146
2025-08-16 22:03:07,wallet_146,0.00780609,Incoming,1,1,wallet_329
2025-08-17 07:48:44,wallet_288,0.01956248,Outgoing,3,2,wallet_152
2025-08-17 07:48:44,wallet_152,0.01956248,Incoming,3,2,wallet_288
2025-08-17 11:12:46,wallet_119,0.07400384,Outgoing,1,3,wallet_105
2025-08-17 11:12:46,wallet_105,0.07400384,Incoming,1,3,wallet_119
2025-08-17 11:20:53,wallet_332,0.13806573,Outgoing,4,2,wallet_277
2025-08-17 11:20:53,wallet_277,0.13806573,Incoming,4,2,wallet_332
2025-08-17 11:53:13,wallet_017,0.06123342,Outgoing,2,1,wallet_236
2025-08-17 11:53:13,wallet_236,0.06123342,Incoming,2,1,wallet_017
2025-08-17 16:11:49,wallet_193,0.00480902,Outgoing,3,2,wallet_045
2025-08-17 16:11:49,wallet_045,0.00480902,Incoming,3,2,wallet_193
2025-08-17 16:35:00,wallet_268,0.07216036,Outgoing,1,2,wallet_237
2025-08-17 16:35:00,wallet_237,0.07216036,Incoming,1,2,wallet_268
2025-08-17 17:31:24,wallet_041,0.08451469,Outgoing,2,2,wallet_139
2025-08-17 17:31:24,wallet_139,0.08451469,Incoming,2,2,wallet_041
2025-08-17 17:39:59,wallet_237,0.04506424,Outgoing,2,2,wallet_234
2025-08-17 17:39:59,wallet_234,0.04506424,Incoming,2,2,wallet_237
2025-08-17 21:20:42,wallet_375,0.0376141,Outgoing,3,1,wallet_343
2025-08-17 21:20:42,wallet_343,0.0376141,Incoming,3,1,wallet_375
2025-08-18 06:14:35,wallet_131,0.24834594,Outgoing,1,3,wallet_076
2025-08-18 06:14:35,wallet_076,0.24834594,Incoming,1,3,wallet_131
2025-08-18 09:06:44,wallet_343,0.01927496,Outgoing,1,2,wallet_008
2025-08-18 09:06:44,wallet_008,0.01927496,Incoming,1,2,wallet_343
2025-08-18 10:25:17,wallet_176,0.16649551,Outgoing,1,1,wallet_235
2025-08-18 10:25:17,wallet_235,0.16649551,Incoming,1,1,wallet_176
2025-08-18 10:44:54,wallet_387,1.63279888,Outgoing,1,3,wallet_123
2025-08-18 10:44:54,wallet_123,1.63279888,Incoming,1,3,wallet_387
2025-08-18 10:56:23,wallet_316,0.02011203,Outgoing,3,3,wallet_049
2025-08-18 10:56:23,wallet_049,0.02011203,Incoming,3,3,wallet_316
2025-08-18 13:53:53,wallet_269,0.0263739,Outgoing,1,2,wallet_042
2025-08-18 13:53:53,wallet_042,0.0263739,Incoming,1,2,wallet_269
2025-08-18 14:44:03,wallet_391,0.03210003,Outgoing,1,2,wallet_282
2025-08-18 14:44:03,wallet_282,0.03210003,Incoming,1,2,wallet_391
2025-08-18 14:48:03,wallet_244,0.11621907,Outgoing,1,1,wallet_152
2025-08-18 14:48:03,wallet_152,0.11621907,Incoming,1,1,wallet_244
2025-08-18 17:42:58,wallet_015,0.04980042,Outgoing,1,1,wallet_170
2025-08-18 17:42:58,wallet_170,0.04980042,Incoming,1,1,wallet_015
2025-08-18 19:18:07,wallet_119,0.04322438,Outgoing,4,2,wallet_102
2025-08-18 19:18:07,wallet_102,0.04322438,Incoming,4,2,wallet_119
2025-08-18 21:12:35,wallet_110,0.02931397,Outgoing,2,1,wallet_147
2025-08-18 21:12:35,wallet_147,0.02931397,Incoming,2,1,wallet_110
2025-08-18 23:51:10,wallet_130,0.08341699,Outgoing,1,3,wallet_242
2025-08-18 23:51:10,wallet_242,0.08341699,Incoming,1,3,wallet_130
2025-08-19 01:34:11,wallet_194,0.04282772,Outgoing,3,2,wallet_001
2025-08-19 01:34:11,wallet_001,0.04282772,Incoming,3,2,wallet_194
2025-08-19 07:34:40,wallet_394,0.0064555,Outgoing,1,1,wallet_408
2025-08-19 07:34:40,wallet_408,0.0064555,Incoming,1,1,wallet_394
2025-08-19 08:34:02,wallet_235,0.51820728,Outgoing,2,1,wallet_377
2025-08-19 08:34:02,wallet_377,0.51820728,Incoming,2,1,wallet_235
2025-08-19 08:49:48,wallet_094,0.13522376,Outgoing,1,2,wallet_281
2025-08-19 08:49:48,wallet_281,0.13522376,Incoming,1,2,wallet_094
2025-08-19 11:26:17,wallet_298,0.0972354,Outgoing,4,2,wallet_405
2025-08-19 11:26:17,wallet_405,0.0972354,Incoming,4,2,wallet_298
2025-08-19 13:04:05,wallet_307,0.26660219,Outgoing,1,2,wallet_112
2025-08-19 13:04:05,wallet_112,0.26660219,Incoming,1,2,wallet_307
2025-08-19 13:32:23,wallet_202,0.08808333,Outgoing,2,2,wallet_027
2025-08-19 13:32:23,wallet_027,0.08808333,Incoming,2,2,wallet_202
2025-08-19 13:40:18,wallet_306,0.0177348,Outgoing,1,3,wallet_313
2025-08-19 13:40:18,wallet_313,0.0177348,Incoming,1,3,wallet_306
2025-08-19 15:15:55,wallet_193,0.09932704,Outgoing,2,1,wallet_122
2025-08-19 15:15:55,wallet_122,0.09932704,Incoming,2,1,wallet_193
2025-08-19 15:22:50,wallet_368,0.01303846,Outgoing,3,2,wallet_146
2025-08-19 15:22:50,wallet_146,0.01303846,Incoming,3,2,wallet_368
2025-08-19 18:25:47,wallet_142,0.0431393,Outgoing,3,2,wallet_088
2025-08-19 18:25:47,wallet_088,0.0431393,Incoming,3,2,wallet_142
2025-08-20 06:10:06,wallet_018,0.00809363,Outgoing,4,1,wallet_158
2025-08-20 06:10:06,wallet_158,0.00809363,Incoming,4,1,wallet_018
2025-08-20 06:23:20,wallet_408,0.00498263,Outgoing,2,2,wallet_107
2025-08-20 06:23:20,wallet_107,0.00498263,Incoming,2,2,wallet_408
2025-08-20 06:32:47,wallet_153,0.01967717,Outgoing,1,2,wallet_088
2025-08-20 06:32:47,wallet_088,0.01967717,Incoming,1,2,wallet_153
2025-08-20 06:35:49,wallet_306,0.04451151,Outgoing,1,2,wallet_295
2025-08-20 06:35:49,wallet_295,0.04451151,Incoming,1,2,wallet_306
2025-08-20 07:29:00,wallet_391,0.0300969,Outgoing,1,2,wallet_282
2025-08-20 07:29:00,wallet_282,0.0300969,Incoming,1,2,wallet_391
2025-08-20 08:31:40,wallet_021,0.05201452,Outgoing,4,2,wallet_401
2025-08-20 08:31:40,wallet_401,0.05201452,Incoming,4,2,wallet_021
2025-08-20 09:32:42,wallet_393,0.10642534,Outgoing,1,2,wallet_112
2025-08-20 09:32:42,wallet_112,0.10642534,Incoming,1,2,wallet_393
2025-08-20 10:28:40,wallet_017,0.04620582,Outgoing,2,3,wallet_236
2025-08-20 10:28:40,wallet_236,0.04620582,Incoming,2,3,wallet_017
2025-08-20 10:42:55,wallet_122,0.01494845,Outgoing,1,1,wallet_265
2025-08-20 10:42:55,wallet_265,0.01494845,Incoming,1,1,wallet_122
2025-08-20 11:16:09,wallet_398,0.00536481,Outgoing,1,3,wallet_350
2025-08-20 11:16:09,wallet_350,0.00536481,Incoming,1,3,wallet_398
2025-08-20 14:51:51,wallet_269,0.01211974,Outgoing,2,1,wallet_288
2025-08-20 14:51:51,wallet_288,0.01211974,Incoming,2,1,wallet_269
2025-08-20 15:05:51,wallet_074,0.09818497,Outgoing,1,2,wallet_129
2025-08-20 15:05:51,wallet_129,0.09818497,Incoming,1,2,wallet_074
2025-08-20 16:12:12,wallet_195,0.01178058,Outgoing,2,2,wallet_095
2025-08-20 16:12:12,wallet_095,0.01178058,Incoming,2,2,wallet_195
2025-08-20 16:19:40,wallet_070,0.6598177,Outgoing,1,2,wallet_318
2025-08-20 16:19:40,wallet_318,0.6598177,Incoming,1,2,wallet_070
2025-08-20 16:50:35,wallet_021,0.03903269,Outgoing,3,2,wallet_238
2025-08-20 16:50:35,wallet_238,0.03903269,Incoming,3,2,wallet_021
2025-08-20 17:42:18,wallet_317,0.033633,Outgoing,2,3,wallet_051
2025-08-20 17:42:18,wallet_051,0.033633,Incoming,2,3,wallet_317
2025-08-20 17:57:32,wallet_298,0.02865632,Outgoing,4,2,wallet_405
2025-08-20 17:57:32,wallet_405,0.02865632,Incoming,4,2,wallet_298
2025-08-20 18:56:38,wallet_235,0.0251531,Outgoing,1,2,wallet_042
2025-08-20 18:56:38,wallet_042,0.0251531,Incoming,1,2,wallet_235
2025-08-20 19:18:13,wallet_365,1.77793632,Outgoing,2,1,wallet_259
2025-08-20 19:18:13,wallet_259,1.77793632,Incoming,2,1,wallet_365
2025-08-20 19:26:11,wallet_259,1.73079873,Outgoing,1,2,wallet_399
2025-08-20 19:26:11,wallet_399,1.73079873,Incoming,1,2,wallet_259
2025-08-20 19:33:42,wallet_399,1.72174979,Outgoing,2,1,wallet_115
2025-08-20 19:33:42,wallet_115,1.72174979,Incoming,2,1,wallet_399
2025-08-20 19:48:30,wallet_115,1.69214813,Outgoing,2,2,wallet_289
2025-08-20 19:48:30,wallet_289,1.69214813,Incoming,2,2,wallet_115
2025-08-20 20:12:28,wallet_159,0.01887708,Outgoing,1,3,wallet_235
2025-08-20 20:12:28,wallet_235,0.01887708,Incoming,1,3,wallet_159
2025-08-21 08:04:54,wallet_043,0.03867505,Outgoing,1,1,wallet_007
2025-08-21 08:04:54,wallet_007,0.03867505,Incoming,1,1,wallet_043
2025-08-21 09:25:30,wallet_006,0.02871018,Outgoing,2,2,wallet_147
2025-08-21 09:25:30,wallet_147,0.02871018,Incoming,2,2,wallet_006
2025-08-21 10:04:30,wallet_229,0.07068779,Outgoing,1,1,wallet_359
2025-08-21 10:04:30,wallet_359,0.07068779,Incoming,1,1,wallet_229
2025-08-21 10:30:08,wallet_309,0.10855224,Outgoing,2,3,wallet_032
2025-08-21 10:30:08,wallet_032,0.10855224,Incoming,2,3,wallet_309
2025-08-21 14:51:37,wallet_187,0.0091505,Outgoing,2,1,wallet_317
2025-08-21 14:51:37,wallet_317,0.0091505,Incoming,2,1,wallet_187
2025-08-21 15:39:47,wallet_352,0.14194659,Outgoing,1,3,wallet_405
2025-08-21 15:39:47,wallet_405,0.14194659,Incoming,1,3,wallet_352
2025-08-21 16:24:43,wallet_392,0.02753056,Outgoing,1,3,wallet_378
2025-08-21 16:24:43,wallet_378,0.02753056,Incoming,1,3,wallet_392
2025-08-21 16:52:30,wallet_241,0.05671823,Outgoing,2,2,wallet_034
2025-08-21 16:52:30,wallet_034,0.05671823,Incoming,2,2,wallet_241
2025-08-21 18:13:15,wallet_387,0.00745913,Outgoing,3,1,wallet_323
2025-08-21 18:13:15,wallet_323,0.00745913,Incoming,3,1,wallet_387
2025-08-22 02:01:15,wallet_179,0.03944397,Outgoing,1,2,wallet_366
2025-08-22 02:01:15,wallet_366,0.03944397,Incoming,1,2,wallet_179
2025-08-22 02:41:55,wallet_076,0.07968642,Outgoing,2,2,wallet_294
2025-08-22 02:41:55,wallet_294,0.07968642,Incoming,2,2,wallet_076
2025-08-22 09:55:44,wallet_321,0.02951972,Outgoing,2,1,wallet_376
2025-08-22 09:55:44,wallet_376,0.02951972,Incoming,2,1,wallet_321
2025-08-22 10:04:46,wallet_294,0.17827761,Outgoing,1,2,wallet_099
2025-08-22 10:04:46,wallet_099,0.17827761,Incoming,1,2,wallet_294
2025-08-22 10:19:17,wallet_379,0.01992262,Outgoing,1,1,wallet_280
2025-08-22 10:19:17,wallet_280,0.01992262,Incoming,1,1,wallet_379
2025-08-22 11:14:58,wallet_379,0.00896036,Outgoing,2,1,wallet_280
2025-08-22 11:14:58,wallet_280,0.00896036,Incoming,2,1,wallet_379
2025-08-22 11:35:13,wallet_216,0.03701505,Outgoing,1,2,wallet_321
2025-08-22 11:35:13,wallet_321,0.03701505,Incoming,1,2,wallet_216
2025-08-22 13:08:46,wallet_187,0.01499245,Outgoing,1,2,wallet_037
2025-08-22 13:08:46,wallet_037,0.01499245,Incoming,1,2,wallet_187
2025-08-22 15:04:30,wallet_129,0.03612886,Outgoing,4,3,wallet_335
2025-08-22 15:04:30,wallet_335,0.03612886,Incoming,4,3,wallet_129
2025-08-22 15:23:08,wallet_126,0.06875297,Outgoing,3,2,wallet_282
2025-08-22 15:23:08,wallet_282,0.06875297,Incoming,3,2,wallet_126
2025-08-22 15:26:29,wallet_237,0.01625398,Outgoing,1,1,wallet_229
2025-08-22 15:26:29,wallet_229,0.01625398,Incoming,1,1,wallet_237
2025-08-22 16:08:17,wallet_371,0.69879828,Outgoing,2,2,wallet_269
2025-08-22 16:08:17,wallet_269,0.69879828,Incoming,2,2,wallet_371
2025-08-22 17:09:43,wallet_001,0.01316006,Outgoing,1,2,wallet_295
2025-08-22 17:09:43,wallet_295,0.01316006,Incoming,1,2,wallet_001
2025-08-22 17:24:51,wallet_224,0.02562317,Outgoing,1,2,wallet_277
2025-08-22 17:24:51,wallet_277,0.02562317,Incoming,1,2,wallet_224
2025-08-22 18:28:23,wallet_317,0.00572252,Outgoing,1,1,wallet_187
2025-08-22 18:28:23,wallet_187,0.00572252,Incoming,1,1,wallet_317
2025-08-23 04:42:58,wallet_384,0.0204723,Outgoing,2,2,wallet_283
2025-08-23 04:42:58,wallet_283,0.0204723,Incoming,2,2,wallet_384
2025-08-23 07:38:31,wallet_228,0.05544889,Outgoing,1,2,wallet_123
2025-08-23 07:38:31,wallet_123,0.05544889,Incoming,1,2,wallet_228
2025-08-23 07:51:53,wallet_078,0.20021731,Outgoing,1,2,wallet_345
2025-08-23 07:51:53,wallet_345,0.20021731,Incoming,1,2,wallet_078
2025-08-23 08:05:47,wallet_295,0.14586608,Outgoing,3,1,wallet_111
2025-08-23 08:05:47,wallet_111,0.14586608,Incoming,3,1,wallet_295
2025-08-23 11:16:20,wallet_384,0.00794444,Outgoing,1,1,wallet_215
2025-08-23 11:16:20,wallet_215,0.00794444,Incoming,1,1,wallet_384
2025-08-23 13:01:07,wallet_052,0.09709216,Outgoing,1,1,wallet_152
2025-08-23 13:01:07,wallet_152,0.09709216,Incoming,1,1,wallet_052
2025-08-23 13:52:24,wallet_119,0.03091971,Outgoing,3,3,wallet_249
2025-08-23 13:52:24,wallet_249,0.03091971,Incoming,3,3,wallet_119
2025-08-23 15:52:09,wallet_071,0.07932023,Outgoing,3,2,wallet_016
2025-08-23 15:52:09,wallet_016,0.07932023,Incoming,3,2,wallet_071
2025-08-23 15:52:50,wallet_027,0.09220455,Outgoing,1,2,wallet_207
2025-08-23 15:52:50,wallet_207,0.09220455,Incoming,1,2,wallet_027
2025-08-23 15:59:53,wallet_192,0.07555851,Outgoing,1,2,wallet_270
2025-08-23 15:59:53,wallet_270,0.07555851,Incoming,1,2,wallet_192
2025-08-23 16:21:33,wallet_007,0.02107214,Outgoing,2,2,wallet_381
2025-08-23 16:21:33,wallet_381,0.02107214,Incoming,2,2,wallet_007
2025-08-23 17:27:01,wallet_277,0.04623907,Outgoing,2,1,wallet_224
2025-08-23 17:27:01,wallet_224,0.04623907,Incoming,2,1,wallet_277
2025-08-23 19:07:08,wallet_016,0.04018453,Outgoing,1,2,wallet_232
2025-08-23 19:07:08,wallet_232,0.04018453,Incoming,1,2,wallet_016
2025-08-23 19:57:09,wallet_361,0.09550027,Outgoing,2,1,wallet_013
2025-08-23 19:57:09,wallet_013,0.09550027,Incoming,2,1,wallet_361
2025-08-24 06:55:34,wallet_174,0.01216473,Outgoing,1,3,wallet_095
2025-08-24 06:55:34,wallet_095,0.01216473,Incoming,1,3,wallet_174
2025-08-24 09:51:29,wallet_252,0.02324881,Outgoing,1,2,wallet_109
2025-08-24 09:51:29,wallet_109,0.02324881,Incoming,1,2,wallet_252
2025-08-24 11:07:45,wallet_131,0.10008826,Outgoing,1,2,wallet_248
2025-08-24 11:07:45,wallet_248,0.10008826,Incoming,1,2,wallet_131
2025-08-24 14:03:44,wallet_228,0.0122534,Outgoing,1,2,wallet_185
2025-08-24 14:03:44,wallet_185,0.0122534,Incoming,1,2,wallet_228
2025-08-24 14:21:25,wallet_007,0.09749768,Outgoing,2,3,wallet_146
2025-08-24 14:21:25,wallet_146,0.09749768,Incoming,2,3,wallet_007
2025-08-24 14:49:46,wallet_274,0.03388789,Outgoing,1,1,wallet_064
2025-08-24 14:49:46,wallet_064,0.03388789,Incoming,1,1,wallet_274
2025-08-24 15:48:25,wallet_068,0.25107034,Outgoing,1,1,wallet_142
2025-08-24 15:48:25,wallet_142,0.25107034,Incoming,1,1,wallet_068
2025-08-24 16:59:40,wallet_299,0.06770227,Outgoing,3,2,wallet_350
2025-08-24 16:59:40,wallet_350,0.06770227,Incoming,3,2,wallet_299
2025-08-24 22:38:41,wallet_359,0.04769449,Outgoing,3,2,wallet_152
2025-08-24 22:38:41,wallet_152,0.04769449,Incoming,3,2,wallet_359
2025-08-25 07:33:26,wallet_371,0.02772795,Outgoing,1,2,wallet_364
2025-08-25 07:33:26,wallet_364,0.02772795,Incoming,1,2,wallet_371
2025-08-25 09:52:15,wallet_102,0.12155496,Outgoing,1,3,wallet_344
2025-08-25 09:52:15,wallet_344,0.12155496,Incoming,1,3,wallet_102
2025-08-25 10:09:26,wallet_170,0.10895242,Outgoing,2,2,wallet_116
2025-08-25 10:09:26,wallet_116,0.10895242,Incoming,2,2,wallet_170
2025-08-25 12:15:00,wallet_324,0.04391167,Outgoing,1,2,wallet_143
2025-08-25 12:15:00,wallet_143,0.04391167,Incoming,1,2,wallet_324
2025-08-25 12:17:54,wallet_186,0.04805005,Outgoing,1,2,wallet_173
2025-08-25 12:17:54,wallet_173,0.04805005,Incoming,1,2,wallet_186
2025-08-25 13:19:18,wallet_376,0.01956179,Outgoing,1,2,wallet_169
2025-08-25 13:19:18,wallet_169,0.01956179,Incoming,1,2,wallet_376
2025-08-25 16:31:23,wallet_365,0.059053,Outgoing,2,2,wallet_248
2025-08-25 16:31:23,wallet_248,0.059053,Incoming,2,2,wallet_365
2025-08-25 19:47:57,wallet_262,0.05633143,Outgoing,4,2,wallet_379
2025-08-25 19:47:57,wallet_379,0.05633143,Incoming,4,2,wallet_262
2025-08-26 07:09:46,wallet_140,0.02596387,Outgoing,1,2,wallet_176
2025-08-26 07:09:46,wallet_176,0.02596387,Incoming,1,2,wallet_140
2025-08-26 09:15:22,wallet_207,0.04073687,Outgoing,2,2,wallet_268
2025-08-26 09:15:22,wallet_268,0.04073687,Incoming,2,2,wallet_207
2025-08-26 11:08:00,wallet_187,0.01095593,Outgoing,4,3,wallet_152
2025-08-26 11:08:00,wallet_152,0.01095593,Incoming,4,3,wallet_187
2025-08-26 11:38:00,wallet_266,0.07025622,Outgoing,3,1,wallet_152
2025-08-26 11:38:00,wallet_152,0.07025622,Incoming,3,1,wallet_266
2025-08-26 11:44:40,wallet_034,0.01588199,Outgoing,1,2,wallet_317
2025-08-26 11:44:40,wallet_317,0.01588199,Incoming,1,2,wallet_034
2025-08-26 14:16:36,wallet_169,0.0090318,Outgoing,2,2,wallet_376
2025-08-26 14:16:36,wallet_376,0.0090318,Incoming,2,2,wallet_169
2025-08-26 14:30:02,wallet_282,0.01548046,Outgoing,1,3,wallet_126
2025-08-26 14:30:02,wallet_126,0.01548046,Incoming,1,3,wallet_282
2025-08-26 15:21:42,wallet_057,0.02160315,Outgoing,1,1,wallet_392
2025-08-26 15:21:42,wallet_392,0.02160315,Incoming,1,1,wallet_057
2025-08-26 21:46:47,wallet_360,0.1544719,Outgoing,4,2,wallet_043
2025-08-26 21:46:47,wallet_043,0.1544719,Incoming,4,2,wallet_360
2025-08-27 09:05:05,wallet_324,0.03290271,Outgoing,1,1,wallet_140
2025-08-27 09:05:05,wallet_140,0.03290271,Incoming,1,1,wallet_324
2025-08-27 11:05:48,wallet_043,0.05711826,Outgoing,4,2,wallet_146
2025-08-27 11:05:48,wallet_146,0.05711826,Incoming,4,2,wallet_043
2025-08-27 11:34:01,wallet_104,0.11768425,Outgoing,1,3,wallet_061
2025-08-27 11:34:01,wallet_061,0.11768425,Incoming,1,3,wallet_104
2025-08-27 13:32:00,wallet_262,0.06385705,Outgoing,1,3,wallet_129
2025-08-27 13:32:00,wallet_129,0.06385705,Incoming,1,3,wallet_262
2025-08-27 14:21:46,wallet_292,0.08084163,Outgoing,2,2,wallet_331
2025-08-27 14:21:46,wallet_331,0.08084163,Incoming,2,2,wallet_292
2025-08-27 14:48:24,wallet_147,0.01461342,Outgoing,3,1,wallet_309
2025-08-27 14:48:24,wallet_309,0.01461342,Incoming,3,1,wallet_147
2025-08-27 15:10:15,wallet_297,4.33357823,Outgoing,1,1,wallet_141
2025-08-27 15:10:15,wallet_141,4.33357823,Incoming,1,1,wallet_297
2025-08-27 15:35:48,wallet_141,4.29835174,Outgoing,1,1,wallet_044
2025-08-27 15:35:48,wallet_044,4.29835174,Incoming,1,1,wallet_141
2025-08-27 15:40:15,wallet_091,0.12550411,Outgoing,1,2,wallet_408
2025-08-27 15:40:15,wallet_408,0.12550411,Incoming,1,2,wallet_091
2025-08-27 15:57:12,wallet_044,4.21166494,Outgoing,1,2,wallet_211
2025-08-27 15:57:12,wallet_211,4.21166494,Incoming,1,2,wallet_044
2025-08-27 16:15:54,wallet_211,4.14140809,Outgoing,1,1,wallet_093
2025-08-27 16:15:54,wallet_093,4.14140809,Incoming,1,1,wallet_211
2025-08-27 17:19:04,wallet_121,0.01547447,Outgoing,2,1,wallet_374
2025-08-27 17:19:04,wallet_374,0.01547447,Incoming,2,1,wallet_121
2025-08-27 18:04:34,wallet_268,5.20074548,Outgoing,2,2,wallet_134
2025-08-27 18:04:34,wallet_134,5.20074548,Incoming,2,2,wallet_268
2025-08-27 18:30:17,wallet_134,5.10875248,Outgoing,2,1,wallet_012
2025-08-27 18:30:17,wallet_012,5.10875248,Incoming,2,1,wallet_134
2025-08-27 18:46:35,wallet_012,4.986751,Outgoing,1,2,wallet_237
2025-08-27 18:46:35,wallet_237,4.986751,Incoming,1,2,wallet_012
2025-08-27 20:56:42,wallet_140,0.10207349,Outgoing,4,2,wallet_212
2025-08-27 20:56:42,wallet_212,0.10207349,Incoming,4,2,wallet_140
2025-08-28 07:18:56,wallet_313,0.03051376,Outgoing,2,3,wallet_234
2025-08-28 07:18:56,wallet_234,0.03051376,Incoming,2,3,wallet_313
2025-08-28 10:04:05,wallet_294,0.10731804,Outgoing,1,1,wallet_099
2025-08-28 10:04:05,wallet_099,0.10731804,Incoming,1,1,wallet_294
2025-08-28 10:11:40,wallet_099,0.15563406,Outgoing,3,2,wallet_114
2025-08-28 10:11:40,wallet_114,0.15563406,Incoming,3,2,wallet_099
2025-08-28 12:26:09,wallet_097,0.03454913,Outgoing,1,2,wallet_173
2025-08-28 12:26:09,wallet_173,0.03454913,Incoming,1,2,wallet_097
2025-08-28 13:54:02,wallet_397,0.1011944,Outgoing,3,2,wallet_309
2025-08-28 13:54:02,wallet_309,0.1011944,Incoming,3,2,wallet_397
2025-08-28 14:41:57,wallet_374,0.06500162,Outgoing,1,2,wallet_368
2025-08-28 14:41:57,wallet_368,0.06500162,Incoming,1,2,wallet_374
2025-08-28 18:11:10,wallet_056,0.01066807,Outgoing,2,1,wallet_402
2025-08-28 18:11:10,wallet_402,0.01066807,Incoming,2,1,wallet_056
2025-08-28 18:22:46,wallet_410,0.06828234,Outgoing,2,2,wallet_350
2025-08-28 18:22:46,wallet_350,0.06828234,Incoming,2,2,wallet_410
2025-08-29 00:11:14,wallet_145,0.06095654,Outgoing,3,3,wallet_046
2025-08-29 00:11:14,wallet_046,0.06095654,Incoming,3,3,wallet_145
2025-08-29 02:48:04,wallet_065,0.0979373,Outgoing,1,3,wallet_090
2025-08-29 02:48:04,wallet_090,0.0979373,Incoming,1,3,wallet_065
2025-08-29 09:32:00,wallet_296,0.0544908,Outgoing,1,1,wallet_228
2025-08-29 09:32:00,wallet_228,0.0544908,Incoming,1,1,wallet_296
2025-08-29 09:52:02,wallet_142,0.04825061,Outgoing,1,2,wallet_309
2025-08-29 09:52:02,wallet_309,0.04825061,Incoming,1,2,wallet_142
2025-08-29 10:17:18,wallet_046,0.14398007,Outgoing,1,2,wallet_398
2025-08-29 10:17:18,wallet_398,0.14398007,Incoming,1,2,wallet_046
2025-08-29 12:52:00,wallet_369,0.05125563,Outgoing,2,2,wallet_078
2025-08-29 12:52:00,wallet_078,0.05125563,Incoming,2,2,wallet_369
2025-08-29 12:52:00,wallet_369,0.09804073,Outgoing,1,2,wallet_275
2025-08-29 12:52:00,wallet_275,0.09804073,Incoming,1,2,wallet_369
2025-08-29 13:27:00,wallet_385,0.07488006,Outgoing,2,1,wallet_362
2025-08-29 13:27:00,wallet_362,0.07488006,Incoming,2,1,wallet_385
2025-08-29 14:02:00,wallet_296,0.02409188,Outgoing,4,1,wallet_257
2025-08-29 14:02:00,wallet_257,0.02409188,Incoming,4,1,wallet_296
2025-08-29 14:40:43,wallet_309,0.0703425,Outgoing,3,1,wallet_335
2025-08-29 14:40:43,wallet_335,0.0703425,Incoming,3,1,wallet_309
2025-08-29 14:44:00,wallet_369,0.09507714,Outgoing,1,3,wallet_219
2025-08-29 14:44:00,wallet_219,0.09507714,Incoming,1,3,wallet_369
2025-08-29 17:25:12,wallet_249,0.02446563,Outgoing,1,1,wallet_119
2025-08-29 17:25:12,wallet_119,0.02446563,Incoming,1,1,wallet_249
2025-08-29 18:26:12,wallet_016,0.04307997,Outgoing,1,1,wallet_152
2025-08-29 18:26:12,wallet_152,0.04307997,Incoming,1,1,wallet_016
2025-08-30 02:30:49,wallet_309,0.0382016,Outgoing,2,1,wallet_344
2025-08-30 02:30:49,wallet_344,0.0382016,Incoming,2,1,wallet_309
2025-08-30 07:22:27,wallet_123,0.05146358,Outgoing,1,2,wallet_253
2025-08-30 07:22:27,wallet_253,0.05146358,Incoming,1,2,wallet_123
2025-08-30 07:26:17,wallet_207,0.05245789,Outgoing,1,1,wallet_268
2025-08-30 07:26:17,wallet_268,0.05245789,Incoming,1,1,wallet_207
2025-08-30 09:05:00,wallet_369,0.11591147,Outgoing,1,2,wallet_021
2025-08-30 09:05:00,wallet_021,0.11591147,Incoming,1,2,wallet_369
2025-08-30 10:26:19,wallet_283,0.16371267,Outgoing,1,2,wallet_286
2025-08-30 10:26:19,wallet_286,0.16371267,Incoming,1,2,wallet_283
2025-08-30 10:58:21,wallet_400,0.0617213,Outgoing,2,2,wallet_166
2025-08-30 10:58:21,wallet_166,0.0617213,Incoming,2,2,wallet_400
2025-08-30 11:40:00,wallet_369,0.14423246,Outgoing,3,2,wallet_288
2025-08-30 11:40:00,wallet_288,0.14423246,Incoming,3,2,wallet_369
2025-08-30 11:47:00,wallet_296,0.06694595,Outgoing,2,2,wallet_111
2025-08-30 11:47:00,wallet_111,0.06694595,Incoming,2,2,wallet_296
2025-08-30 12:15:32,wallet_277,0.07892738,Outgoing,1,2,wallet_332
2025-08-30 12:15:32,wallet_332,0.07892738,Incoming,1,2,wallet_277
2025-08-30 12:17:41,wallet_349,0.07340444,Outgoing,2,2,wallet_263
2025-08-30 12:17:41,wallet_263,0.07340444,Incoming,2,2,wallet_349
2025-08-30 13:18:10,wallet_043,0.12052445,Outgoing,3,2,wallet_360
2025-08-30 13:18:10,wallet_360,0.12052445,Incoming,3,2,wallet_043
2025-08-30 14:30:00,wallet_296,0.12125007,Outgoing,2,2,wallet_110
2025-08-30 14:30:00,wallet_110,0.12125007,Incoming,2,2,wallet_296
2025-08-30 14:35:00,wallet_369,0.06950405,Outgoing,2,2,wallet_340
2025-08-30 14:35:00,wallet_340,0.06950405,Incoming,2,2,wallet_369
2025-08-30 15:15:25,wallet_390,0.03036032,Outgoing,4,2,wallet_267
2025-08-30 15:15:25,wallet_267,0.03036032,Incoming,4,2,wallet_390
2025-08-30 15:18:00,wallet_296,0.04063246,Outgoing,2,3,wallet_239
2025-08-30 15:18:00,wallet_239,0.04063246,Incoming,2,3,wallet_296
2025-08-30 15:30:09,wallet_145,0.00775514,Outgoing,1,3,wallet_045
2025-08-30 15:30:09,wallet_045,0.00775514,Incoming,1,3,wallet_145
2025-08-30 15:34:34,wallet_122,0.07215893,Outgoing,1,2,wallet_342
2025-08-30 15:34:34,wallet_342,0.07215893,Incoming,1,2,wallet_122
2025-08-30 15:46:00,wallet_369,0.08229676,Outgoing,2,1,wallet_386
2025-08-30 15:46:00,wallet_386,0.08229676,Incoming,2,1,wallet_369
2025-08-30 16:15:00,wallet_296,0.13506613,Outgoing,1,1,wallet_184
2025-08-30 16:15:00,wallet_184,0.13506613,Incoming,1,1,wallet_296
2025-08-30 16:55:21,wallet_270,0.01423158,Outgoing,3,2,wallet_268
2025-08-30 16:55:21,wallet_268,0.01423158,Incoming,3,2,wallet_270
2025-08-30 19:01:22,wallet_388,0.00643614,Outgoing,1,2,wallet_323
2025-08-30 19:01:22,wallet_323,0.00643614,Incoming,1,2,wallet_388
2025-08-30 21:19:50,wallet_234,0.02198045,Outgoing,1,1,wallet_124
2025-08-30 21:19:50,wallet_124,0.02198045,Incoming,1,1,wallet_234
2025-08-30 22:32:57,wallet_344,0.09939862,Outgoing,4,2,wallet_306
2025-08-30 22:32:57,wallet_306,0.09939862,Incoming,4,2,wallet_344
2025-08-31 07:23:51,wallet_164,0.01524118,Outgoing,1,2,wallet_037
2025-08-31 07:23:51,wallet_037,0.01524118,Incoming,1,2,wallet_164
2025-08-31 07:59:25,wallet_023,0.45768994,Outgoing,2,1,wallet_152
2025-08-31 07:59:25,wallet_152,0.45768994,Incoming,2,1,wallet_023
2025-08-31 08:43:06,wallet_405,0.19345555,Outgoing,1,2,wallet_385
2025-08-31 08:43:06,wallet_385,0.19345555,Incoming,1,2,wallet_405
2025-08-31 10:51:56,wallet_391,0.03154245,Outgoing,1,1,wallet_332
2025-08-31 10:51:56,wallet_332,0.03154245,Incoming,1,1,wallet_391
2025-08-31 12:01:00,wallet_296,0.02220469,Outgoing,2,1,wallet_119
2025-08-31 12:01:00,wallet_119,0.02220469,Incoming,2,1,wallet_296
2025-08-31 12:47:00,wallet_296,0.13053875,Outgoing,1,3,wallet_083
2025-08-31 12:47:00,wallet_083,0.13053875,Incoming,1,3,wallet_296
2025-08-31 12:58:00,wallet_369,0.07384369,Outgoing,1,3,wallet_189
2025-08-31 12:58:00,wallet_189,0.07384369,Incoming,1,3,wallet_369
2025-08-31 13:34:21,wallet_229,0.0337209,Outgoing,1,1,wallet_237
2025-08-31 13:34:21,wallet_237,0.0337209,Incoming,1,1,wallet_229
2025-08-31 13:55:01,wallet_140,0.03863216,Outgoing,1,2,wallet_257
2025-08-31 13:55:01,wallet_257,0.03863216,Incoming,1,2,wallet_140
2025-08-31 14:32:26,wallet_324,2.63644281,Outgoing,1,3,wallet_109
2025-08-31 14:32:26,wallet_109,2.63644281,Incoming,1,3,wallet_324
2025-08-31 15:02:10,wallet_045,0.0062035,Outgoing,1,1,wallet_193
2025-08-31 15:02:10,wallet_193,0.0062035,Incoming,1,1,wallet_045
2025-08-31 18:01:02,wallet_267,0.01939976,Outgoing,4,1,wallet_278
2025-08-31 18:01:02,wallet_278,0.01939976,Incoming,4,1,wallet_267
2025-08-31 20:06:42,wallet_334,0.05483693,Outgoing,1,2,wallet_365
2025-08-31 20:06:42,wallet_365,0.05483693,Incoming,1,2,wallet_334
2025-08-31 21:03:52,wallet_007,0.07304894,Outgoing,2,3,wallet_037
2025-08-31 21:03:52,wallet_037,0.07304894,Incoming,2,3,wallet_007
2025-08-31 22:48:14,wallet_170,0.07152302,Outgoing,2,2,wallet_091
2025-08-31 22:48:14,wallet_091,0.07152302,Incoming,2,2,wallet_170
2025-09-01 08:33:45,wallet_405,0.07642737,Outgoing,2,1,wallet_298
2025-09-01 08:33:45,wallet_298,0.07642737,Incoming,2,1,wallet_405
2025-09-01 08:52:28,wallet_124,0.15016289,Outgoing,1,3,wallet_149
2025-09-01 08:52:28,wallet_149,0.15016289,Incoming,1,3,wallet_124
2025-09-01 09:28:00,wallet_344,0.09808791,Outgoing,1,2,wallet_119
2025-09-01 09:28:00,wallet_119,0.09808791,Incoming,1,2,wallet_344
2025-09-01 09:32:03,wallet_217,0.03923283,Outgoing,1,2,wallet_158
2025-09-01 09:32:03,wallet_158,0.03923283,Incoming,1,2,wallet_217
2025-09-01 09:42:47,wallet_173,0.02647015,Outgoing,1,2,wallet_202
2025-09-01 09:42:47,wallet_202,0.02647015,Incoming,1,2,wallet_173
2025-09-01 10:51:00,wallet_280,0.01069442,Outgoing,1,2,wallet_350
2025-09-01 10:51:00,wallet_350,0.01069442,Incoming,1,2,wallet_280
2025-09-01 14:03:21,wallet_169,0.01891311,Outgoing,2,2,wallet_378
2025-09-01 14:03:21,wallet_378,0.01891311,Incoming,2,2,wallet_169
2025-09-01 15:59:01,wallet_091,0.05832362,Outgoing,2,2,wallet_170
2025-09-01 15:59:01,wallet_170,0.05832362,Incoming,2,2,wallet_091
2025-09-01 16:43:44,wallet_170,0.03112564,Outgoing,1,2,wallet_265
2025-09-01 16:43:44,wallet_265,0.03112564,Incoming,1,2,wallet_170
2025-09-01 18:28:37,wallet_329,0.02589433,Outgoing,2,2,wallet_164
2025-09-01 18:28:37,wallet_164,0.02589433,Incoming,2,2,wallet_329
2025-09-01 20:25:47,wallet_309,0.1356454,Outgoing,3,2,wallet_335
2025-09-01 20:25:47,wallet_335,0.1356454,Incoming,3,2,wallet_309
2025-09-02 06:15:44,wallet_193,0.04016667,Outgoing,2,2,wallet_065
2025-09-02 06:15:44,wallet_065,0.04016667,Incoming,2,2,wallet_193
2025-09-02 09:10:53,wallet_217,0.08693294,Outgoing,3,3,wallet_262
2025-09-02 09:10:53,wallet_262,0.08693294,Incoming,3,3,wallet_217
2025-09-02 09:40:27,wallet_027,0.03782861,Outgoing,2,2,wallet_007
2025-09-02 09:40:27,wallet_007,0.03782861,Incoming,2,2,wallet_027
2025-09-02 11:25:14,wallet_089,0.12760443,Outgoing,1,1,wallet_065
2025-09-02 11:25:14,wallet_065,0.12760443,Incoming,1,1,wallet_089
2025-09-02 12:20:23,wallet_198,0.04005965,Outgoing,1,1,wallet_013
2025-09-02 12:20:23,wallet_013,0.04005965,Incoming,1,1,wallet_198
2025-09-02 13:33:28,wallet_342,0.06534611,Outgoing,2,2,wallet_122
2025-09-02 13:33:28,wallet_122,0.06534611,Incoming,2,2,wallet_342
2025-09-02 14:00:12,wallet_404,0.14716037,Outgoing,1,2,wallet_055
2025-09-02 14:00:12,wallet_055,0.14716037,Incoming,1,2,wallet_404
2025-09-02 17:15:04,wallet_278,0.06074231,Outgoing,1,2,wallet_146
2025-09-02 17:15:04,wallet_146,0.06074231,Incoming,1,2,wallet_278
2025-09-02 22:45:33,wallet_254,0.13044062,Outgoing,2,2,wallet_262
2025-09-02 22:45:33,wallet_262,0.13044062,Incoming,2,2,wallet_254
2025-09-03 06:19:59,wallet_074,0.052728,Outgoing,1,2,wallet_129
2025-09-03 06:19:59,wallet_129,0.052728,Incoming,1,2,wallet_074
2025-09-03 07:56:34,wallet_038,2.26004199,Outgoing,1,2,wallet_148
2025-09-03 07:56:34,wallet_148,2.26004199,Incoming,1,2,wallet_038
2025-09-03 08:09:34,wallet_148,2.20999081,Outgoing,2,1,wallet_191
2025-09-03 08:09:34,wallet_191,2.20999081,Incoming,2,1,wallet_148
2025-09-03 08:17:50,wallet_191,2.19118823,Outgoing,1,2,wallet_162
2025-09-03 08:17:50,wallet_162,2.19118823,Incoming,1,2,wallet_191
2025-09-03 08:39:18,wallet_331,0.03874919,Outgoing,1,3,wallet_298
2025-09-03 08:39:18,wallet_298,0.03874919,Incoming,1,3,wallet_331
2025-09-03 13:31:57,wallet_271,0.01719862,Outgoing,1,1,wallet_332
2025-09-03 13:31:57,wallet_332,0.01719862,Incoming,1,1,wallet_271
2025-09-03 17:53:46,wallet_170,2.81652348,Outgoing,1,3,wallet_015
2025-09-03 17:53:46,wallet_015,2.81652348,Incoming,1,3,wallet_170
2025-09-03 19:24:14,wallet_271,0.04858947,Outgoing,2,3,wallet_267
2025-09-03 19:24:14,wallet_267,0.04858947,Incoming,2,3,wallet_271
2025-09-03 19:58:49,wallet_333,0.03916021,Outgoing,2,2,wallet_045
2025-09-03 19:58:49,wallet_045,0.03916021,Incoming,2,2,wallet_333
2025-09-04 01:33:41,wallet_314,0.02773742,Outgoing,1,1,wallet_257
2025-09-04 01:33:41,wallet_257,0.02773742,Incoming,1,1,wallet_314
2025-09-04 02:15:44,wallet_202,0.01590469,Outgoing,2,1,wallet_278
2025-09-04 02:15:44,wallet_278,0.01590469,Incoming,2,1,wallet_202
2025-09-04 06:52:22,wallet_123,0.07276823,Outgoing,3,3,wallet_228
2025-09-04 06:52:22,wallet_228,0.07276823,Incoming,3,3,wallet_123
2025-09-04 08:57:55,wallet_131,0.0451244,Outgoing,1,2,wallet_248
2025-09-04 08:57:55,wallet_248,0.0451244,Incoming,1,2,wallet_131
2025-09-04 12:33:55,wallet_248,0.04712706,Outgoing,1,2,wallet_076
2025-09-04 12:33:55,wallet_076,0.04712706,Incoming,1,2,wallet_248
2025-09-04 13:04:32,wallet_076,0.05029933,Outgoing,1,2,wallet_248
2025-09-04 13:04:32,wallet_248,0.05029933,Incoming,1,2,wallet_076
2025-09-04 13:48:12,wallet_209,0.02618134,Outgoing,1,2,wallet_183
2025-09-04 13:48:12,wallet_183,0.02618134,Incoming,1,2,wallet_209
2025-09-04 13:53:28,wallet_346,0.15419723,Outgoing,3,2,wallet_360
2025-09-04 13:53:28,wallet_360,0.15419723,Incoming,3,2,wallet_346
2025-09-04 14:49:11,wallet_216,0.04996228,Outgoing,1,3,wallet_091
2025-09-04 14:49:11,wallet_091,0.04996228,Incoming,1,3,wallet_216
2025-09-04 15:22:02,wallet_377,0.58263643,Outgoing,1,2,wallet_352
2025-09-04 15:22:02,wallet_352,0.58263643,Incoming,1,2,wallet_377
2025-09-04 16:22:53,wallet_045,0.00861066,Outgoing,1,1,wallet_145
2025-09-04 16:22:53,wallet_145,0.00861066,Incoming,1,1,wallet_045
2025-09-04 16:32:18,wallet_371,0.48987634,Outgoing,2,2,wallet_042
2025-09-04 16:32:18,wallet_042,0.48987634,Incoming,2,2,wallet_371
2025-09-04 17:28:04,wallet_234,0.05827384,Outgoing,1,2,wallet_224
2025-09-04 17:28:04,wallet_224,0.05827384,Incoming,1,2,wallet_234
2025-09-04 18:11:04,wallet_068,0.2306715,Outgoing,4,2,wallet_201
2025-09-04 18:11:04,wallet_201,0.2306715,Incoming,4,2,wallet_068
2025-09-04 19:38:08,wallet_145,0.00535737,Outgoing,1,2,wallet_045
2025-09-04 19:38:08,wallet_045,0.00535737,Incoming,1,2,wallet_145
2025-09-04 22:28:22,wallet_280,0.04561699,Outgoing,3,2,wallet_319
2025-09-04 22:28:22,wallet_319,0.04561699,Incoming,3,2,wallet_280
2025-09-05 00:58:02,wallet_143,0.1248523,Outgoing,1,3,wallet_313
2025-09-05 00:58:02,wallet_313,0.1248523,Incoming,1,3,wallet_143
2025-09-05 06:11:00,wallet_190,0.02440614,Outgoing,3,2,wallet_086
2025-09-05 06:11:00,wallet_086,0.02440614,Incoming,3,2,wallet_190
2025-09-05 10:50:18,wallet_230,0.06770903,Outgoing,1,3,wallet_324
2025-09-05 10:50:18,wallet_324,0.06770903,Incoming,1,3,wallet_230
2025-09-05 12:58:14,wallet_107,0.02765823,Outgoing,3,2,wallet_015
2025-09-05 12:58:14,wallet_015,0.02765823,Incoming,3,2,wallet_107
2025-09-05 13:41:57,wallet_100,0.02568307,Outgoing,3,3,wallet_319
2025-09-05 13:41:57,wallet_319,0.02568307,Incoming,3,3,wallet_100
2025-09-05 14:00:10,wallet_298,0.27914076,Outgoing,2,2,wallet_405
2025-09-05 14:00:10,wallet_405,0.27914076,Incoming,2,2,wallet_298
2025-09-05 14:07:59,wallet_396,0.04808334,Outgoing,1,2,wallet_052
2025-09-05 14:07:59,wallet_052,0.04808334,Incoming,1,2,wallet_396
2025-09-05 14:15:37,wallet_051,0.1174072,Outgoing,1,1,wallet_034
2025-09-05 14:15:37,wallet_034,0.1174072,Incoming,1,1,wallet_051
2025-09-05 14:51:37,wallet_047,0.0073584,Outgoing,1,1,wallet_095
2025-09-05 14:51:37,wallet_095,0.0073584,Incoming,1,1,wallet_047
2025-09-05 15:30:53,wallet_095,0.04013006,Outgoing,1,1,wallet_041
2025-09-05 15:30:53,wallet_041,0.04013006,Incoming,1,1,wallet_095
2025-09-05 16:31:08,wallet_143,0.08662727,Outgoing,1,2,wallet_313
2025-09-05 16:31:08,wallet_313,0.08662727,Incoming,1,2,wallet_143
2025-09-05 18:16:30,wallet_401,0.01897529,Outgoing,1,1,wallet_021
2025-09-05 18:16:30,wallet_021,0.01897529,Incoming,1,1,wallet_401
2025-09-05 21:07:54,wallet_323,0.00371226,Outgoing,1,3,wallet_232
2025-09-05 21:07:54,wallet_232,0.00371226,Incoming,1,3,wallet_323
2025-09-06 06:15:15,wallet_320,0.01677861,Outgoing,3,1,wallet_392
2025-09-06 06:15:15,wallet_392,0.01677861,Incoming,3,1,wallet_320
2025-09-06 08:00:17,wallet_107,0.02112197,Outgoing,1,2,wallet_343
2025-09-06 08:00:17,wallet_343,0.02112197,Incoming,1,2,wallet_107
2025-09-06 08:19:57,wallet_100,0.15626172,Outgoing,2,3,wallet_046
2025-09-06 08:19:57,wallet_046,0.15626172,Incoming,2,3,wallet_100
2025-09-06 09:12:03,wallet_340,0.05549055,Outgoing,4,1,wallet_248
2025-09-06 09:12:03,wallet_248,0.05549055,Incoming,4,1,wallet_340
2025-09-06 09:15:33,wallet_132,0.10627887,Outgoing,1,3,wallet_362
2025-09-06 09:15:33,wallet_362,0.10627887,Incoming,1,3,wallet_132
2025-09-06 12:46:15,wallet_279,0.07416285,Outgoing,1,3,wallet_218
2025-09-06 12:46:15,wallet_218,0.07416285,Incoming,1,3,wallet_279
2025-09-06 14:20:35,wallet_313,0.01692359,Outgoing,1,2,wallet_127
2025-09-06 14:20:35,wallet_127,0.01692359,Incoming,1,2,wallet_313
2025-09-06 14:55:45,wallet_130,0.04878134,Outgoing,1,2,wallet_324
2025-09-06 14:55:45,wallet_324,0.04878134,Incoming,1,2,wallet_130
2025-09-06 16:00:43,wallet_323,0.04906398,Outgoing,3,2,wallet_362
2025-09-06 16:00:43,wallet_362,0.04906398,Incoming,3,2,wallet_323
2025-09-06 17:27:01,wallet_006,0.03227971,Outgoing,1,1,wallet_239
2025-09-06 17:27:01,wallet_239,0.03227971,Incoming,1,1,wallet_006
2025-09-06 17:33:48,wallet_076,0.0513221,Outgoing,1,1,wallet_248
2025-09-06 17:33:48,wallet_248,0.0513221,Incoming,1,1,wallet_076
2025-09-07 03:25:52,wallet_032,0.07118812,Outgoing,1,1,wallet_309
2025-09-07 03:25:52,wallet_309,0.07118812,Incoming,1,1,wallet_032
2025-09-07 06:58:58,wallet_300,0.32341207,Outgoing,2,3,wallet_389
2025-09-07 06:58:58,wallet_389,0.32341207,Incoming,2,3,wallet_300
2025-09-07 07:16:36,wallet_133,0.02379349,Outgoing,1,1,wallet_317
2025-09-07 07:16:36,wallet_317,0.02379349,Incoming,1,1,wallet_133
2025-09-07 08:29:10,wallet_248,0.07219421,Outgoing,3,2,wallet_131
2025-09-07 08:29:10,wallet_131,0.07219421,Incoming,3,2,wallet_248
2025-09-07 09:01:33,wallet_224,0.03513777,Outgoing,2,1,wallet_342
2025-09-07 09:01:33,wallet_342,0.03513777,Incoming,2,1,wallet_224
2025-09-07 13:00:39,wallet_344,0.09841935,Outgoing,2,2,wallet_384
2025-09-07 13:00:39,wallet_384,0.09841935,Incoming,2,2,wallet_344
2025-09-07 13:12:42,wallet_153,0.04440149,Outgoing,1,1,wallet_402
2025-09-07 13:12:42,wallet_402,0.04440149,Incoming,1,1,wallet_153
2025-09-07 14:22:59,wallet_037,0.0398514,Outgoing,2,3,wallet_078
2025-09-07 14:22:59,wallet_078,0.0398514,Incoming,2,3,wallet_037
2025-09-07 17:22:18,wallet_208,0.09418964,Outgoing,1,2,wallet_192
2025-09-07 17:22:18,wallet_192,0.09418964,Incoming,1,2,wallet_208
2025-09-07 17:35:54,wallet_142,0.04051323,Outgoing,1,1,wallet_104
2025-09-07 17:35:54,wallet_104,0.04051323,Incoming,1,1,wallet_142
2025-09-07 20:02:05,wallet_261,0.01835897,Outgoing,4,1,wallet_389
2025-09-07 20:02:05,wallet_389,0.01835897,Incoming,4,1,wallet_261
2025-09-07 20:51:45,wallet_343,0.02329362,Outgoing,1,2,wallet_008
2025-09-07 20:51:45,wallet_008,0.02329362,Incoming,1,2,wallet_343
2025-09-07 22:42:21,wallet_344,0.0439369,Outgoing,2,1,wallet_283
2025-09-07 22:42:21,wallet_283,0.0439369,Incoming,2,1,wallet_344
2025-09-07 23:48:29,wallet_404,0.02504943,Outgoing,1,1,wallet_047
2025-09-07 23:48:29,wallet_047,0.02504943,Incoming,1,1,wallet_404
2025-09-08 03:10:47,wallet_076,0.03892945,Outgoing,2,1,wallet_114
2025-09-08 03:10:47,wallet_114,0.03892945,Incoming,2,1,wallet_076
2025-09-08 06:20:33,wallet_105,0.02753522,Outgoing,2,2,wallet_068
2025-09-08 06:20:33,wallet_068,0.02753522,Incoming,2,2,wallet_105
2025-09-08 09:06:56,wallet_195,0.1250189,Outgoing,1,3,wallet_292
2025-09-08 09:06:56,wallet_292,0.1250189,Incoming,1,3,wallet_195
2025-09-08 09:20:31,wallet_153,0.01615469,Outgoing,2,1,wallet_350
2025-09-08 09:20:31,wallet_350,0.01615469,Incoming,2,1,wallet_153
2025-09-08 10:52:59,wallet_318,0.01963008,Outgoing,2,2,wallet_261
2025-09-08 10:52:59,wallet_261,0.01963008,Incoming,2,2,wallet_318
2025-09-08 11:46:34,wallet_128,0.0341493,Outgoing,2,2,wallet_284
2025-09-08 11:46:34,wallet_284,0.0341493,Incoming,2,2,wallet_128
2025-09-08 12:21:27,wallet_047,0.03747291,Outgoing,1,2,wallet_251
2025-09-08 12:21:27,wallet_251,0.03747291,Incoming,1,2,wallet_047
2025-09-08 12:26:46,wallet_064,0.03389552,Outgoing,2,2,wallet_297
2025-09-08 12:26:46,wallet_297,0.03389552,Incoming,2,2,wallet_064
2025-09-08 12:47:09,wallet_107,0.06984369,Outgoing,2,2,wallet_344
2025-09-08 12:47:09,wallet_344,0.06984369,Incoming,2,2,wallet_107
2025-09-08 12:51:01,wallet_238,0.07171741,Outgoing,3,2,wallet_144
2025-09-08 12:51:01,wallet_144,0.07171741,Incoming,3,2,wallet_238
2025-09-08 13:25:34,wallet_313,0.14486017,Outgoing,1,2,wallet_143
2025-09-08 13:25:34,wallet_143,0.14486017,Incoming,1,2,wallet_313
2025-09-08 14:34:42,wallet_188,0.0113896,Outgoing,1,2,wallet_258
2025-09-08 14:34:42,wallet_258,0.0113896,Incoming,1,2,wallet_188
2025-09-08 14:46:36,wallet_340,0.05169615,Outgoing,1,1,wallet_248
2025-09-08 14:46:36,wallet_248,0.05169615,Incoming,1,1,wallet_340
2025-09-08 16:11:14,wallet_093,0.17358517,Outgoing,1,1,wallet_040
2025-09-08 16:11:14,wallet_040,0.17358517,Incoming,1,1,wallet_093
2025-09-08 16:59:40,wallet_268,0.10264739,Outgoing,3,2,wallet_043
2025-09-08 16:59:40,wallet_043,0.10264739,Incoming,3,2,wallet_268
2025-09-08 17:01:54,wallet_091,0.02116603,Outgoing,1,2,wallet_182
2025-09-08 17:01:54,wallet_182,0.02116603,Incoming,1,2,wallet_091
2025-09-08 21:26:55,wallet_104,0.32073019,Outgoing,1,2,wallet_378
2025-09-08 21:26:55,wallet_378,0.32073019,Incoming,1,2,wallet_104
2025-09-09 06:05:35,wallet_054,0.1346855,Outgoing,1,3,wallet_236
2025-09-09 06:05:35,wallet_236,0.1346855,Incoming,1,3,wallet_054
2025-09-09 08:39:00,wallet_193,0.05813176,Outgoing,1,2,wallet_122
2025-09-09 08:39:00,wallet_122,0.05813176,Incoming,1,2,wallet_193
2025-09-09 08:42:07,wallet_216,0.06043856,Outgoing,1,1,wallet_142
2025-09-09 08:42:07,wallet_142,0.06043856,Incoming,1,1,wallet_216
2025-09-09 08:55:44,wallet_064,0.02855809,Outgoing,4,2,wallet_037
2025-09-09 08:55:44,wallet_037,0.02855809,Incoming,4,2,wallet_064
2025-09-09 11:06:36,wallet_020,0.02088525,Outgoing,2,2,wallet_112
2025-09-09 11:06:36,wallet_112,0.02088525,Incoming,2,2,wallet_020
2025-09-09 11:41:03,wallet_199,2.90787946,Outgoing,1,2,wallet_075
2025-09-09 11:41:03,wallet_075,2.90787946,Incoming,1,2,wallet_199
2025-09-09 12:00:41,wallet_001,0.03766238,Outgoing,1,1,wallet_146
2025-09-09 12:00:41,wallet_146,0.03766238,Incoming,1,1,wallet_001
2025-09-09 12:04:20,wallet_034,0.04373856,Outgoing,2,2,wallet_317
2025-09-09 12:04:20,wallet_317,0.04373856,Incoming,2,2,wallet_034
2025-09-09 12:14:46,wallet_075,0.20286602,Outgoing,1,6,wallet_364
2025-09-09 12:14:46,wallet_364,0.20286602,Incoming,1,6,wallet_075
2025-09-09 12:19:14,wallet_075,0.18113644,Outgoing,1,4,wallet_001
2025-09-09 12:19:14,wallet_001,0.18113644,Incoming,1,4,wallet_075
2025-09-09 12:22:50,wallet_217,0.15214284,Outgoing,2,3,wallet_262
2025-09-09 12:22:50,wallet_262,0.15214284,Incoming,2,3,wallet_217
2025-09-09 12:41:20,wallet_075,0.19529318,Outgoing,2,6,wallet_354
2025-09-09 12:41:20,wallet_354,0.19529318,Incoming,2,6,wallet_075
2025-09-09 12:44:38,wallet_269,0.0111,Outgoing,1,1,wallet_234
2025-09-09 12:44:38,wallet_234,0.0111,Incoming,1,1,wallet_269
2025-09-09 12:58:46,wallet_319,0.037109,Outgoing,4,1,wallet_160
2025-09-09 12:58:46,wallet_160,0.037109,Incoming,4,1,wallet_319
2025-09-09 13:01:34,wallet_075,0.20658052,Outgoing,1,5,wallet_210
2025-09-09 13:01:34,wallet_210,0.20658052,Incoming,1,5,wallet_075
2025-09-09 13:15:46,wallet_075,0.20231109,Outgoing,1,4,wallet_159
2025-09-09 13:15:46,wallet_159,0.20231109,Incoming,1,4,wallet_075
2025-09-09 13:37:33,wallet_075,0.17527871,Outgoing,2,3,wallet_169
2025-09-09 13:37:33,wallet_169,0.17527871,Incoming,2,3,wallet_075
2025-09-09 13:58:10,wallet_075,0.18766517,Outgoing,1,3,wallet_188
2025-09-09 13:58:10,wallet_188,0.18766517,Incoming,1,3,wallet_075
2025-09-09 14:05:16,wallet_075,0.19505111,Outgoing,1,7,wallet_008
2025-09-09 14:05:16,wallet_008,0.19505111,Incoming,1,7,wallet_075
2025-09-09 14:05:19,wallet_051,0.05347467,Outgoing,1,2,wallet_241
2025-09-09 14:05:19,wallet_241,0.05347467,Incoming,1,2,wallet_051
2025-09-09 14:09:50,wallet_075,0.17565457,Outgoing,2,5,wallet_398
2025-09-09 14:09:50,wallet_398,0.17565457,Incoming,2,5,wallet_075
2025-09-09 14:33:52,wallet_075,0.18529046,Outgoing,2,7,wallet_179
2025-09-09 14:33:52,wallet_179,0.18529046,Incoming,2,7,wallet_075
2025-09-09 14:56:23,wallet_075,0.1854504,Outgoing,2,7,wallet_133
2025-09-09 14:56:23,wallet_133,0.1854504,Incoming,2,7,wallet_075
2025-09-09 15:14:29,wallet_075,0.19431701,Outgoing,1,5,wallet_045
2025-09-09 15:14:29,wallet_045,0.19431701,Incoming,1,5,wallet_075
2025-09-09 15:35:25,wallet_075,0.20522183,Outgoing,1,6,wallet_376
2025-09-09 15:35:25,wallet_376,0.20522183,Incoming,1,6,wallet_075
2025-09-09 16:00:23,wallet_075,0.19302552,Outgoing,1,7,wallet_132
2025-09-09 16:00:23,wallet_132,0.19302552,Incoming,1,7,wallet_075
2025-09-09 16:22:21,wallet_075,0.18267697,Outgoing,2,3,wallet_375
2025-09-09 16:22:21,wallet_375,0.18267697,Incoming,2,3,wallet_075
2025-09-09 16:58:59,wallet_309,0.01569211,Outgoing,4,1,wallet_147
2025-09-09 16:58:59,wallet_147,0.01569211,Incoming,4,1,wallet_309
2025-09-09 18:30:29,wallet_228,0.05564075,Outgoing,1,2,wallet_123
2025-09-09 18:30:29,wallet_123,0.05564075,Incoming,1,2,wallet_228
2025-09-09 19:07:43,wallet_097,0.01310602,Outgoing,1,2,wallet_169
2025-09-09 19:07:43,wallet_169,0.01310602,Incoming,1,2,wallet_097
2025-09-09 21:09:16,wallet_038,0.01428657,Outgoing,1,2,wallet_408
2025-09-09 21:09:16,wallet_408,0.01428657,Incoming,1,2,wallet_038
2025-09-10 01:26:16,wallet_349,0.14714139,Outgoing,3,2,wallet_146
2025-09-10 01:26:16,wallet_146,0.14714139,Incoming,3,2,wallet_349
2025-09-10 05:43:33,wallet_192,0.02156281,Outgoing,1,2,wallet_287
2025-09-10 05:43:33,wallet_287,0.02156281,Incoming,1,2,wallet_192
2025-09-10 06:06:06,wallet_142,0.03654524,Outgoing,3,2,wallet_088
2025-09-10 06:06:06,wallet_088,0.03654524,Incoming,3,2,wallet_142
2025-09-10 07:05:47,wallet_105,0.02694229,Outgoing,2,2,wallet_319
2025-09-10 07:05:47,wallet_319,0.02694229,Incoming,2,2,wallet_105
2025-09-10 08:33:23,wallet_097,0.011055,Outgoing,3,1,wallet_169
2025-09-10 08:33:23,wallet_169,0.011055,Incoming,3,1,wallet_097
2025-09-10 09:53:37,wallet_052,0.02764502,Outgoing,1,1,wallet_396
2025-09-10 09:53:37,wallet_396,0.02764502,Incoming,1,1,wallet_052
2025-09-10 12:18:48,wallet_057,0.02669182,Outgoing,1,1,wallet_146
2025-09-10 12:18:48,wallet_146,0.02669182,Incoming,1,1,wallet_057
2025-09-10 13:03:31,wallet_263,0.09885904,Outgoing,1,2,wallet_350
2025-09-10 13:03:31,wallet_350,0.09885904,Incoming,1,2,wallet_263
2025-09-10 13:19:45,wallet_091,0.05581444,Outgoing,1,2,wallet_008
2025-09-10 13:19:45,wallet_008,0.05581444,Incoming,1,2,wallet_091
2025-09-10 13:23:52,wallet_207,0.17492995,Outgoing,2,2,wallet_268
2025-09-10 13:23:52,wallet_268,0.17492995,Incoming,2,2,wallet_207
2025-09-10 14:37:41,wallet_261,0.01721852,Outgoing,3,2,wallet_316
2025-09-10 14:37:41,wallet_316,0.01721852,Incoming,3,2,wallet_261
2025-09-10 14:47:08,wallet_010,0.07203494,Outgoing,1,1,wallet_350
2025-09-10 14:47:08,wallet_350,0.07203494,Incoming,1,1,wallet_010
2025-09-10 14:56:20,wallet_013,0.07302758,Outgoing,1,3,wallet_289
2025-09-10 14:56:20,wallet_289,0.07302758,Incoming,1,3,wallet_013
2025-09-10 14:57:28,wallet_068,0.03409616,Outgoing,2,2,wallet_105
2025-09-10 14:57:28,wallet_105,0.03409616,Incoming,2,2,wallet_068
2025-09-10 16:55:16,wallet_036,0.08710932,Outgoing,1,1,wallet_152
2025-09-10 16:55:16,wallet_152,0.08710932,Incoming,1,1,wallet_036
2025-09-11 09:04:46,wallet_068,0.13440878,Outgoing,2,2,wallet_350
2025-09-11 09:04:46,wallet_350,0.13440878,Incoming,2,2,wallet_068
2025-09-11 11:47:11,wallet_188,0.02624076,Outgoing,1,1,wallet_317
2025-09-11 11:47:11,wallet_317,0.02624076,Incoming,1,1,wallet_188
2025-09-11 14:35:53,wallet_404,0.01634545,Outgoing,1,3,wallet_386
2025-09-11 14:35:53,wallet_386,0.01634545,Incoming,1,3,wallet_404
2025-09-11 17:14:57,wallet_393,0.06064404,Outgoing,2,2,wallet_016
2025-09-11 17:14:57,wallet_016,0.06064404,Incoming,2,2,wallet_393
2025-09-11 22:00:27,wallet_015,0.00773757,Outgoing,1,1,wallet_265
2025-09-11 22:00:27,wallet_265,0.00773757,Incoming,1,1,wallet_015
2025-09-12 10:30:55,wallet_100,1.24008333,Outgoing,1,2,wallet_018
2025-09-12 10:30:55,wallet_018,1.24008333,Incoming,1,2,wallet_100
2025-09-12 11:37:09,wallet_255,0.10951166,Outgoing,1,2,wallet_094
2025-09-12 11:37:09,wallet_094,0.10951166,Incoming,1,2,wallet_255
2025-09-12 12:00:49,wallet_113,0.04410819,Outgoing,3,3,wallet_219
2025-09-12 12:00:49,wallet_219,0.04410819,Incoming,3,3,wallet_113
2025-09-12 12:38:47,wallet_277,0.03138935,Outgoing,1,3,wallet_071
2025-09-12 12:38:47,wallet_071,0.03138935,Incoming,1,3,wallet_277
2025-09-12 13:41:20,wallet_137,0.0185993,Outgoing,2,2,wallet_160
2025-09-12 13:41:20,wallet_160,0.0185993,Incoming,2,2,wallet_137
2025-09-12 14:21:06,wallet_297,0.04109984,Outgoing,1,2,wallet_052
2025-09-12 14:21:06,wallet_052,0.04109984,Incoming,1,2,wallet_297
2025-09-12 16:58:58,wallet_270,0.02098375,Outgoing,1,1,wallet_202
2025-09-12 16:58:58,wallet_202,0.02098375,Incoming,1,1,wallet_270
2025-09-12 17:45:18,wallet_118,0.01248038,Outgoing,1,2,wallet_231
2025-09-12 17:45:18,wallet_231,0.01248038,Incoming,1,2,wallet_118
2025-09-12 18:10:31,wallet_271,0.09154577,Outgoing,2,3,wallet_194
2025-09-12 18:10:31,wallet_194,0.09154577,Incoming,2,3,wallet_271
2025-09-12 18:28:43,wallet_042,0.04139734,Outgoing,1,1,wallet_350
2025-09-12 18:28:43,wallet_350,0.04139734,Incoming,1,1,wallet_042
2025-09-12 22:33:38,wallet_197,0.02175196,Outgoing,1,2,wallet_237
2025-09-12 22:33:38,wallet_237,0.02175196,Incoming,1,2,wallet_197
2025-09-13 01:42:34,wallet_239,0.13407246,Outgoing,2,2,wallet_309
2025-09-13 01:42:34,wallet_309,0.13407246,Incoming,2,2,wallet_239
2025-09-13 07:08:03,wallet_147,0.0157011,Outgoing,1,1,wallet_145
2025-09-13 07:08:03,wallet_145,0.0157011,Incoming,1,1,wallet_147
2025-09-13 08:26:24,wallet_056,0.01342053,Outgoing,4,1,wallet_104
2025-09-13 08:26:24,wallet_104,0.01342053,Incoming,4,1,wallet_056
2025-09-13 08:31:08,wallet_139,0.07112417,Outgoing,2,1,wallet_095
2025-09-13 08:31:08,wallet_095,0.07112417,Incoming,2,1,wallet_139
2025-09-13 08:31:50,wallet_094,0.01721683,Outgoing,1,2,wallet_089
2025-09-13 08:31:50,wallet_089,0.01721683,Incoming,1,2,wallet_094
2025-09-13 08:38:16,wallet_074,0.10883969,Outgoing,2,2,wallet_073
2025-09-13 08:38:16,wallet_073,0.10883969,Incoming,2,2,wallet_074
2025-09-13 09:57:15,wallet_078,0.03104836,Outgoing,1,2,wallet_396
2025-09-13 09:57:15,wallet_396,0.03104836,Incoming,1,2,wallet_078
2025-09-13 11:10:37,wallet_147,0.01140728,Outgoing,3,2,wallet_032
2025-09-13 11:10:37,wallet_032,0.01140728,Incoming,3,2,wallet_147
2025-09-13 12:07:33,wallet_316,0.02811532,Outgoing,1,2,wallet_242
2025-09-13 12:07:33,wallet_242,0.02811532,Incoming,1,2,wallet_316
2025-09-13 13:21:15,wallet_331,0.03784828,Outgoing,2,2,wallet_097
2025-09-13 13:21:15,wallet_097,0.03784828,Incoming,2,2,wallet_331
2025-09-13 15:36:03,wallet_372,0.0184638,Outgoing,2,2,wallet_146
2025-09-13 15:36:03,wallet_146,0.0184638,Incoming,2,2,wallet_372
2025-09-13 15:43:24,wallet_105,0.06689068,Outgoing,1,2,wallet_344
2025-09-13 15:43:24,wallet_344,0.06689068,Incoming,1,2,wallet_105
2025-09-13 16:35:08,wallet_121,0.02944352,Outgoing,2,2,wallet_374
2025-09-13 16:35:08,wallet_374,0.02944352,Incoming,2,2,wallet_121
2025-09-13 16:50:24,wallet_188,0.01307578,Outgoing,1,3,wallet_265
2025-09-13 16:50:24,wallet_265,0.01307578,Incoming,1,3,wallet_188
2025-09-13 17:07:52,wallet_032,0.01527867,Outgoing,1,2,wallet_082
2025-09-13 17:07:52,wallet_082,0.01527867,Incoming,1,2,wallet_032
2025-09-13 19:04:56,wallet_294,0.04187301,Outgoing,2,1,wallet_300
2025-09-13 19:04:56,wallet_300,0.04187301,Incoming,2,1,wallet_294
2025-09-14 00:15:03,wallet_177,0.10403029,Outgoing,2,2,wallet_122
2025-09-14 00:15:03,wallet_122,0.10403029,Incoming,2,2,wallet_177
2025-09-14 00:22:31,wallet_188,0.02050621,Outgoing,1,2,wallet_170
2025-09-14 00:22:31,wallet_170,0.02050621,Incoming,1,2,wallet_188
2025-09-14 01:48:16,wallet_016,0.02962987,Outgoing,1,2,wallet_393
2025-09-14 01:48:16,wallet_393,0.02962987,Incoming,1,2,wallet_016
2025-09-14 02:48:18,wallet_285,0.0657351,Outgoing,2,1,wallet_299
2025-09-14 02:48:18,wallet_299,0.0657351,Incoming,2,1,wallet_285
2025-09-14 09:13:11,wallet_269,0.02202648,Outgoing,1,1,wallet_042
2025-09-14 09:13:11,wallet_042,0.02202648,Incoming,1,1,wallet_269
2025-09-14 09:22:46,wallet_235,0.04276178,Outgoing,2,2,wallet_252
2025-09-14 09:22:46,wallet_252,0.04276178,Incoming,2,2,wallet_235
2025-09-14 10:29:40,wallet_235,0.0421807,Outgoing,1,1,wallet_016
2025-09-14 10:29:40,wallet_016,0.0421807,Incoming,1,1,wallet_235
2025-09-14 10:31:28,wallet_209,0.08070661,Outgoing,1,1,wallet_183
2025-09-14 10:31:28,wallet_183,0.08070661,Incoming,1,1,wallet_209
2025-09-14 13:34:42,wallet_177,0.01297542,Outgoing,1,1,wallet_333
2025-09-14 13:34:42,wallet_333,0.01297542,Incoming,1,1,wallet_177
2025-09-14 13:44:08,wallet_037,0.02508551,Outgoing,1,2,wallet_034
2025-09-14 13:44:08,wallet_034,0.02508551,Incoming,1,2,wallet_037
2025-09-14 14:49:28,wallet_133,0.03208355,Outgoing,1,3,wallet_317
2025-09-14 14:49:28,wallet_317,0.03208355,Incoming,1,3,wallet_133
2025-09-14 15:42:36,wallet_183,0.07255545,Outgoing,1,1,wallet_209
2025-09-14 15:42:36,wallet_209,0.07255545,Incoming,1,1,wallet_183
2025-09-14 17:12:53,wallet_238,0.02412149,Outgoing,1,2,wallet_021
2025-09-14 17:12:53,wallet_021,0.02412149,Incoming,1,2,wallet_238
2025-09-14 18:18:25,wallet_382,0.03641095,Outgoing,2,3,wallet_321
2025-09-14 18:18:25,wallet_321,0.03641095,Incoming,2,3,wallet_382
2025-09-14 18:52:16,wallet_175,0.26814985,Outgoing,1,2,wallet_218
2025-09-14 18:52:16,wallet_218,0.26814985,Incoming,1,2,wallet_175
2025-09-15 00:17:22,wallet_185,0.1477143,Outgoing,3,2,wallet_354
2025-09-15 00:17:22,wallet_354,0.1477143,Incoming,3,2,wallet_185
2025-09-15 07:05:26,wallet_169,0.01419003,Outgoing,3,2,wallet_378
2025-09-15 07:05:26,wallet_378,0.01419003,Incoming,3,2,wallet_169
2025-09-15 07:14:21,wallet_010,0.09021519,Outgoing,1,2,wallet_260
2025-09-15 07:14:21,wallet_260,0.09021519,Incoming,1,2,wallet_010
2025-09-15 07:34:01,wallet_047,0.07145248,Outgoing,1,2,wallet_278
2025-09-15 07:34:01,wallet_278,0.07145248,Incoming,1,2,wallet_047
2025-09-15 08:31:42,wallet_039,0.12132539,Outgoing,2,2,wallet_360
2025-09-15 08:31:42,wallet_360,0.12132539,Incoming,2,2,wallet_039
2025-09-15 11:24:27,wallet_391,0.02995979,Outgoing,2,2,wallet_194
2025-09-15 11:24:27,wallet_194,0.02995979,Incoming,2,2,wallet_391
2025-09-15 12:21:40,wallet_034,0.02831108,Outgoing,2,1,wallet_274
2025-09-15 12:21:40,wallet_274,0.02831108,Incoming,2,1,wallet_034
2025-09-15 13:30:21,wallet_261,0.03473165,Outgoing,2,3,wallet_318
2025-09-15 13:30:21,wallet_318,0.03473165,Incoming,2,3,wallet_261
2025-09-15 14:41:48,wallet_027,0.10942476,Outgoing,2,3,wallet_370
2025-09-15 14:41:48,wallet_370,0.10942476,Incoming,2,3,wallet_027
2025-09-15 15:04:45,wallet_105,0.05302051,Outgoing,2,3,wallet_344
2025-09-15 15:04:45,wallet_344,0.05302051,Incoming,2,3,wallet_105
2025-09-15 15:04:56,wallet_131,0.18025436,Outgoing,4,2,wallet_248
2025-09-15 15:04:56,wallet_248,0.18025436,Incoming,4,2,wallet_131
2025-09-15 16:04:22,wallet_280,0.01240649,Outgoing,1,2,wallet_379
2025-09-15 16:04:22,wallet_379,0.01240649,Incoming,1,2,wallet_280
2025-09-15 18:01:23,wallet_105,0.03683597,Outgoing,3,1,wallet_168
2025-09-15 18:01:23,wallet_168,0.03683597,Incoming,3,1,wallet_105
2025-09-15 19:21:39,wallet_149,0.11647658,Outgoing,1,3,wallet_146
2025-09-15 19:21:39,wallet_146,0.11647658,Incoming,1,3,wallet_149
2025-09-15 19:28:11,wallet_319,0.04146528,Outgoing,1,2,wallet_003
2025-09-15 19:28:11,wallet_003,0.04146528,Incoming,1,2,wallet_319
2025-09-15 21:02:57,wallet_122,0.05915542,Outgoing,2,2,wallet_152
2025-09-15 21:02:57,wallet_152,0.05915542,Incoming,2,2,wallet_122
2025-09-15 23:11:35,wallet_317,0.02938376,Outgoing,2,2,wallet_051
2025-09-15 23:11:35,wallet_051,0.02938376,Incoming,2,2,wallet_317
2025-09-16 01:13:06,wallet_048,0.00298547,Outgoing,1,3,wallet_303
2025-09-16 01:13:06,wallet_303,0.00298547,Incoming,1,3,wallet_048
2025-09-16 04:58:32,wallet_299,0.05605011,Outgoing,4,2,wallet_064
2025-09-16 04:58:32,wallet_064,0.05605011,Incoming,4,2,wallet_299
2025-09-16 08:46:40,wallet_410,0.00922425,Outgoing,1,1,wallet_323
2025-09-16 08:46:40,wallet_323,0.00922425,Incoming,1,1,wallet_410
2025-09-16 08:51:39,wallet_159,0.04117208,Outgoing,1,2,wallet_368
2025-09-16 08:51:39,wallet_368,0.04117208,Incoming,1,2,wallet_159
2025-09-16 14:20:30,wallet_183,0.01890105,Outgoing,1,2,wallet_173
2025-09-16 14:20:30,wallet_173,0.01890105,Incoming,1,2,wallet_183
2025-09-16 16:36:04,wallet_261,0.07289421,Outgoing,1,2,wallet_219
2025-09-16 16:36:04,wallet_219,0.07289421,Incoming,1,2,wallet_261
2025-09-16 16:44:20,wallet_360,0.21543979,Outgoing,3,2,wallet_346
2025-09-16 16:44:20,wallet_346,0.21543979,Incoming,3,2,wallet_360
2025-09-16 16:58:55,wallet_165,0.03474202,Outgoing,3,1,wallet_093
2025-09-16 16:58:55,wallet_093,0.03474202,Incoming,3,1,wallet_165
2025-09-16 18:04:26,wallet_380,0.17729902,Outgoing,2,2,wallet_234
2025-09-16 18:04:26,wallet_234,0.17729902,Incoming,2,2,wallet_380
2025-09-16 18:06:27,wallet_221,0.25514097,Outgoing,1,1,wallet_256
2025-09-16 18:06:27,wallet_256,0.25514097,Incoming,1,1,wallet_221
2025-09-16 18:32:34,wallet_189,0.0504796,Outgoing,1,1,wallet_091
2025-09-16 18:32:34,wallet_091,0.0504796,Incoming,1,1,wallet_189
2025-09-16 18:34:59,wallet_231,0.01106207,Outgoing,1,2,wallet_118
2025-09-16 18:34:59,wallet_118,0.01106207,Incoming,1,2,wallet_231
2025-09-16 18:37:25,wallet_252,0.0358433,Outgoing,1,2,wallet_235
2025-09-16 18:37:25,wallet_235,0.0358433,Incoming,1,2,wallet_252
2025-09-16 18:59:05,wallet_125,0.0314614,Outgoing,2,1,wallet_182
2025-09-16 18:59:05,wallet_182,0.0314614,Incoming,2,1,wallet_125
2025-09-16 21:19:26,wallet_388,0.10878617,Outgoing,3,2,wallet_393
2025-09-16 21:19:26,wallet_393,0.10878617,Incoming,3,2,wallet_388
2025-09-17 05:45:53,wallet_007,0.07159313,Outgoing,1,1,wallet_152
2025-09-17 05:45:53,wallet_152,0.07159313,Incoming,1,1,wallet_007
2025-09-17 07:52:58,wallet_370,0.07139744,Outgoing,1,2,wallet_161
2025-09-17 07:52:58,wallet_161,0.07139744,Incoming,1,2,wallet_370
2025-09-17 09:47:13,wallet_049,0.05891534,Outgoing,1,2,wallet_346
2025-09-17 09:47:13,wallet_346,0.05891534,Incoming,1,2,wallet_049
2025-09-17 09:57:55,wallet_046,0.17845391,Outgoing,2,1,wallet_177
2025-09-17 09:57:55,wallet_177,0.17845391,Incoming,2,1,wallet_046
2025-09-17 10:14:39,wallet_131,0.06577928,Outgoing,1,2,wallet_248
2025-09-17 10:14:39,wallet_248,0.06577928,Incoming,1,2,wallet_131
2025-09-17 10:50:10,wallet_320,0.02052504,Outgoing,3,2,wallet_304
2025-09-17 10:50:10,wallet_304,0.02052504,Incoming,3,2,wallet_320
2025-09-17 11:16:31,wallet_278,0.18658874,Outgoing,2,2,wallet_251
2025-09-17 11:16:31,wallet_251,0.18658874,Incoming,2,2,wallet_278
2025-09-17 13:23:58,wallet_099,0.31501172,Outgoing,1,2,wallet_001
2025-09-17 13:23:58,wallet_001,0.31501172,Incoming,1,2,wallet_099
2025-09-17 13:40:39,wallet_197,0.03469047,Outgoing,1,2,wallet_237
2025-09-17 13:40:39,wallet_237,0.03469047,Incoming,1,2,wallet_197
2025-09-17 15:17:44,wallet_190,0.00679638,Outgoing,1,2,wallet_323
2025-09-17 15:17:44,wallet_323,0.00679638,Incoming,1,2,wallet_190
2025-09-17 15:55:55,wallet_118,0.0674032,Outgoing,4,2,wallet_298
2025-09-17 15:55:55,wallet_298,0.0674032,Incoming,4,2,wallet_118
2025-09-17 17:36:32,wallet_352,0.04216527,Outgoing,1,2,wallet_109
2025-09-17 17:36:32,wallet_109,0.04216527,Incoming,1,2,wallet_352
2025-09-17 19:25:00,wallet_286,0.14986571,Outgoing,1,2,wallet_168
2025-09-17 19:25:00,wallet_168,0.14986571,Incoming,1,2,wallet_286
2025-09-17 19:27:44,wallet_365,1.01361664,Outgoing,2,2,wallet_018
2025-09-17 19:27:44,wallet_018,1.01361664,Incoming,2,2,wallet_365
2025-09-18 04:35:03,wallet_124,0.0198348,Outgoing,1,1,wallet_288
2025-09-18 04:35:03,wallet_288,0.0198348,Incoming,1,1,wallet_124
2025-09-18 07:03:57,wallet_064,0.01090364,Outgoing,2,2,wallet_241
2025-09-18 07:03:57,wallet_241,0.01090364,Incoming,2,2,wallet_064
2025-09-18 08:02:34,wallet_360,0.07633982,Outgoing,1,2,wallet_043
2025-09-18 08:02:34,wallet_043,0.07633982,Incoming,1,2,wallet_360
2025-09-18 08:06:39,wallet_405,0.11439754,Outgoing,2,3,wallet_140
2025-09-18 08:06:39,wallet_140,0.11439754,Incoming,2,3,wallet_405
2025-09-18 08:18:28,wallet_131,0.23261604,Outgoing,1,2,wallet_300
2025-09-18 08:18:28,wallet_300,0.23261604,Incoming,1,2,wallet_131
2025-09-18 08:54:23,wallet_382,0.01002779,Outgoing,2,1,wallet_056
2025-09-18 08:54:23,wallet_056,0.01002779,Incoming,2,1,wallet_382
2025-09-18 09:52:30,wallet_355,0.04058437,Outgoing,1,2,wallet_198
2025-09-18 09:52:30,wallet_198,0.04058437,Incoming,1,2,wallet_355
2025-09-18 10:48:47,wallet_147,0.03705167,Outgoing,1,2,wallet_335
2025-09-18 10:48:47,wallet_335,0.03705167,Incoming,1,2,wallet_147
2025-09-18 11:10:53,wallet_149,0.10459708,Outgoing,1,2,wallet_234
2025-09-18 11:10:53,wallet_234,0.10459708,Incoming,1,2,wallet_149
2025-09-18 11:30:48,wallet_352,0.12793612,Outgoing,3,2,wallet_390
2025-09-18 11:30:48,wallet_390,0.12793612,Incoming,3,2,wallet_352
2025-09-18 12:14:44,wallet_343,0.01576823,Outgoing,1,3,wallet_408
2025-09-18 12:14:44,wallet_408,0.01576823,Incoming,1,3,wallet_343
2025-09-18 15:58:45,wallet_184,0.12567631,Outgoing,1,2,wallet_087
2025-09-18 15:58:45,wallet_087,0.12567631,Incoming,1,2,wallet_184
2025-09-18 17:49:46,wallet_016,0.04720682,Outgoing,2,2,wallet_232
2025-09-18 17:49:46,wallet_232,0.04720682,Incoming,2,2,wallet_016
2025-09-18 17:51:56,wallet_110,0.05205129,Outgoing,1,2,wallet_192
2025-09-18 17:51:56,wallet_192,0.05205129,Incoming,1,2,wallet_110
2025-09-18 18:41:26,wallet_340,0.05062227,Outgoing,1,2,wallet_248
2025-09-18 18:41:26,wallet_248,0.05062227,Incoming,1,2,wallet_340
2025-09-18 21:29:41,wallet_167,0.01914588,Outgoing,1,1,wallet_333
2025-09-18 21:29:41,wallet_333,0.01914588,Incoming,1,1,wallet_167
2025-09-18 22:39:14,wallet_160,0.06308875,Outgoing,1,2,wallet_319
2025-09-18 22:39:14,wallet_319,0.06308875,Incoming,1,2,wallet_160
2025-09-18 23:24:17,wallet_298,0.0248831,Outgoing,1,3,wallet_195
2025-09-18 23:24:17,wallet_195,0.0248831,Incoming,1,3,wallet_298
2025-09-19 07:26:04,wallet_126,0.01055038,Outgoing,2,1,wallet_172
2025-09-19 07:26:04,wallet_172,0.01055038,Incoming,2,1,wallet_126
2025-09-19 08:52:00,wallet_261,0.02166798,Outgoing,1,2,wallet_152
2025-09-19 08:52:00,wallet_152,0.02166798,Incoming,1,2,wallet_261
2025-09-19 09:09:49,wallet_304,0.04290373,Outgoing,2,2,wallet_330
2025-09-19 09:09:49,wallet_330,0.04290373,Incoming,2,2,wallet_304
2025-09-19 10:16:35,wallet_008,0.00807975,Outgoing,2,2,wallet_045
2025-09-19 10:16:35,wallet_045,0.00807975,Incoming,2,2,wallet_008
2025-09-19 10:18:03,wallet_078,0.031256,Outgoing,1,3,wallet_362
2025-09-19 10:18:03,wallet_362,0.031256,Incoming,1,3,wallet_078
2025-09-19 11:32:32,wallet_020,0.02055007,Outgoing,1,2,wallet_388
2025-09-19 11:32:32,wallet_388,0.02055007,Incoming,1,2,wallet_020
2025-09-19 11:46:01,wallet_144,0.02164529,Outgoing,3,2,wallet_317
2025-09-19 11:46:01,wallet_317,0.02164529,Incoming,3,2,wallet_144
2025-09-19 12:13:32,wallet_137,0.02937672,Outgoing,4,2,wallet_158
2025-09-19 12:13:32,wallet_158,0.02937672,Incoming,4,2,wallet_137
2025-09-19 12:58:09,wallet_333,0.07593839,Outgoing,3,3,wallet_227
2025-09-19 12:58:09,wallet_227,0.07593839,Incoming,3,3,wallet_333
2025-09-19 13:02:52,wallet_056,0.00824458,Outgoing,1,1,wallet_152
2025-09-19 13:02:52,wallet_152,0.00824458,Incoming,1,1,wallet_056
2025-09-19 14:35:08,wallet_272,0.02283449,Outgoing,2,3,wallet_254
2025-09-19 14:35:08,wallet_254,0.02283449,Incoming,2,3,wallet_272
2025-09-19 14:45:54,wallet_143,0.0786709,Outgoing,1,1,wallet_234
2025-09-19 14:45:54,wallet_234,0.0786709,Incoming,1,1,wallet_143
2025-09-19 16:20:45,wallet_249,0.09680107,Outgoing,3,3,wallet_094
2025-09-19 16:20:45,wallet_094,0.09680107,Incoming,3,3,wallet_249
2025-09-19 17:30:53,wallet_014,2.99688203,Outgoing,1,2,wallet_363
2025-09-19 17:30:53,wallet_363,2.99688203,Incoming,1,2,wallet_014
2025-09-19 17:57:28,wallet_320,0.01792989,Outgoing,3,2,wallet_146
2025-09-19 17:57:28,wallet_146,0.01792989,Incoming,3,2,wallet_320
2025-09-19 18:02:49,wallet_027,0.04621753,Outgoing,1,2,wallet_360
2025-09-19 18:02:49,wallet_360,0.04621753,Incoming,1,2,wallet_027
2025-09-19 18:24:49,wallet_363,0.24044417,Outgoing,2,5,wallet_149
2025-09-19 18:24:49,wallet_149,0.24044417,Incoming,2,5,wallet_363
2025-09-19 18:44:08,wallet_363,0.23689249,Outgoing,2,5,wallet_375
2025-09-19 18:44:08,wallet_375,0.23689249,Incoming,2,5,wallet_363
2025-09-19 18:50:11,wallet_348,0.11821458,Outgoing,1,2,wallet_144
2025-09-19 18:50:11,wallet_144,0.11821458,Incoming,1,2,wallet_348
2025-09-19 19:01:39,wallet_363,0.27365572,Outgoing,2,6,wallet_320
2025-09-19 19:01:39,wallet_320,0.27365572,Incoming,2,6,wallet_363
2025-09-19 19:07:15,wallet_363,0.24850812,Outgoing,2,5,wallet_283
2025-09-19 19:07:15,wallet_283,0.24850812,Incoming,2,5,wallet_363
2025-09-19 19:13:28,wallet_363,0.24634201,Outgoing,1,4,wallet_365
2025-09-19 19:13:28,wallet_365,0.24634201,Incoming,1,4,wallet_363
2025-09-19 19:19:05,wallet_363,0.25034164,Outgoing,1,3,wallet_156
2025-09-19 19:19:05,wallet_156,0.25034164,Incoming,1,3,wallet_363
2025-09-19 19:35:05,wallet_363,0.23324218,Outgoing,1,6,wallet_304
2025-09-19 19:35:05,wallet_304,0.23324218,Incoming,1,6,wallet_363
2025-09-19 19:42:22,wallet_363,0.26953383,Outgoing,1,3,wallet_272
2025-09-19 19:42:22,wallet_272,0.26953383,Incoming,1,3,wallet_363
2025-09-19 19:42:55,wallet_021,0.02114514,Outgoing,1,1,wallet_401
2025-09-19 19:42:55,wallet_401,0.02114514,Incoming,1,1,wallet_021
2025-09-19 19:56:52,wallet_363,0.24075476,Outgoing,1,4,wallet_202
2025-09-19 19:56:52,wallet_202,0.24075476,Incoming,1,4,wallet_363
2025-09-19 20:10:14,wallet_363,0.26682337,Outgoing,2,7,wallet_143
2025-09-19 20:10:14,wallet_143,0.26682337,Incoming,2,7,wallet_363
2025-09-19 20:19:54,wallet_363,0.23247032,Outgoing,2,6,wallet_405
2025-09-19 20:19:54,wallet_405,0.23247032,Incoming,2,6,wallet_363
2025-09-19 20:35:43,wallet_363,0.23480651,Outgoing,1,6,wallet_017
2025-09-19 20:35:43,wallet_017,0.23480651,Incoming,1,6,wallet_363
2025-09-20 07:11:18,wallet_252,0.10955765,Outgoing,3,1,wallet_230
2025-09-20 07:11:18,wallet_230,0.10955765,Incoming,3,1,wallet_252
2025-09-20 07:23:45,wallet_006,0.01057513,Outgoing,1,3,wallet_147
2025-09-20 07:23:45,wallet_147,0.01057513,Incoming,1,3,wallet_006
2025-09-20 08:09:40,wallet_228,0.06268874,Outgoing,1,1,wallet_123
2025-09-20 08:09:40,wallet_123,0.06268874,Incoming,1,1,wallet_228
2025-09-20 08:37:43,wallet_307,0.07795156,Outgoing,2,2,wallet_071
2025-09-20 08:37:43,wallet_071,0.07795156,Incoming,2,2,wallet_307
2025-09-20 09:42:37,wallet_342,0.03548829,Outgoing,3,1,wallet_350
2025-09-20 09:42:37,wallet_350,0.03548829,Incoming,3,1,wallet_342
2025-09-20 09:50:09,wallet_130,0.05734654,Outgoing,1,2,wallet_402
2025-09-20 09:50:09,wallet_402,0.05734654,Incoming,1,2,wallet_130
2025-09-20 10:26:39,wallet_208,0.03185321,Outgoing,1,1,wallet_016
2025-09-20 10:26:39,wallet_016,0.03185321,Incoming,1,1,wallet_208
2025-09-20 11:32:42,wallet_265,0.01972794,Outgoing,1,3,wallet_343
2025-09-20 11:32:42,wallet_343,0.01972794,Incoming,1,3,wallet_265
2025-09-20 15:03:33,wallet_393,0.05765229,Outgoing,1,2,wallet_016
2025-09-20 15:03:33,wallet_016,0.05765229,Incoming,1,2,wallet_393
2025-09-20 18:31:28,wallet_097,0.01146931,Outgoing,1,2,wallet_169
2025-09-20 18:31:28,wallet_169,0.01146931,Incoming,1,2,wallet_097
2025-09-20 19:22:41,wallet_239,0.08044322,Outgoing,2,3,wallet_287
2025-09-20 19:22:41,wallet_287,0.08044322,Incoming,2,3,wallet_239
2025-09-20 20:51:54,wallet_288,0.03784914,Outgoing,1,2,wallet_350
2025-09-20 20:51:54,wallet_350,0.03784914,Incoming,1,2,wallet_288
2025-09-21 01:47:51,wallet_129,0.06832386,Outgoing,1,3,wallet_372
2025-09-21 01:47:51,wallet_372,0.06832386,Incoming,1,3,wallet_129
2025-09-21 05:44:18,wallet_404,0.01422273,Outgoing,1,3,wallet_009
2025-09-21 05:44:18,wallet_009,0.01422273,Incoming,1,3,wallet_404
2025-09-21 06:55:59,wallet_346,0.04553983,Outgoing,1,2,wallet_088
2025-09-21 06:55:59,wallet_088,0.04553983,Incoming,1,2,wallet_346
2025-09-21 08:45:48,wallet_387,0.00828027,Outgoing,2,3,wallet_323
2025-09-21 08:45:48,wallet_323,0.00828027,Incoming,2,3,wallet_387
2025-09-21 10:17:51,wallet_065,0.25961421,Outgoing,3,1,wallet_146
2025-09-21 10:17:51,wallet_146,0.25961421,Incoming,3,1,wallet_065
2025-09-21 11:02:26,wallet_317,0.01913463,Outgoing,1,1,wallet_396
2025-09-21 11:02:26,wallet_396,0.01913463,Incoming,1,1,wallet_317
2025-09-21 11:04:23,wallet_288,0.03433681,Outgoing,1,2,wallet_146
2025-09-21 11:04:23,wallet_146,0.03433681,Incoming,1,2,wallet_288
2025-09-21 11:07:21,wallet_055,0.06479891,Outgoing,3,1,wallet_404
2025-09-21 11:07:21,wallet_404,0.06479891,Incoming,3,1,wallet_055
2025-09-21 11:13:22,wallet_207,0.1315926,Outgoing,2,1,wallet_133
2025-09-21 11:13:22,wallet_133,0.1315926,Incoming,2,1,wallet_207
2025-09-21 12:42:17,wallet_073,0.06315043,Outgoing,2,2,wallet_087
2025-09-21 12:42:17,wallet_087,0.06315043,Incoming,2,2,wallet_073
2025-09-21 14:16:41,wallet_262,0.08494998,Outgoing,2,3,wallet_146
2025-09-21 14:16:41,wallet_146,0.08494998,Incoming,2,3,wallet_262
2025-09-21 20:58:53,wallet_288,0.04036979,Outgoing,3,1,wallet_042
2025-09-21 20:58:53,wallet_042,0.04036979,Incoming,3,1,wallet_288
2025-09-21 21:20:12,wallet_040,0.02386097,Outgoing,1,2,wallet_165
2025-09-21 21:20:12,wallet_165,0.02386097,Incoming,1,2,wallet_040
2025-09-22 06:22:59,wallet_302,0.09369572,Outgoing,1,3,wallet_350
2025-09-22 06:22:59,wallet_350,0.09369572,Incoming,1,3,wallet_302
2025-09-22 06:55:25,wallet_068,0.19655693,Outgoing,3,1,wallet_306
2025-09-22 06:55:25,wallet_306,0.19655693,Incoming,3,1,wallet_068
2025-09-22 06:58:55,wallet_376,0.01834666,Outgoing,1,1,wallet_097
2025-09-22 06:58:55,wallet_097,0.01834666,Incoming,1,1,wallet_376
2025-09-22 09:16:19,wallet_343,0.00961369,Outgoing,4,1,wallet_350
2025-09-22 09:16:19,wallet_350,0.00961369,Incoming,4,1,wallet_343
2025-09-22 09:43:58,wallet_397,0.01672735,Outgoing,4,3,wallet_006
2025-09-22 09:43:58,wallet_006,0.01672735,Incoming,4,3,wallet_397
2025-09-22 12:56:02,wallet_048,0.00375985,Outgoing,1,1,wallet_197
2025-09-22 12:56:02,wallet_197,0.00375985,Incoming,1,1,wallet_048
2025-09-22 13:05:00,wallet_182,0.01298837,Outgoing,4,1,wallet_188
2025-09-22 13:05:00,wallet_188,0.01298837,Incoming,4,1,wallet_182
2025-09-22 13:28:15,wallet_049,0.14010684,Outgoing,3,2,wallet_318
2025-09-22 13:28:15,wallet_318,0.14010684,Incoming,3,2,wallet_049
2025-09-22 15:48:14,wallet_309,0.11187417,Outgoing,3,1,wallet_287
2025-09-22 15:48:14,wallet_287,0.11187417,Incoming,3,1,wallet_309
2025-09-22 20:20:53,wallet_308,0.21133087,Outgoing,2,2,wallet_099
2025-09-22 20:20:53,wallet_099,0.21133087,Incoming,2,2,wallet_308
2025-09-23 00:41:46,wallet_407,0.04185319,Outgoing,2,3,wallet_110
2025-09-23 00:41:46,wallet_110,0.04185319,Incoming,2,3,wallet_407
2025-09-23 07:34:39,wallet_243,0.03659153,Outgoing,1,2,wallet_330
2025-09-23 07:34:39,wallet_330,0.03659153,Incoming,1,2,wallet_243
2025-09-23 08:24:47,wallet_261,0.03467131,Outgoing,4,3,wallet_334
2025-09-23 08:24:47,wallet_334,0.03467131,Incoming,4,3,wallet_261
2025-09-23 10:51:20,wallet_319,0.05608565,Outgoing,1,2,wallet_003
2025-09-23 10:51:20,wallet_003,0.05608565,Incoming,1,2,wallet_319
2025-09-23 13:08:27,wallet_169,0.02710192,Outgoing,1,3,wallet_376
2025-09-23 13:08:27,wallet_376,0.02710192,Incoming,1,3,wallet_169
2025-09-23 14:08:35,wallet_281,0.31813506,Outgoing,1,2,wallet_372
2025-09-23 14:08:35,wallet_372,0.31813506,Incoming,1,2,wallet_281
2025-09-23 14:11:49,wallet_192,0.07139561,Outgoing,1,1,wallet_287
2025-09-23 14:11:49,wallet_287,0.07139561,Incoming,1,1,wallet_192
2025-09-23 14:12:37,wallet_202,0.04658362,Outgoing,1,1,wallet_007
2025-09-23 14:12:37,wallet_007,0.04658362,Incoming,1,1,wallet_202
2025-09-23 15:10:00,wallet_069,0.0746024,Outgoing,1,3,wallet_059
2025-09-23 15:10:00,wallet_059,0.0746024,Incoming,1,3,wallet_069
2025-09-23 15:42:30,wallet_197,0.04789734,Outgoing,4,1,wallet_380
2025-09-23 15:42:30,wallet_380,0.04789734,Incoming,4,1,wallet_197
2025-09-23 17:43:34,wallet_280,0.04747178,Outgoing,1,2,wallet_319
2025-09-23 17:43:34,wallet_319,0.04747178,Incoming,1,2,wallet_280
2025-09-23 19:28:59,wallet_142,0.05533465,Outgoing,2,2,wallet_320
2025-09-23 19:28:59,wallet_320,0.05533465,Incoming,2,2,wallet_142
2025-09-23 20:42:36,wallet_248,0.06277565,Outgoing,1,2,wallet_365
2025-09-23 20:42:36,wallet_365,0.06277565,Incoming,1,2,wallet_248
2025-09-24 06:46:03,wallet_133,0.05388429,Outgoing,1,1,wallet_301
2025-09-24 06:46:03,wallet_301,0.05388429,Incoming,1,1,wallet_133
2025-09-24 08:04:16,wallet_111,0.01418645,Outgoing,4,3,wallet_384
2025-09-24 08:04:16,wallet_384,0.01418645,Incoming,4,3,wallet_111
2025-09-24 08:14:55,wallet_297,0.033371,Outgoing,2,2,wallet_396
2025-09-24 08:14:55,wallet_396,0.033371,Incoming,2,2,wallet_297
2025-09-24 10:49:24,wallet_258,0.07804668,Outgoing,1,2,wallet_236
2025-09-24 10:49:24,wallet_236,0.07804668,Incoming,1,2,wallet_258
2025-09-24 11:09:58,wallet_390,0.04460551,Outgoing,1,2,wallet_152
2025-09-24 11:09:58,wallet_152,0.04460551,Incoming,1,2,wallet_390
2025-09-24 14:35:44,wallet_288,0.03107272,Outgoing,1,2,wallet_124
2025-09-24 14:35:44,wallet_124,0.03107272,Incoming,1,2,wallet_288
2025-09-24 20:42:50,wallet_064,0.01002396,Outgoing,2,3,wallet_187
2025-09-24 20:42:50,wallet_187,0.01002396,Incoming,2,3,wallet_064
2025-09-24 22:50:24,wallet_049,0.28029775,Outgoing,1,2,wallet_318
2025-09-24 22:50:24,wallet_318,0.28029775,Incoming,1,2,wallet_049
2025-09-25 01:47:07,wallet_261,0.09014403,Outgoing,1,1,wallet_049
2025-09-25 01:47:07,wallet_049,0.09014403,Incoming,1,1,wallet_261
2025-09-25 01:51:43,wallet_344,0.08539218,Outgoing,1,3,wallet_306
2025-09-25 01:51:43,wallet_306,0.08539218,Incoming,1,3,wallet_344
2025-09-25 05:24:04,wallet_170,0.02136652,Outgoing,1,1,wallet_343
2025-09-25 05:24:04,wallet_343,0.02136652,Incoming,1,1,wallet_170
2025-09-25 07:28:52,wallet_260,0.0606369,Outgoing,1,2,wallet_126
2025-09-25 07:28:52,wallet_126,0.0606369,Incoming,1,2,wallet_260
2025-09-25 09:55:34,wallet_132,0.01791286,Outgoing,3,2,wallet_317
2025-09-25 09:55:34,wallet_317,0.01791286,Incoming,3,2,wallet_132
2025-09-25 10:31:49,wallet_248,0.02316526,Outgoing,1,1,wallet_053
2025-09-25 10:31:49,wallet_053,0.02316526,Incoming,1,1,wallet_248
2025-09-25 12:41:00,wallet_142,0.02509029,Outgoing,1,3,wallet_088
2025-09-25 12:41:00,wallet_088,0.02509029,Incoming,1,3,wallet_142
2025-09-25 12:41:49,wallet_006,0.04663107,Outgoing,1,2,wallet_287
2025-09-25 12:41:49,wallet_287,0.04663107,Incoming,1,2,wallet_006
2025-09-25 14:41:56,wallet_001,0.06711607,Outgoing,1,2,wallet_282
2025-09-25 14:41:56,wallet_282,0.06711607,Incoming,1,2,wallet_001
2025-09-25 16:18:13,wallet_260,0.03226349,Outgoing,1,3,wallet_001
2025-09-25 16:18:13,wallet_001,0.03226349,Incoming,1,3,wallet_260
2025-09-25 17:18:35,wallet_097,0.01389517,Outgoing,1,2,wallet_169
2025-09-25 17:18:35,wallet_169,0.01389517,Incoming,1,2,wallet_097
2025-09-25 20:43:50,wallet_175,0.24560348,Outgoing,1,2,wallet_076
2025-09-25 20:43:50,wallet_076,0.24560348,Incoming,1,2,wallet_175
2025-09-25 20:46:20,wallet_175,0.30026303,Outgoing,2,2,wallet_093
2025-09-25 20:46:20,wallet_093,0.30026303,Incoming,2,2,wallet_175
2025-09-25 20:50:56,wallet_175,0.33791422,Outgoing,1,2,wallet_166
2025-09-25 20:50:56,wallet_166,0.33791422,Incoming,1,2,wallet_175
2025-09-25 20:53:49,wallet_175,0.27068403,Outgoing,4,2,wallet_124
2025-09-25 20:53:49,wallet_124,0.27068403,Incoming,4,2,wallet_175
2025-09-25 20:58:18,wallet_175,0.33662797,Outgoing,1,1,wallet_056
2025-09-25 20:58:18,wallet_056,0.33662797,Incoming,1,1,wallet_175
2025-09-25 20:59:18,wallet_175,0.34880633,Outgoing,2,1,wallet_379
2025-09-25 20:59:18,wallet_379,0.34880633,Incoming,2,1,wallet_175
2025-09-25 21:02:07,wallet_175,0.34073389,Outgoing,2,3,wallet_014
2025-09-25 21:02:07,wallet_014,0.34073389,Incoming,2,3,wallet_175
2025-09-25 21:08:23,wallet_371,0.35760565,Outgoing,1,1,wallet_175
2025-09-25 21:08:23,wallet_175,0.35760565,Incoming,1,1,wallet_371
2025-09-25 21:12:19,wallet_175,0.27199411,Outgoing,1,2,wallet_100
2025-09-25 21:12:19,wallet_100,0.27199411,Incoming,1,2,wallet_175
2025-09-25 21:14:31,wallet_175,0.37115913,Outgoing,2,1,wallet_271
2025-09-25 21:14:31,wallet_271,0.37115913,Incoming,2,1,wallet_175
2025-09-25 21:15:07,wallet_175,0.22501383,Outgoing,1,3,wallet_216
2025-09-25 21:15:07,wallet_216,0.22501383,Incoming,1,3,wallet_175
2025-09-25 21:19:13,wallet_175,0.32587225,Outgoing,2,2,wallet_008
2025-09-25 21:19:13,wallet_008,0.32587225,Incoming,2,2,wallet_175
2025-09-25 21:20:37,wallet_175,0.25805726,Outgoing,1,3,wallet_087
2025-09-25 21:20:37,wallet_087,0.25805726,Incoming,1,3,wallet_175
2025-09-25 21:25:17,wallet_158,0.22006309,Outgoing,1,2,wallet_175
2025-09-25 21:25:17,wallet_175,0.22006309,Incoming,1,2,wallet_158
2025-09-25 22:19:56,wallet_364,0.01273889,Outgoing,1,2,wallet_124
2025-09-25 22:19:56,wallet_124,0.01273889,Incoming,1,2,wallet_364
2025-09-26 07:05:26,wallet_076,0.07655721,Outgoing,1,1,wallet_248
2025-09-26 07:05:26,wallet_248,0.07655721,Incoming,1,1,wallet_076
2025-09-26 07:46:08,wallet_306,0.07588225,Outgoing,2,2,wallet_168
2025-09-26 07:46:08,wallet_168,0.07588225,Incoming,2,2,wallet_306
2025-09-26 08:28:32,wallet_109,0.02757844,Outgoing,1,1,wallet_352
2025-09-26 08:28:32,wallet_352,0.02757844,Incoming,1,1,wallet_109
2025-09-26 08:35:02,wallet_287,0.03998091,Outgoing,2,3,wallet_192
2025-09-26 08:35:02,wallet_192,0.03998091,Incoming,2,3,wallet_287
2025-09-26 09:32:39,wallet_069,0.09695182,Outgoing,1,1,wallet_048
2025-09-26 09:32:39,wallet_048,0.09695182,Incoming,1,1,wallet_069
2025-09-26 09:46:05,wallet_372,0.01765868,Outgoing,4,1,wallet_162
2025-09-26 09:46:05,wallet_162,0.01765868,Incoming,4,1,wallet_372
2025-09-26 11:15:53,wallet_297,0.02924804,Outgoing,3,2,wallet_396
2025-09-26 11:15:53,wallet_396,0.02924804,Incoming,3,2,wallet_297
2025-09-26 11:35:04,wallet_121,0.03071959,Outgoing,1,2,wallet_159
2025-09-26 11:35:04,wallet_159,0.03071959,Incoming,1,2,wallet_121
2025-09-26 13:58:15,wallet_270,0.01006291,Outgoing,2,2,wallet_202
2025-09-26 13:58:15,wallet_202,0.01006291,Incoming,2,2,wallet_270
2025-09-26 14:39:26,wallet_013,0.04047857,Outgoing,1,1,wallet_361
2025-09-26 14:39:26,wallet_361,0.04047857,Incoming,1,1,wallet_013
2025-09-26 15:31:01,wallet_179,0.00386438,Outgoing,1,1,wallet_398
2025-09-26 15:31:01,wallet_398,0.00386438,Incoming,1,1,wallet_179
2025-09-26 16:26:03,wallet_249,0.06829405,Outgoing,3,2,wallet_090
2025-09-26 16:26:03,wallet_090,0.06829405,Incoming,3,2,wallet_249
2025-09-26 16:31:32,wallet_265,0.02708699,Outgoing,2,1,wallet_343
2025-09-26 16:31:32,wallet_343,0.02708699,Incoming,2,1,wallet_265
2025-09-26 20:04:52,wallet_255,0.00693422,Outgoing,1,2,wallet_045
2025-09-26 20:04:52,wallet_045,0.00693422,Incoming,1,2,wallet_255
2025-09-26 20:51:49,wallet_286,0.11547663,Outgoing,2,3,wallet_201
2025-09-26 20:51:49,wallet_201,0.11547663,Incoming,2,3,wallet_286
2025-09-26 21:04:04,wallet_405,0.17780243,Outgoing,1,3,wallet_143
2025-09-26 21:04:04,wallet_143,0.17780243,Incoming,1,3,wallet_405
2025-09-26 21:06:41,wallet_340,0.05766405,Outgoing,1,2,wallet_248
2025-09-26 21:06:41,wallet_248,0.05766405,Incoming,1,2,wallet_340
2025-09-26 21:36:09,wallet_177,0.14357103,Outgoing,1,2,wallet_221
2025-09-26 21:36:09,wallet_221,0.14357103,Incoming,1,2,wallet_177
2025-09-27 04:13:21,wallet_314,0.05039909,Outgoing,3,1,wallet_257
2025-09-27 04:13:21,wallet_257,0.05039909,Incoming,3,1,wallet_314
2025-09-27 08:31:39,wallet_048,0.00271583,Outgoing,2,2,wallet_360
2025-09-27 08:31:39,wallet_360,0.00271583,Incoming,2,2,wallet_048
2025-09-27 10:04:46,wallet_309,0.11702266,Outgoing,2,1,wallet_335
2025-09-27 10:04:46,wallet_335,0.11702266,Incoming,2,1,wallet_309
2025-09-27 10:51:39,wallet_288,0.02492,Outgoing,4,1,wallet_304
2025-09-27 10:51:39,wallet_304,0.02492,Incoming,4,1,wallet_288
2025-09-27 11:13:50,wallet_147,0.01549482,Outgoing,1,1,wallet_032
2025-09-27 11:13:50,wallet_032,0.01549482,Incoming,1,1,wallet_147
2025-09-27 12:08:48,wallet_164,0.03162991,Outgoing,4,2,wallet_029
2025-09-27 12:08:48,wallet_029,0.03162991,Incoming,4,2,wallet_164
2025-09-27 12:49:23,wallet_232,0.04201826,Outgoing,1,2,wallet_388
2025-09-27 12:49:23,wallet_388,0.04201826,Incoming,1,2,wallet_232
2025-09-27 15:16:50,wallet_185,0.03351624,Outgoing,2,3,wallet_308
2025-09-27 15:16:50,wallet_308,0.03351624,Incoming,2,3,wallet_185
2025-09-27 15:41:44,wallet_125,0.05128205,Outgoing,1,3,wallet_182
2025-09-27 15:41:44,wallet_182,0.05128205,Incoming,1,3,wallet_125
2025-09-27 16:07:55,wallet_343,0.02137675,Outgoing,1,3,wallet_086
2025-09-27 16:07:55,wallet_086,0.02137675,Incoming,1,3,wallet_343
2025-09-27 19:51:38,wallet_274,0.06250514,Outgoing,2,2,wallet_064
2025-09-27 19:51:38,wallet_064,0.06250514,Incoming,2,2,wallet_274
2025-09-27 20:20:44,wallet_100,0.07025042,Outgoing,1,3,wallet_262
2025-09-27 20:20:44,wallet_262,0.07025042,Incoming,1,3,wallet_100
2025-09-27 21:28:16,wallet_241,2.35021273,Outgoing,1,2,wallet_051
2025-09-27 21:28:16,wallet_051,2.35021273,Incoming,1,2,wallet_241
2025-09-28 09:20:14,wallet_198,0.04874823,Outgoing,4,1,wallet_004
2025-09-28 09:20:14,wallet_004,0.04874823,Incoming,4,1,wallet_198
2025-09-28 09:50:00,wallet_369,0.09565378,Outgoing,1,3,wallet_219
2025-09-28 09:50:00,wallet_219,0.09565378,Incoming,1,3,wallet_369
2025-09-28 10:30:04,wallet_133,0.02161502,Outgoing,1,2,wallet_317
2025-09-28 10:30:04,wallet_317,0.02161502,Incoming,1,2,wallet_133
2025-09-28 11:09:54,wallet_258,0.01066698,Outgoing,2,2,wallet_316
2025-09-28 11:09:54,wallet_316,0.01066698,Incoming,2,2,wallet_258
2025-09-28 11:34:00,wallet_369,0.09657556,Outgoing,2,2,wallet_275
2025-09-28 11:34:00,wallet_275,0.09657556,Incoming,2,2,wallet_369
2025-09-28 13:58:00,wallet_296,0.12211013,Outgoing,2,2,wallet_110
2025-09-28 13:58:00,wallet_110,0.12211013,Incoming,2,2,wallet_296
2025-09-28 14:30:24,wallet_228,0.01873984,Outgoing,2,2,wallet_071
2025-09-28 14:30:24,wallet_071,0.01873984,Incoming,2,2,wallet_228
2025-09-28 15:51:24,wallet_375,0.01511476,Outgoing,4,1,wallet_265
2025-09-28 15:51:24,wallet_265,0.01511476,Incoming,4,1,wallet_375
2025-09-28 15:58:28,wallet_166,0.01467144,Outgoing,1,2,wallet_328
2025-09-28 15:58:28,wallet_328,0.01467144,Incoming,1,2,wallet_166
2025-09-28 17:43:44,wallet_301,0.10397969,Outgoing,1,2,wallet_109
2025-09-28 17:43:44,wallet_109,0.10397969,Incoming,1,2,wallet_301
2025-09-28 18:45:22,wallet_069,0.04686859,Outgoing,2,1,wallet_236
2025-09-28 18:45:22,wallet_236,0.04686859,Incoming,2,1,wallet_069
2025-09-28 18:49:37,wallet_091,0.08223689,Outgoing,1,2,wallet_189
2025-09-28 18:49:37,wallet_189,0.08223689,Incoming,1,2,wallet_091
2025-09-28 19:52:13,wallet_227,0.09846246,Outgoing,2,2,wallet_333
2025-09-28 19:52:13,wallet_333,0.09846246,Incoming,2,2,wallet_227
2025-09-29 01:30:12,wallet_042,0.05216426,Outgoing,1,1,wallet_298
2025-09-29 01:30:12,wallet_298,0.05216426,Incoming,1,1,wallet_042
2025-09-29 09:18:00,wallet_296,0.04039668,Outgoing,1,1,wallet_239
2025-09-29 09:18:00,wallet_239,0.04039668,Incoming,1,1,wallet_296
2025-09-29 09:53:59,wallet_217,0.02753716,Outgoing,1,2,wallet_137
2025-09-29 09:53:59,wallet_137,0.02753716,Incoming,1,2,wallet_217
2025-09-29 12:24:00,wallet_369,0.14462807,Outgoing,1,2,wallet_288
2025-09-29 12:24:00,wallet_288,0.14462807,Incoming,1,2,wallet_369
2025-09-29 13:53:00,wallet_369,0.08205631,Outgoing,2,2,wallet_386
2025-09-29 13:53:00,wallet_386,0.08205631,Incoming,2,2,wallet_369
2025-09-29 15:06:00,wallet_369,0.07257982,Outgoing,3,1,wallet_189
2025-09-29 15:06:00,wallet_189,0.07257982,Incoming,3,1,wallet_369
2025-09-29 16:44:38,wallet_130,0.04665157,Outgoing,1,1,wallet_382
2025-09-29 16:44:38,wallet_382,0.04665157,Incoming,1,1,wallet_130
2025-09-29 16:59:19,wallet_405,0.13077531,Outgoing,1,3,wallet_385
2025-09-29 16:59:19,wallet_385,0.13077531,Incoming,1,3,wallet_405
2025-09-29 17:11:06,wallet_235,0.02446726,Outgoing,1,2,wallet_252
2025-09-29 17:11:06,wallet_252,0.02446726,Incoming,1,2,wallet_235
2025-09-29 18:51:57,wallet_192,0.05115687,Outgoing,1,2,wallet_152
2025-09-29 18:51:57,wallet_152,0.05115687,Incoming,1,2,wallet_192
2025-09-29 21:27:58,wallet_149,0.10187487,Outgoing,1,3,wallet_350
2025-09-29 21:27:58,wallet_350,0.10187487,Incoming,1,3,wallet_149
2025-09-30 00:08:11,wallet_308,0.02103725,Outgoing,1,3,wallet_396
2025-09-30 00:08:11,wallet_396,0.02103725,Incoming,1,3,wallet_308
2025-09-30 09:30:00,wallet_296,0.1365972,Outgoing,4,1,wallet_184
2025-09-30 09:30:00,wallet_184,0.1365972,Incoming,4,1,wallet_296
2025-09-30 10:18:33,wallet_263,0.04355026,Outgoing,3,2,wallet_350
2025-09-30 10:18:33,wallet_350,0.04355026,Incoming,3,2,wallet_263
2025-09-30 11:04:00,wallet_296,0.12786347,Outgoing,1,2,wallet_083
2025-09-30 11:04:00,wallet_083,0.12786347,Incoming,1,2,wallet_296
2025-09-30 11:07:00,wallet_369,0.0700925,Outgoing,1,1,wallet_340
2025-09-30 11:07:00,wallet_340,0.0700925,Incoming,1,1,wallet_369
2025-09-30 11:11:00,wallet_296,0.05348208,Outgoing,1,2,wallet_228
2025-09-30 11:11:00,wallet_228,0.05348208,Incoming,1,2,wallet_296
2025-09-30 11:15:25,wallet_062,0.0123173,Outgoing,1,2,wallet_350
2025-09-30 11:15:25,wallet_350,0.0123173,Incoming,1,2,wallet_062
2025-09-30 12:15:00,wallet_369,0.11518994,Outgoing,2,2,wallet_021
2025-09-30 12:15:00,wallet_021,0.11518994,Incoming,2,2,wallet_369
2025-09-30 12:25:00,wallet_296,0.02402564,Outgoing,4,3,wallet_257
2025-09-30 12:25:00,wallet_257,0.02402564,Incoming,4,3,wallet_296
2025-09-30 12:51:00,wallet_296,0.06791164,Outgoing,3,1,wallet_111
2025-09-30 12:51:00,wallet_111,0.06791164,Incoming,3,1,wallet_296
2025-09-30 13:03:00,wallet_296,0.02274158,Outgoing,1,2,wallet_119
2025-09-30 13:03:00,wallet_119,0.02274158,Incoming,1,2,wallet_296
2025-09-30 15:06:57,wallet_404,0.02770043,Outgoing,1,1,wallet_384
2025-09-30 15:06:57,wallet_384,0.02770043,Incoming,1,1,wallet_404
2025-09-30 15:10:00,wallet_369,0.05268005,Outgoing,1,2,wallet_078
2025-09-30 15:10:00,wallet_078,0.05268005,Incoming,1,2,wallet_369
2025-09-30 15:51:23,wallet_186,0.02563414,Outgoing,2,3,wallet_218
2025-09-30 15:51:23,wallet_218,0.02563414,Incoming,2,3,wallet_186
2025-09-30 18:41:32,wallet_410,0.03272701,Outgoing,1,3,wallet_011
2025-09-30 18:41:32,wallet_011,0.03272701,Incoming,1,3,wallet_410
2025-09-30 19:05:06,wallet_099,0.15979148,Outgoing,4,1,wallet_114
2025-09-30 19:05:06,wallet_114,0.15979148,Incoming,4,1,wallet_099
2025-10-01 05:23:46,wallet_396,0.03403928,Outgoing,1,1,wallet_350
2025-10-01 05:23:46,wallet_350,0.03403928,Incoming,1,1,wallet_396
2025-10-01 11:22:52,wallet_018,1.03490849,Outgoing,1,3,wallet_393
2025-10-01 11:22:52,wallet_393,1.03490849,Incoming,1,3,wallet_018
2025-10-01 12:24:33,wallet_104,0.13215558,Outgoing,1,1,wallet_324
2025-10-01 12:24:33,wallet_324,0.13215558,Incoming,1,1,wallet_104
2025-10-01 12:48:18,wallet_100,0.35924389,Outgoing,3,2,wallet_023
2025-10-01 12:48:18,wallet_023,0.35924389,Incoming,3,2,wallet_100
2025-10-01 13:25:21,wallet_124,0.35030094,Outgoing,2,2,wallet_371
2025-10-01 13:25:21,wallet_371,0.35030094,Incoming,2,2,wallet_124
2025-10-02 01:51:56,wallet_392,0.01802335,Outgoing,1,1,wallet_334
2025-10-02 01:51:56,wallet_334,0.01802335,Incoming,1,1,wallet_392
2025-10-02 05:44:19,wallet_065,6.61651896,Outgoing,1,2,wallet_089
2025-10-02 05:44:19,wallet_089,6.61651896,Incoming,1,2,wallet_065
2025-10-02 07:01:43,wallet_380,0.11490913,Outgoing,1,2,wallet_057
2025-10-02 07:01:43,wallet_057,0.11490913,Incoming,1,2,wallet_380
2025-10-02 09:34:24,wallet_168,0.1076587,Outgoing,2,2,wallet_194
2025-10-02 09:34:24,wallet_194,0.1076587,Incoming,2,2,wallet_168
2025-10-02 10:28:47,wallet_091,0.06443773,Outgoing,2,2,wallet_015
2025-10-02 10:28:47,wallet_015,0.06443773,Incoming,2,2,wallet_091
2025-10-02 13:18:21,wallet_004,0.01892888,Outgoing,2,1,wallet_106
2025-10-02 13:18:21,wallet_106,0.01892888,Incoming,2,1,wallet_004
2025-10-02 13:18:45,wallet_317,0.02604554,Outgoing,1,1,wallet_133
2025-10-02 13:18:45,wallet_133,0.02604554,Incoming,1,1,wallet_317
2025-10-02 13:37:24,wallet_352,0.09243515,Outgoing,3,1,wallet_374
2025-10-02 13:37:24,wallet_374,0.09243515,Incoming,3,1,wallet_352
2025-10-02 15:42:20,wallet_100,0.02010466,Outgoing,2,1,wallet_379
2025-10-02 15:42:20,wallet_379,0.02010466,Incoming,2,1,wallet_100
2025-10-02 16:50:53,wallet_160,0.0347241,Outgoing,2,2,wallet_319
2025-10-02 16:50:53,wallet_319,0.0347241,Incoming,2,2,wallet_160
2025-10-02 18:53:56,wallet_068,0.13923697,Outgoing,4,2,wallet_119
2025-10-02 18:53:56,wallet_119,0.13923697,Incoming,4,2,wallet_068
2025-10-02 19:12:52,wallet_192,0.09124904,Outgoing,1,1,wallet_287
2025-10-02 19:12:52,wallet_287,0.09124904,Incoming,1,1,wallet_192
2025-10-03 01:32:46,wallet_253,0.0206705,Outgoing,1,2,wallet_112
2025-10-03 01:32:46,wallet_112,0.0206705,Incoming,1,2,wallet_253
2025-10-03 07:38:36,wallet_254,0.0191323,Outgoing,1,2,wallet_318
2025-10-03 07:38:36,wallet_318,0.0191323,Incoming,1,2,wallet_254
2025-10-03 07:51:31,wallet_359,0.02726448,Outgoing,2,1,wallet_269
2025-10-03 07:51:31,wallet_269,0.02726448,Incoming,2,1,wallet_359
2025-10-03 09:10:01,wallet_376,0.01518041,Outgoing,3,3,wallet_169
2025-10-03 09:10:01,wallet_169,0.01518041,Incoming,3,3,wallet_376
2025-10-03 10:07:23,wallet_086,0.01601967,Outgoing,3,1,wallet_147
2025-10-03 10:07:23,wallet_147,0.01601967,Incoming,3,1,wallet_086
2025-10-03 11:50:09,wallet_251,0.17270142,Outgoing,1,2,wallet_350
2025-10-03 11:50:09,wallet_350,0.17270142,Incoming,1,2,wallet_251
2025-10-03 12:24:14,wallet_317,0.0300607,Outgoing,1,2,wallet_051
2025-10-03 12:24:14,wallet_051,0.0300607,Incoming,1,2,wallet_317
2025-10-03 13:36:26,wallet_319,0.03827901,Outgoing,2,2,wallet_272
2025-10-03 13:36:26,wallet_272,0.03827901,Incoming,2,2,wallet_319
2025-10-03 14:06:35,wallet_052,0.19769796,Outgoing,2,2,wallet_132
2025-10-03 14:06:35,wallet_132,0.19769796,Incoming,2,2,wallet_052
2025-10-03 15:24:40,wallet_251,0.26421948,Outgoing,4,2,wallet_034
2025-10-03 15:24:40,wallet_034,0.26421948,Incoming,4,2,wallet_251
2025-10-03 15:51:51,wallet_393,0.09022859,Outgoing,3,1,wallet_323
2025-10-03 15:51:51,wallet_323,0.09022859,Incoming,3,1,wallet_393
2025-10-03 17:41:46,wallet_346,0.05299421,Outgoing,1,3,wallet_270
2025-10-03 17:41:46,wallet_270,0.05299421,Incoming,1,3,wallet_346
2025-10-04 04:00:04,wallet_129,0.05982734,Outgoing,1,1,wallet_074
2025-10-04 04:00:04,wallet_074,0.05982734,Incoming,1,1,wallet_129
2025-10-04 04:15:26,wallet_129,0.0385777,Outgoing,2,2,wallet_040
2025-10-04 04:15:26,wallet_040,0.0385777,Incoming,2,2,wallet_129
2025-10-04 06:55:50,wallet_037,0.01934973,Outgoing,3,1,wallet_064
2025-10-04 06:55:50,wallet_064,0.01934973,Incoming,3,1,wallet_037
2025-10-04 07:39:34,wallet_385,0.05045193,Outgoing,3,2,wallet_331
2025-10-04 07:39:34,wallet_331,0.05045193,Incoming,3,2,wallet_385
2025-10-04 08:06:56,wallet_271,0.02877939,Outgoing,1,3,wallet_391
2025-10-04 08:06:56,wallet_391,0.02877939,Incoming,1,3,wallet_271
2025-10-04 09:53:29,wallet_248,0.00846533,Outgoing,4,1,wallet_172
2025-10-04 09:53:29,wallet_172,0.00846533,Incoming,4,1,wallet_248
2025-10-04 10:04:04,wallet_188,0.01235544,Outgoing,3,3,wallet_367
2025-10-04 10:04:04,wallet_367,0.01235544,Incoming,3,3,wallet_188
2025-10-04 11:49:02,wallet_116,0.05894063,Outgoing,2,2,wallet_324
2025-10-04 11:49:02,wallet_324,0.05894063,Incoming,2,2,wallet_116
2025-10-04 13:05:24,wallet_121,0.89381206,Outgoing,3,1,wallet_374
2025-10-04 13:05:24,wallet_374,0.89381206,Incoming,3,1,wallet_121
2025-10-04 16:03:41,wallet_104,0.06455434,Outgoing,1,2,wallet_248
2025-10-04 16:03:41,wallet_248,0.06455434,Incoming,1,2,wallet_104
2025-10-04 16:46:19,wallet_195,0.04647917,Outgoing,2,2,wallet_224
2025-10-04 16:46:19,wallet_224,0.04647917,Incoming,2,2,wallet_195
2025-10-04 17:07:29,wallet_043,0.0426342,Outgoing,1,3,wallet_007
2025-10-04 17:07:29,wallet_007,0.0426342,Incoming,1,3,wallet_043
2025-10-04 18:14:19,wallet_393,0.96813086,Outgoing,1,1,wallet_029
2025-10-04 18:14:19,wallet_029,0.96813086,Incoming,1,1,wallet_393
2025-10-04 18:48:21,wallet_165,0.06597221,Outgoing,1,2,wallet_074
2025-10-04 18:48:21,wallet_074,0.06597221,Incoming,1,2,wallet_165
2025-10-04 19:15:59,wallet_258,0.01128922,Outgoing,4,2,wallet_036
2025-10-04 19:15:59,wallet_036,0.01128922,Incoming,4,2,wallet_258
2025-10-04 19:49:42,wallet_256,0.12197695,Outgoing,1,1,wallet_360
2025-10-04 19:49:42,wallet_360,0.12197695,Incoming,1,1,wallet_256
2025-10-04 22:15:54,wallet_234,0.04084516,Outgoing,4,1,wallet_124
2025-10-04 22:15:54,wallet_124,0.04084516,Incoming,4,1,wallet_234
2025-10-05 04:14:37,wallet_051,0.03253598,Outgoing,2,2,wallet_317
2025-10-05 04:14:37,wallet_317,0.03253598,Incoming,2,2,wallet_051
2025-10-05 05:09:12,wallet_285,5.70129068,Outgoing,1,1,wallet_315
2025-10-05 05:09:12,wallet_315,5.70129068,Incoming,1,1,wallet_285
2025-10-05 05:24:33,wallet_315,5.61530472,Outgoing,1,1,wallet_136
2025-10-05 05:24:33,wallet_136,5.61530472,Incoming,1,1,wallet_315
2025-10-05 05:48:14,wallet_136,5.48724896,Outgoing,2,2,wallet_333
2025-10-05 05:48:14,wallet_333,5.48724896,Incoming,2,2,wallet_136
2025-10-05 09:30:49,wallet_402,0.06349445,Outgoing,1,2,wallet_130
2025-10-05 09:30:49,wallet_130,0.06349445,Incoming,1,2,wallet_402
2025-10-05 11:57:40,wallet_234,0.04226109,Outgoing,1,2,wallet_124
2025-10-05 11:57:40,wallet_124,0.04226109,Incoming,1,2,wallet_234
2025-10-05 12:00:04,wallet_045,0.00553656,Outgoing,1,2,wallet_333
2025-10-05 12:00:04,wallet_333,0.00553656,Incoming,1,2,wallet_045
2025-10-05 14:36:30,wallet_357,0.01988001,Outgoing,2,2,wallet_350
2025-10-05 14:36:30,wallet_350,0.01988001,Incoming,2,2,wallet_357
2025-10-05 15:34:49,wallet_360,0.13510438,Outgoing,4,2,wallet_043
2025-10-05 15:34:49,wallet_043,0.13510438,Incoming,4,2,wallet_360
2025-10-05 17:12:08,wallet_262,0.09811782,Outgoing,2,2,wallet_254
2025-10-05 17:12:08,wallet_254,0.09811782,Incoming,2,2,wallet_262
2025-10-05 18:20:16,wallet_234,0.10978408,Outgoing,1,2,wallet_143
2025-10-05 18:20:16,wallet_143,0.10978408,Incoming,1,2,wallet_234
2025-10-05 19:58:44,wallet_303,0.01384908,Outgoing,1,2,wallet_169
2025-10-05 19:58:44,wallet_169,0.01384908,Incoming,1,2,wallet_303
2025-10-05 21:12:57,wallet_262,0.08663743,Outgoing,2,2,wallet_195
2025-10-05 21:12:57,wallet_195,0.08663743,Incoming,2,2,wallet_262
2025-10-06 05:04:30,wallet_074,0.08883183,Outgoing,1,2,wallet_162
2025-10-06 05:04:30,wallet_162,0.08883183,Incoming,1,2,wallet_074
2025-10-06 07:30:45,wallet_306,0.39212536,Outgoing,1,1,wallet_068
2025-10-06 07:30:45,wallet_068,0.39212536,Incoming,1,1,wallet_306
2025-10-06 07:36:07,wallet_302,0.0807761,Outgoing,2,3,wallet_208
2025-10-06 07:36:07,wallet_208,0.0807761,Incoming,2,3,wallet_302
2025-10-06 09:23:43,wallet_149,0.0232252,Outgoing,1,2,wallet_042
2025-10-06 09:23:43,wallet_042,0.0232252,Incoming,1,2,wallet_149
2025-10-06 09:28:46,wallet_110,0.01897909,Outgoing,3,2,wallet_082
2025-10-06 09:28:46,wallet_082,0.01897909,Incoming,3,2,wallet_110
2025-10-06 10:03:36,wallet_140,0.06247992,Outgoing,1,2,wallet_159
2025-10-06 10:03:36,wallet_159,0.06247992,Incoming,1,2,wallet_140
2025-10-06 11:53:38,wallet_147,0.04106808,Outgoing,3,2,wallet_287
2025-10-06 11:53:38,wallet_287,0.04106808,Incoming,3,2,wallet_147
2025-10-06 12:39:02,wallet_233,0.0138225,Outgoing,2,1,wallet_104
2025-10-06 12:39:02,wallet_104,0.0138225,Incoming,2,1,wallet_233
2025-10-06 12:46:16,wallet_215,0.02305174,Outgoing,1,2,wallet_146
2025-10-06 12:46:16,wallet_146,0.02305174,Incoming,1,2,wallet_215
2025-10-06 13:35:00,wallet_239,0.07861625,Outgoing,2,1,wallet_082
2025-10-06 13:35:00,wallet_082,0.07861625,Incoming,2,1,wallet_239
2025-10-06 15:35:32,wallet_029,0.89722799,Outgoing,1,1,wallet_321
2025-10-06 15:35:32,wallet_321,0.89722799,Incoming,1,1,wallet_029
2025-10-06 18:13:28,wallet_201,0.22548079,Outgoing,1,2,wallet_295
2025-10-06 18:13:28,wallet_295,0.22548079,Incoming,1,2,wallet_201
2025-10-07 06:06:06,wallet_382,0.05875344,Outgoing,2,2,wallet_130
2025-10-07 06:06:06,wallet_130,0.05875344,Incoming,2,2,wallet_382
2025-10-07 09:57:35,wallet_258,4.78409894,Outgoing,2,2,wallet_325
2025-10-07 09:57:35,wallet_325,4.78409894,Incoming,2,2,wallet_258
2025-10-07 10:07:30,wallet_325,4.66943776,Outgoing,1,2,wallet_247
2025-10-07 10:07:30,wallet_247,4.66943776,Incoming,1,2,wallet_325
2025-10-07 10:21:00,wallet_247,4.63298832,Outgoing,2,2,wallet_100
2025-10-07 10:21:00,wallet_100,4.63298832,Incoming,2,2,wallet_247
2025-10-07 11:01:10,wallet_342,0.32811066,Outgoing,3,1,wallet_279
2025-10-07 11:01:10,wallet_279,0.32811066,Incoming,3,1,wallet_342
2025-10-07 11:52:34,wallet_085,0.01267599,Outgoing,3,2,wallet_177
2025-10-07 11:52:34,wallet_177,0.01267599,Incoming,3,2,wallet_085
2025-10-07 12:03:53,wallet_036,0.1150654,Outgoing,1,2,wallet_185
2025-10-07 12:03:53,wallet_185,0.1150654,Incoming,1,2,wallet_036
2025-10-07 12:50:05,wallet_082,0.01044532,Outgoing,2,2,wallet_032
2025-10-07 12:50:05,wallet_032,0.01044532,Incoming,2,2,wallet_082
2025-10-07 13:21:07,wallet_394,0.07492629,Outgoing,1,3,wallet_194
2025-10-07 13:21:07,wallet_194,0.07492629,Incoming,1,3,wallet_394
2025-10-07 14:14:32,wallet_034,0.05453072,Outgoing,1,2,wallet_051
2025-10-07 14:14:32,wallet_051,0.05453072,Incoming,1,2,wallet_034
2025-10-07 14:26:04,wallet_188,0.01569557,Outgoing,1,2,wallet_091
2025-10-07 14:26:04,wallet_091,0.01569557,Incoming,1,2,wallet_188
2025-10-07 14:36:47,wallet_072,1.51464261,Outgoing,1,2,wallet_238
2025-10-07 14:36:47,wallet_238,1.51464261,Incoming,1,2,wallet_072
2025-10-07 14:44:03,wallet_393,0.03815181,Outgoing,1,2,wallet_016
2025-10-07 14:44:03,wallet_016,0.03815181,Incoming,1,2,wallet_393
2025-10-07 15:47:21,wallet_235,0.04304028,Outgoing,1,2,wallet_212
2025-10-07 15:47:21,wallet_212,0.04304028,Incoming,1,2,wallet_235
2025-10-07 20:42:51,wallet_329,0.01807681,Outgoing,1,2,wallet_316
2025-10-07 20:42:51,wallet_316,0.01807681,Incoming,1,2,wallet_329
2025-10-08 05:10:44,wallet_174,0.09630925,Outgoing,2,1,wallet_292
2025-10-08 05:10:44,wallet_292,0.09630925,Incoming,2,1,wallet_174
2025-10-08 07:52:35,wallet_228,4.40255735,Outgoing,1,2,wallet_033
2025-10-08 07:52:35,wallet_033,4.40255735,Incoming,1,2,wallet_228
2025-10-08 08:42:32,wallet_033,0.35346083,Outgoing,2,6,wallet_392
2025-10-08 08:42:32,wallet_392,0.35346083,Incoming,2,6,wallet_033
2025-10-08 08:56:07,wallet_033,0.36711156,Outgoing,1,3,wallet_257
2025-10-08 08:56:07,wallet_257,0.36711156,Incoming,1,3,wallet_033
2025-10-08 09:13:47,wallet_033,0.39371242,Outgoing,2,3,wallet_391
2025-10-08 09:13:47,wallet_391,0.39371242,Incoming,2,3,wallet_033
2025-10-08 09:24:50,wallet_033,0.33376282,Outgoing,1,3,wallet_158
2025-10-08 09:24:50,wallet_158,0.33376282,Incoming,1,3,wallet_033
2025-10-08 09:43:07,wallet_027,0.11840195,Outgoing,1,2,wallet_360
2025-10-08 09:43:07,wallet_360,0.11840195,Incoming,1,2,wallet_027
2025-10-08 09:49:36,wallet_033,0.36640075,Outgoing,1,4,wallet_354
2025-10-08 09:49:36,wallet_354,0.36640075,Incoming,1,4,wallet_033
2025-10-08 09:58:39,wallet_033,0.40210117,Outgoing,1,4,wallet_230
2025-10-08 09:58:39,wallet_230,0.40210117,Incoming,1,4,wallet_033
2025-10-08 10:17:37,wallet_033,0.35101282,Outgoing,1,3,wallet_137
2025-10-08 10:17:37,wallet_137,0.35101282,Incoming,1,3,wallet_033
2025-10-08 10:18:47,wallet_196,0.01866269,Outgoing,3,3,wallet_366
2025-10-08 10:18:47,wallet_366,0.01866269,Incoming,3,3,wallet_196
2025-10-08 10:35:39,wallet_033,0.33031147,Outgoing,1,6,wallet_181
2025-10-08 10:35:39,wallet_181,0.33031147,Incoming,1,6,wallet_033
2025-10-08 10:44:09,wallet_033,0.38493791,Outgoing,2,6,wallet_174
2025-10-08 10:44:09,wallet_174,0.38493791,Incoming,2,6,wallet_033
2025-10-08 11:03:05,wallet_033,0.3319883,Outgoing,1,6,wallet_237
2025-10-08 11:03:05,wallet_237,0.3319883,Incoming,1,6,wallet_033
2025-10-08 11:23:58,wallet_198,0.07618676,Outgoing,4,3,wallet_013
2025-10-08 11:23:58,wallet_013,0.07618676,Incoming,4,3,wallet_198
2025-10-08 11:27:52,wallet_033,0.34799467,Outgoing,1,4,wallet_319
2025-10-08 11:27:52,wallet_319,0.34799467,Incoming,1,4,wallet_033
2025-10-08 11:48:46,wallet_033,0.34196107,Outgoing,2,6,wallet_166
2025-10-08 11:48:46,wallet_166,0.34196107,Incoming,2,6,wallet_033
2025-10-08 12:33:00,wallet_100,0.02781434,Outgoing,2,2,wallet_335
2025-10-08 12:33:00,wallet_335,0.02781434,Incoming,2,2,wallet_100
2025-10-08 12:51:17,wallet_010,0.09949867,Outgoing,1,2,wallet_239
2025-10-08 12:51:17,wallet_239,0.09949867,Incoming,1,2,wallet_010
2025-10-08 14:01:51,wallet_064,0.02386518,Outgoing,1,3,wallet_037
2025-10-08 14:01:51,wallet_037,0.02386518,Incoming,1,3,wallet_064
2025-10-08 14:27:31,wallet_334,0.39560968,Outgoing,1,1,wallet_242
2025-10-08 14:27:31,wallet_242,0.39560968,Incoming,1,1,wallet_334
2025-10-08 16:38:31,wallet_153,0.03211063,Outgoing,1,2,wallet_088
2025-10-08 16:38:31,wallet_088,0.03211063,Incoming,1,2,wallet_153
2025-10-08 16:47:18,wallet_061,0.05572971,Outgoing,1,1,wallet_376
2025-10-08 16:47:18,wallet_376,0.05572971,Incoming,1,1,wallet_061
2025-10-08 16:56:30,wallet_278,0.03622307,Outgoing,3,2,wallet_404
2025-10-08 16:56:30,wallet_404,0.03622307,Incoming,3,2,wallet_278
2025-10-08 18:23:47,wallet_321,0.02619999,Outgoing,4,3,wallet_142
2025-10-08 18:23:47,wallet_142,0.02619999,Incoming,4,3,wallet_321
2025-10-08 18:24:24,wallet_054,0.07005333,Outgoing,1,1,wallet_236
2025-10-08 18:24:24,wallet_236,0.07005333,Incoming,1,1,wallet_054
2025-10-08 18:48:00,wallet_112,0.02739139,Outgoing,1,2,wallet_253
2025-10-08 18:48:00,wallet_253,0.02739139,Incoming,1,2,wallet_112
2025-10-09 08:47:10,wallet_349,0.13705377,Outgoing,1,1,wallet_397
2025-10-09 08:47:10,wallet_397,0.13705377,Incoming,1,1,wallet_349
2025-10-09 11:37:36,wallet_396,0.02465769,Outgoing,1,1,wallet_317
2025-10-09 11:37:36,wallet_317,0.02465769,Incoming,1,1,wallet_396
2025-10-09 19:49:28,wallet_234,0.02436346,Outgoing,4,2,wallet_313
2025-10-09 19:49:28,wallet_313,0.02436346,Incoming,4,2,wallet_234
2025-10-09 20:34:52,wallet_244,0.09510168,Outgoing,1,2,wallet_133
2025-10-09 20:34:52,wallet_133,0.09510168,Incoming,1,2,wallet_244
2025-10-10 09:13:13,wallet_188,0.0293465,Outgoing,1,1,wallet_097
2025-10-10 09:13:13,wallet_097,0.0293465,Incoming,1,1,wallet_188
2025-10-10 09:28:25,wallet_055,0.1391602,Outgoing,3,3,wallet_404
2025-10-10 09:28:25,wallet_404,0.1391602,Incoming,3,3,wallet_055
2025-10-10 10:37:36,wallet_007,0.09722894,Outgoing,1,1,wallet_285
2025-10-10 10:37:36,wallet_285,0.09722894,Incoming,1,1,wallet_007
2025-10-10 11:05:50,wallet_344,0.13785387,Outgoing,3,2,wallet_102
2025-10-10 11:05:50,wallet_102,0.13785387,Incoming,3,2,wallet_344
2025-10-10 12:27:05,wallet_256,0.13883255,Outgoing,1,2,wallet_360
2025-10-10 12:27:05,wallet_360,0.13883255,Incoming,1,2,wallet_256
2025-10-10 17:35:03,wallet_129,0.12088937,Outgoing,1,1,wallet_218
2025-10-10 17:35:03,wallet_218,0.12088937,Incoming,1,1,wallet_129
2025-10-10 20:01:08,wallet_383,0.62374007,Outgoing,1,2,wallet_234
2025-10-10 20:01:08,wallet_234,0.62374007,Incoming,1,2,wallet_383
2025-10-10 23:11:49,wallet_142,0.08733501,Outgoing,2,3,wallet_097
2025-10-10 23:11:49,wallet_097,0.08733501,Incoming,2,3,wallet_142
2025-10-11 06:46:44,wallet_260,0.10926101,Outgoing,1,1,wallet_394
2025-10-11 06:46:44,wallet_394,0.10926101,Incoming,1,1,wallet_260
2025-10-11 07:24:30,wallet_130,0.04400179,Outgoing,1,1,wallet_202
2025-10-11 07:24:30,wallet_202,0.04400179,Incoming,1,1,wallet_130
2025-10-11 08:04:59,wallet_169,0.01352869,Outgoing,1,2,wallet_378
2025-10-11 08:04:59,wallet_378,0.01352869,Incoming,1,2,wallet_169
2025-10-11 08:38:03,wallet_164,0.04754299,Outgoing,3,1,wallet_231
2025-10-11 08:38:03,wallet_231,0.04754299,Incoming,3,1,wallet_164
2025-10-11 09:47:25,wallet_381,0.931208,Outgoing,1,3,wallet_307
2025-10-11 09:47:25,wallet_307,0.931208,Incoming,1,3,wallet_381
2025-10-11 11:19:08,wallet_042,0.01764658,Outgoing,1,1,wallet_288
2025-10-11 11:19:08,wallet_288,0.01764658,Incoming,1,1,wallet_042
2025-10-11 14:23:52,wallet_159,0.01964171,Outgoing,3,2,wallet_121
2025-10-11 14:23:52,wallet_121,0.01964171,Incoming,3,2,wallet_159
2025-10-11 15:38:25,wallet_249,0.01905821,Outgoing,1,2,wallet_102
2025-10-11 15:38:25,wallet_102,0.01905821,Incoming,1,2,wallet_249
2025-10-11 16:05:45,wallet_287,0.06099564,Outgoing,1,2,wallet_192
2025-10-11 16:05:45,wallet_192,0.06099564,Incoming,1,2,wallet_287
2025-10-11 17:47:32,wallet_070,0.10710163,Outgoing,1,2,wallet_254
2025-10-11 17:47:32,wallet_254,0.10710163,Incoming,1,2,wallet_070
2025-10-11 18:59:01,wallet_257,0.06308699,Outgoing,3,2,wallet_314
2025-10-11 18:59:01,wallet_314,0.06308699,Incoming,3,2,wallet_257
2025-10-11 21:16:33,wallet_130,0.07024426,Outgoing,1,1,wallet_163
2025-10-11 21:16:33,wallet_163,0.07024426,Incoming,1,1,wallet_130
2025-10-11 21:32:12,wallet_270,0.01207719,Outgoing,1,2,wallet_256
2025-10-11 21:32:12,wallet_256,0.01207719,Incoming,1,2,wallet_270
2025-10-12 06:15:51,wallet_340,0.07001584,Outgoing,4,2,wallet_248
2025-10-12 06:15:51,wallet_248,0.07001584,Incoming,4,2,wallet_340
2025-10-12 06:42:58,wallet_015,0.01263761,Outgoing,2,1,wallet_343
2025-10-12 06:42:58,wallet_343,0.01263761,Incoming,2,1,wallet_015
2025-10-12 09:24:28,wallet_187,0.02497943,Outgoing,1,2,wallet_064
2025-10-12 09:24:28,wallet_064,0.02497943,Incoming,1,2,wallet_187
2025-10-12 10:05:19,wallet_006,0.02301619,Outgoing,4,2,wallet_397
2025-10-12 10:05:19,wallet_397,0.02301619,Incoming,4,2,wallet_006
2025-10-12 10:59:35,wallet_190,0.09543483,Outgoing,3,3,wallet_086
2025-10-12 10:59:35,wallet_086,0.09543483,Incoming,3,3,wallet_190
2025-10-12 12:05:19,wallet_343,0.02180815,Outgoing,1,2,wallet_185
2025-10-12 12:05:19,wallet_185,0.02180815,Incoming,1,2,wallet_343
2025-10-12 12:11:47,wallet_010,0.01686588,Outgoing,1,2,wallet_224
2025-10-12 12:11:47,wallet_224,0.01686588,Incoming,1,2,wallet_010
2025-10-12 15:02:06,wallet_069,0.06879692,Outgoing,1,2,wallet_164
2025-10-12 15:02:06,wallet_164,0.06879692,Incoming,1,2,wallet_069
2025-10-12 15:15:33,wallet_285,0.05313681,Outgoing,4,2,wallet_207
2025-10-12 15:15:33,wallet_207,0.05313681,Incoming,4,2,wallet_285
2025-10-12 15:19:28,wallet_254,0.02219227,Outgoing,2,3,wallet_272
2025-10-12 15:19:28,wallet_272,0.02219227,Incoming,2,3,wallet_254
2025-10-12 15:23:51,wallet_165,0.09734579,Outgoing,1,2,wallet_073
2025-10-12 15:23:51,wallet_073,0.09734579,Incoming,1,2,wallet_165
2025-10-12 15:29:56,wallet_262,0.15622513,Outgoing,2,3,wallet_047
2025-10-12 15:29:56,wallet_047,0.15622513,Incoming,2,3,wallet_262
2025-10-12 16:43:06,wallet_359,0.05957441,Outgoing,1,2,wallet_229
2025-10-12 16:43:06,wallet_229,0.05957441,Incoming,1,2,wallet_359
2025-10-12 17:42:22,wallet_053,0.04027696,Outgoing,1,1,wallet_152
2025-10-12 17:42:22,wallet_152,0.04027696,Incoming,1,1,wallet_053
2025-10-12 19:42:22,wallet_306,0.11584668,Outgoing,2,3,wallet_344
2025-10-12 19:42:22,wallet_344,0.11584668,Incoming,2,3,wallet_306
2025-10-12 19:49:55,wallet_153,0.03536796,Outgoing,2,1,wallet_088
2025-10-12 19:49:55,wallet_088,0.03536796,Incoming,2,1,wallet_153
2025-10-12 23:46:31,wallet_021,0.01965664,Outgoing,1,1,wallet_350
2025-10-12 23:46:31,wallet_350,0.01965664,Incoming,1,1,wallet_021
2025-10-13 10:55:53,wallet_041,0.05899715,Outgoing,1,2,wallet_063
2025-10-13 10:55:53,wallet_063,0.05899715,Incoming,1,2,wallet_041
2025-10-13 12:14:09,wallet_257,0.3677602,Outgoing,2,2,wallet_054
2025-10-13 12:14:09,wallet_054,0.3677602,Incoming,2,2,wallet_257
2025-10-13 12:24:25,wallet_027,0.14871674,Outgoing,1,2,wallet_346
2025-10-13 12:24:25,wallet_346,0.14871674,Incoming,1,2,wallet_027
2025-10-13 13:36:21,wallet_344,0.07063942,Outgoing,2,2,wallet_127
2025-10-13 13:36:21,wallet_127,0.07063942,Incoming,2,2,wallet_344
2025-10-13 14:37:48,wallet_050,0.09584656,Outgoing,1,2,wallet_196
2025-10-13 14:37:48,wallet_196,0.09584656,Incoming,1,2,wallet_050
2025-10-13 14:58:27,wallet_110,0.02955376,Outgoing,3,2,wallet_192
2025-10-13 14:58:27,wallet_192,0.02955376,Incoming,3,2,wallet_110
2025-10-13 15:41:04,wallet_238,0.45983725,Outgoing,2,3,wallet_030
2025-10-13 15:41:04,wallet_030,0.45983725,Incoming,2,3,wallet_238
2025-10-13 16:42:29,wallet_169,0.01764238,Outgoing,3,2,wallet_097
2025-10-13 16:42:29,wallet_097,0.01764238,Incoming,3,2,wallet_169
2025-10-13 16:52:53,wallet_063,0.11566233,Outgoing,2,2,wallet_041
2025-10-13 16:52:53,wallet_041,0.11566233,Incoming,2,2,wallet_063
2025-10-13 17:33:59,wallet_362,0.03806179,Outgoing,2,2,wallet_078
2025-10-13 17:33:59,wallet_078,0.03806179,Incoming,2,2,wallet_362
2025-10-13 20:23:14,wallet_016,0.07116885,Outgoing,1,2,wallet_071
2025-10-13 20:23:14,wallet_071,0.07116885,Incoming,1,2,wallet_016
2025-10-14 06:41:47,wallet_068,0.23033171,Outgoing,1,1,wallet_306
2025-10-14 06:41:47,wallet_306,0.23033171,Incoming,1,1,wallet_068
2025-10-14 09:44:43,wallet_220,0.06691421,Outgoing,1,1,wallet_255
2025-10-14 09:44:43,wallet_255,0.06691421,Incoming,1,1,wallet_220
2025-10-14 11:09:55,wallet_368,0.04605567,Outgoing,1,1,wallet_109
2025-10-14 11:09:55,wallet_109,0.04605567,Incoming,1,1,wallet_368
2025-10-14 12:37:32,wallet_344,0.05641527,Outgoing,2,1,wallet_283
2025-10-14 12:37:32,wallet_283,0.05641527,Incoming,2,1,wallet_344
2025-10-14 14:27:06,wallet_285,2.19794674,Outgoing,1,2,wallet_207
2025-10-14 14:27:06,wallet_207,2.19794674,Incoming,1,2,wallet_285
2025-10-14 14:39:38,wallet_243,0.09332782,Outgoing,3,2,wallet_069
2025-10-14 14:39:38,wallet_069,0.09332782,Incoming,3,2,wallet_243
2025-10-14 20:50:09,wallet_252,0.11761527,Outgoing,1,2,wallet_374
2025-10-14 20:50:09,wallet_374,0.11761527,Incoming,1,2,wallet_252
2025-10-14 23:25:00,wallet_217,0.0405413,Outgoing,1,2,wallet_182
2025-10-14 23:25:00,wallet_182,0.0405413,Incoming,1,2,wallet_217
2025-10-15 02:24:24,wallet_254,0.06940751,Outgoing,1,1,wallet_278
2025-10-15 02:24:24,wallet_278,0.06940751,Incoming,1,1,wallet_254
2025-10-15 04:44:49,wallet_007,0.03419852,Outgoing,1,2,wallet_285
2025-10-15 04:44:49,wallet_285,0.03419852,Incoming,1,2,wallet_007
2025-10-15 04:57:19,wallet_230,0.20546367,Outgoing,2,1,wallet_374
2025-10-15 04:57:19,wallet_374,0.20546367,Incoming,2,1,wallet_230
2025-10-15 05:43:50,wallet_303,0.01221014,Outgoing,2,1,wallet_233
2025-10-15 05:43:50,wallet_233,0.01221014,Incoming,2,1,wallet_303
2025-10-15 08:37:17,wallet_381,0.2814123,Outgoing,1,2,wallet_146
2025-10-15 08:37:17,wallet_146,0.2814123,Incoming,1,2,wallet_381
2025-10-15 08:45:44,wallet_252,0.04247304,Outgoing,2,3,wallet_212
2025-10-15 08:45:44,wallet_212,0.04247304,Incoming,2,3,wallet_252
2025-10-15 09:24:16,wallet_030,0.35323519,Outgoing,1,1,wallet_175
2025-10-15 09:24:16,wallet_175,0.35323519,Incoming,1,1,wallet_030
2025-10-15 09:32:20,wallet_277,0.08542639,Outgoing,1,1,wallet_267
2025-10-15 09:32:20,wallet_267,0.08542639,Incoming,1,1,wallet_277
2025-10-15 11:22:55,wallet_265,0.08100385,Outgoing,1,2,wallet_388
2025-10-15 11:22:55,wallet_388,0.08100385,Incoming,1,2,wallet_265
2025-10-15 12:19:46,wallet_007,0.10646602,Outgoing,1,3,wallet_227
2025-10-15 12:19:46,wallet_227,0.10646602,Incoming,1,3,wallet_007
2025-10-15 15:04:41,wallet_007,0.18133222,Outgoing,1,2,wallet_227
2025-10-15 15:04:41,wallet_227,0.18133222,Incoming,1,2,wallet_007
2025-10-15 16:00:27,wallet_269,0.02748692,Outgoing,3,2,wallet_216
2025-10-15 16:00:27,wallet_216,0.02748692,Incoming,3,2,wallet_269
2025-10-15 16:35:51,wallet_244,0.06294552,Outgoing,1,1,wallet_306
2025-10-15 16:35:51,wallet_306,0.06294552,Incoming,1,1,wallet_244
2025-10-15 19:21:40,wallet_281,3.78238093,Outgoing,1,3,wallet_233
2025-10-15 19:21:40,wallet_233,3.78238093,Incoming,1,3,wallet_281
2025-10-15 20:20:47,wallet_252,0.06602506,Outgoing,1,1,wallet_212
2025-10-15 20:20:47,wallet_212,0.06602506,Incoming,1,1,wallet_252
2025-10-15 20:33:39,wallet_122,0.04402783,Outgoing,1,2,wallet_177
2025-10-15 20:33:39,wallet_177,0.04402783,Incoming,1,2,wallet_122
2025-10-15 21:19:29,wallet_039,0.19034925,Outgoing,1,2,wallet_199
2025-10-15 21:19:29,wallet_199,0.19034925,Incoming,1,2,wallet_039
2025-10-16 05:33:09,wallet_199,0.19599885,Outgoing,1,2,wallet_039
2025-10-16 05:33:09,wallet_039,0.19599885,Incoming,1,2,wallet_199
2025-10-16 07:07:43,wallet_215,0.00695161,Outgoing,2,1,wallet_323
2025-10-16 07:07:43,wallet_323,0.00695161,Incoming,2,1,wallet_215
2025-10-16 09:41:52,wallet_263,0.0939379,Outgoing,2,3,wallet_239
2025-10-16 09:41:52,wallet_239,0.0939379,Incoming,2,3,wallet_263
2025-10-16 10:24:41,wallet_333,0.09406858,Outgoing,1,3,wallet_046
2025-10-16 10:24:41,wallet_046,0.09406858,Incoming,1,3,wallet_333
2025-10-16 11:04:51,wallet_009,0.01861877,Outgoing,2,1,wallet_316
2025-10-16 11:04:51,wallet_316,0.01861877,Incoming,2,1,wallet_009
2025-10-16 11:19:10,wallet_139,0.05835686,Outgoing,1,2,wallet_300
2025-10-16 11:19:10,wallet_300,0.05835686,Incoming,1,2,wallet_139
2025-10-16 12:29:14,wallet_059,0.08916459,Outgoing,2,2,wallet_146
2025-10-16 12:29:14,wallet_146,0.08916459,Incoming,2,2,wallet_059
2025-10-16 13:05:22,wallet_051,0.03395957,Outgoing,2,1,wallet_317
2025-10-16 13:05:22,wallet_317,0.03395957,Incoming,2,1,wallet_051
2025-10-16 13:14:11,wallet_199,0.19474176,Outgoing,1,2,wallet_039
2025-10-16 13:14:11,wallet_039,0.19474176,Incoming,1,2,wallet_199
2025-10-16 18:17:03,wallet_133,0.02429995,Outgoing,1,1,wallet_037
2025-10-16 18:17:03,wallet_037,0.02429995,Incoming,1,1,wallet_133
2025-10-16 18:50:36,wallet_378,0.30147984,Outgoing,1,1,wallet_104
2025-10-16 18:50:36,wallet_104,0.30147984,Incoming,1,1,wallet_378
2025-10-16 19:13:35,wallet_357,0.06708934,Outgoing,1,1,wallet_344
2025-10-16 19:13:35,wallet_344,0.06708934,Incoming,1,1,wallet_357
2025-10-17 03:40:24,wallet_199,0.18888543,Outgoing,1,2,wallet_039
2025-10-17 03:40:24,wallet_039,0.18888543,Incoming,1,2,wallet_199
2025-10-17 05:08:55,wallet_159,0.06686899,Outgoing,4,2,wallet_176
2025-10-17 05:08:55,wallet_176,0.06686899,Incoming,4,2,wallet_159
2025-10-17 06:12:54,wallet_267,0.15217705,Outgoing,2,2,wallet_283
2025-10-17 06:12:54,wallet_283,0.15217705,Incoming,2,2,wallet_267
2025-10-17 06:18:16,wallet_320,0.01275696,Outgoing,1,3,wallet_242
2025-10-17 06:18:16,wallet_242,0.01275696,Incoming,1,3,wallet_320
2025-10-17 07:43:49,wallet_405,0.10887572,Outgoing,2,2,wallet_292
2025-10-17 07:43:49,wallet_292,0.10887572,Incoming,2,2,wallet_405
2025-10-17 08:40:57,wallet_243,0.02997286,Outgoing,1,2,wallet_318
2025-10-17 08:40:57,wallet_318,0.02997286,Incoming,1,2,wallet_243
2025-10-17 11:42:08,wallet_199,0.19555022,Outgoing,2,2,wallet_039
2025-10-17 11:42:08,wallet_039,0.19555022,Incoming,2,2,wallet_199
2025-10-17 11:42:27,wallet_317,0.02547016,Outgoing,1,3,wallet_133
2025-10-17 11:42:27,wallet_133,0.02547016,Incoming,1,3,wallet_317
2025-10-17 12:36:35,wallet_260,0.03688789,Outgoing,4,1,wallet_190
2025-10-17 12:36:35,wallet_190,0.03688789,Incoming,4,1,wallet_260
2025-10-17 14:26:50,wallet_185,0.10767441,Outgoing,2,1,wallet_069
2025-10-17 14:26:50,wallet_069,0.10767441,Incoming,2,1,wallet_185
2025-10-17 15:02:47,wallet_344,0.07553151,Outgoing,2,2,wallet_295
2025-10-17 15:02:47,wallet_295,0.07553151,Incoming,2,2,wallet_344
2025-10-17 21:34:11,wallet_199,0.19232916,Outgoing,1,2,wallet_039
2025-10-17 21:34:11,wallet_039,0.19232916,Incoming,1,2,wallet_199
2025-10-17 23:46:06,wallet_265,0.01555702,Outgoing,3,1,wallet_015
2025-10-17 23:46:06,wallet_015,0.01555702,Incoming,3,1,wallet_265
2025-10-18 02:09:53,wallet_261,0.02421579,Outgoing,1,2,wallet_334
2025-10-18 02:09:53,wallet_334,0.02421579,Incoming,1,2,wallet_261
2025-10-18 05:52:17,wallet_359,0.01897248,Outgoing,2,3,wallet_265
2025-10-18 05:52:17,wallet_265,0.01897248,Incoming,2,3,wallet_359
2025-10-18 09:20:12,wallet_385,0.11185275,Outgoing,2,2,wallet_292
2025-10-18 09:20:12,wallet_292,0.11185275,Incoming,2,2,wallet_385
2025-10-18 09:50:33,wallet_217,0.03604917,Outgoing,1,1,wallet_156
2025-10-18 09:50:33,wallet_156,0.03604917,Incoming,1,1,wallet_217
2025-10-18 10:39:00,wallet_199,0.19603015,Outgoing,1,1,wallet_039
2025-10-18 10:39:00,wallet_039,0.19603015,Incoming,1,1,wallet_199
2025-10-18 10:54:46,wallet_102,0.08514623,Outgoing,1,2,wallet_236
2025-10-18 10:54:46,wallet_236,0.08514623,Incoming,1,2,wallet_102
2025-10-18 10:56:34,wallet_236,0.08524896,Outgoing,1,2,wallet_168
2025-10-18 10:56:34,wallet_168,0.08524896,Incoming,1,2,wallet_236
2025-10-18 11:00:30,wallet_236,0.07508007,Outgoing,1,1,wallet_239
2025-10-18 11:00:30,wallet_239,0.07508007,Incoming,1,1,wallet_236
2025-10-18 11:03:45,wallet_236,0.05343569,Outgoing,1,3,wallet_169
2025-10-18 11:03:45,wallet_169,0.05343569,Incoming,1,3,wallet_236
2025-10-18 11:07:58,wallet_236,0.0681059,Outgoing,1,1,wallet_407
2025-10-18 11:07:58,wallet_407,0.0681059,Incoming,1,1,wallet_236
2025-10-18 11:14:22,wallet_236,0.05267861,Outgoing,2,1,wallet_121
2025-10-18 11:14:22,wallet_121,0.05267861,Incoming,2,1,wallet_236
2025-10-18 11:18:44,wallet_236,0.07050011,Outgoing,1,1,wallet_156
2025-10-18 11:18:44,wallet_156,0.07050011,Incoming,1,1,wallet_236
2025-10-18 11:22:03,wallet_271,0.06588212,Outgoing,4,3,wallet_236
2025-10-18 11:22:03,wallet_236,0.06588212,Incoming,4,3,wallet_271
2025-10-18 11:26:04,wallet_236,0.05031032,Outgoing,1,1,wallet_100
2025-10-18 11:26:04,wallet_100,0.05031032,Incoming,1,1,wallet_236
2025-10-18 11:30:54,wallet_236,0.06533515,Outgoing,1,2,wallet_377
2025-10-18 11:30:54,wallet_377,0.06533515,Incoming,1,2,wallet_236
2025-10-18 11:33:08,wallet_236,0.08141529,Outgoing,1,1,wallet_129
2025-10-18 11:33:08,wallet_129,0.08141529,Incoming,1,1,wallet_236
2025-10-18 11:34:03,wallet_236,0.05320574,Outgoing,2,1,wallet_097
2025-10-18 11:34:03,wallet_097,0.05320574,Incoming,2,1,wallet_236
2025-10-18 14:21:40,wallet_102,0.09164252,Outgoing,1,3,wallet_344
2025-10-18 14:21:40,wallet_344,0.09164252,Incoming,1,3,wallet_102
2025-10-18 16:03:27,wallet_405,2.14995079,Outgoing,2,1,wallet_240
2025-10-18 16:03:27,wallet_240,2.14995079,Incoming,2,1,wallet_405
2025-10-18 16:16:02,wallet_240,2.11032714,Outgoing,1,2,wallet_250
2025-10-18 16:16:02,wallet_250,2.11032714,Incoming,1,2,wallet_240
2025-10-18 16:23:17,wallet_297,0.02185495,Outgoing,1,2,wallet_392
2025-10-18 16:23:17,wallet_392,0.02185495,Incoming,1,2,wallet_297
2025-10-18 16:34:07,wallet_250,2.08130104,Outgoing,2,1,wallet_024
2025-10-18 16:34:07,wallet_024,2.08130104,Incoming,2,1,wallet_250
2025-10-18 16:44:56,wallet_024,2.02123793,Outgoing,1,2,wallet_197
2025-10-18 16:44:56,wallet_197,2.02123793,Incoming,1,2,wallet_024
2025-10-18 18:26:05,wallet_194,0.03869016,Outgoing,2,1,wallet_001
2025-10-18 18:26:05,wallet_001,0.03869016,Incoming,2,1,wallet_194
2025-10-18 21:33:00,wallet_199,0.19397631,Outgoing,2,2,wallet_039
2025-10-18 21:33:00,wallet_039,0.19397631,Incoming,2,2,wallet_199
2025-10-19 04:16:19,wallet_199,0.19563602,Outgoing,2,2,wallet_039
2025-10-19 04:16:19,wallet_039,0.19563602,Incoming,2,2,wallet_199
2025-10-19 04:49:32,wallet_190,0.06732828,Outgoing,2,3,wallet_242
2025-10-19 04:49:32,wallet_242,0.06732828,Incoming,2,3,wallet_190
2025-10-19 07:35:55,wallet_407,0.02345817,Outgoing,1,1,wallet_110
2025-10-19 07:35:55,wallet_110,0.02345817,Incoming,1,1,wallet_407
2025-10-19 08:51:42,wallet_243,0.02536116,Outgoing,1,3,wallet_316
2025-10-19 08:51:42,wallet_316,0.02536116,Incoming,1,3,wallet_243
2025-10-19 10:08:54,wallet_317,0.02768014,Outgoing,2,2,wallet_132
2025-10-19 10:08:54,wallet_132,0.02768014,Incoming,2,2,wallet_317
2025-10-19 11:20:04,wallet_207,0.02138345,Outgoing,1,2,wallet_202
2025-10-19 11:20:04,wallet_202,0.02138345,Incoming,1,2,wallet_207
2025-10-19 11:33:17,wallet_278,0.31618326,Outgoing,2,2,wallet_251
2025-10-19 11:33:17,wallet_251,0.31618326,Incoming,2,2,wallet_278
2025-10-19 11:51:11,wallet_361,0.04718992,Outgoing,4,2,wallet_266
2025-10-19 11:51:11,wallet_266,0.04718992,Incoming,4,2,wallet_361
2025-10-19 12:07:29,wallet_013,0.08257835,Outgoing,1,2,wallet_266
2025-10-19 12:07:29,wallet_266,0.08257835,Incoming,1,2,wallet_013
2025-10-19 12:07:43,wallet_284,0.07364953,Outgoing,2,2,wallet_029
2025-10-19 12:07:43,wallet_029,0.07364953,Incoming,2,2,wallet_284
2025-10-19 12:46:34,wallet_160,0.04383154,Outgoing,2,2,wallet_319
2025-10-19 12:46:34,wallet_319,0.04383154,Incoming,2,2,wallet_160
2025-10-19 14:04:56,wallet_149,0.02553927,Outgoing,1,2,wallet_269
2025-10-19 14:04:56,wallet_269,0.02553927,Incoming,1,2,wallet_149
2025-10-19 15:22:07,wallet_278,0.08288547,Outgoing,2,1,wallet_407
2025-10-19 15:22:07,wallet_407,0.08288547,Incoming,2,1,wallet_278
2025-10-19 17:20:04,wallet_261,0.08119226,Outgoing,2,2,wallet_049
2025-10-19 17:20:04,wallet_049,0.08119226,Incoming,2,2,wallet_261
2025-10-19 17:47:52,wallet_228,0.01421701,Outgoing,1,1,wallet_350
2025-10-19 17:47:52,wallet_350,0.01421701,Incoming,1,1,wallet_228
2025-10-19 17:57:22,wallet_145,0.00574424,Outgoing,4,3,wallet_045
2025-10-19 17:57:22,wallet_045,0.00574424,Incoming,4,3,wallet_145
2025-10-19 18:04:31,wallet_368,0.08373365,Outgoing,1,2,wallet_324
2025-10-19 18:04:31,wallet_324,0.08373365,Incoming,1,2,wallet_368
2025-10-19 20:02:50,wallet_068,0.01063764,Outgoing,2,1,wallet_295
2025-10-19 20:02:50,wallet_295,0.01063764,Incoming,2,1,wallet_068
2025-10-19 21:07:56,wallet_228,0.02261087,Outgoing,1,3,wallet_232
2025-10-19 21:07:56,wallet_232,0.02261087,Incoming,1,3,wallet_228
2025-10-19 23:23:42,wallet_199,0.19069298,Outgoing,2,2,wallet_039
2025-10-19 23:23:42,wallet_039,0.19069298,Incoming,2,2,wallet_199
2025-10-20 10:29:46,wallet_199,0.19611099,Outgoing,2,2,wallet_039
2025-10-20 10:29:46,wallet_039,0.19611099,Incoming,2,2,wallet_199
2025-10-20 12:49:48,wallet_269,0.01792224,Outgoing,1,2,wallet_371
2025-10-20 12:49:48,wallet_371,0.01792224,Incoming,1,2,wallet_269
2025-10-20 13:08:55,wallet_355,0.32844994,Outgoing,3,1,wallet_068
2025-10-20 13:08:55,wallet_068,0.32844994,Incoming,3,1,wallet_355
2025-10-20 16:11:05,wallet_069,0.08290871,Outgoing,1,1,wallet_236
2025-10-20 16:11:05,wallet_236,0.08290871,Incoming,1,1,wallet_069
2025-10-20 16:27:48,wallet_052,0.03036524,Outgoing,1,2,wallet_297
2025-10-20 16:27:48,wallet_297,0.03036524,Incoming,1,2,wallet_052
2025-10-20 16:47:28,wallet_086,0.03274453,Outgoing,2,2,wallet_190
2025-10-20 16:47:28,wallet_190,0.03274453,Incoming,2,2,wallet_086
2025-10-21 04:05:13,wallet_199,0.19508795,Outgoing,1,1,wallet_039
2025-10-21 04:05:13,wallet_039,0.19508795,Incoming,1,1,wallet_199
2025-10-21 08:00:44,wallet_051,0.16336741,Outgoing,2,3,wallet_133
2025-10-21 08:00:44,wallet_133,0.16336741,Incoming,2,3,wallet_051
2025-10-21 08:50:08,wallet_335,0.0883373,Outgoing,2,2,wallet_082
2025-10-21 08:50:08,wallet_082,0.0883373,Incoming,2,2,wallet_335
2025-10-21 09:38:14,wallet_323,0.0064967,Outgoing,4,2,wallet_388
2025-10-21 09:38:14,wallet_388,0.0064967,Incoming,4,2,wallet_323
2025-10-21 10:15:16,wallet_128,0.01355493,Outgoing,1,2,wallet_004
2025-10-21 10:15:16,wallet_004,0.01355493,Incoming,1,2,wallet_128
2025-10-21 10:38:14,wallet_287,0.14896315,Outgoing,1,3,wallet_309
2025-10-21 10:38:14,wallet_309,0.14896315,Incoming,1,3,wallet_287
2025-10-21 11:42:15,wallet_004,0.08345004,Outgoing,1,2,wallet_198
2025-10-21 11:42:15,wallet_198,0.08345004,Incoming,1,2,wallet_004
2025-10-21 12:03:56,wallet_212,0.03863794,Outgoing,1,3,wallet_252
2025-10-21 12:03:56,wallet_252,0.03863794,Incoming,1,3,wallet_212
2025-10-21 12:59:49,wallet_042,0.01472608,Outgoing,4,2,wallet_269
2025-10-21 12:59:49,wallet_269,0.01472608,Incoming,4,2,wallet_042
2025-10-21 13:27:40,wallet_119,0.1265397,Outgoing,1,2,wallet_068
2025-10-21 13:27:40,wallet_068,0.1265397,Incoming,1,2,wallet_119
2025-10-21 13:40:16,wallet_125,0.04969531,Outgoing,3,2,wallet_105
2025-10-21 13:40:16,wallet_105,0.04969531,Incoming,3,2,wallet_125
2025-10-21 15:45:16,wallet_408,0.08912734,Outgoing,1,2,wallet_350
2025-10-21 15:45:16,wallet_350,0.08912734,Incoming,1,2,wallet_408
2025-10-21 16:11:21,wallet_166,0.01291817,Outgoing,1,1,wallet_350
2025-10-21 16:11:21,wallet_350,0.01291817,Incoming,1,1,wallet_166
2025-10-21 16:21:52,wallet_254,0.02385296,Outgoing,4,1,wallet_100
2025-10-21 16:21:52,wallet_100,0.02385296,Incoming,4,1,wallet_254
2025-10-21 16:23:41,wallet_402,0.04285082,Outgoing,2,3,wallet_189
2025-10-21 16:23:41,wallet_189,0.04285082,Incoming,2,3,wallet_402
2025-10-21 17:59:26,wallet_170,0.02638561,Outgoing,1,3,wallet_182
2025-10-21 17:59:26,wallet_182,0.02638561,Incoming,1,3,wallet_170
2025-10-21 18:41:19,wallet_199,0.19480829,Outgoing,1,1,wallet_039
2025-10-21 18:41:19,wallet_039,0.19480829,Incoming,1,1,wallet_199
2025-10-21 19:24:50,wallet_308,0.21705072,Outgoing,1,3,wallet_099
2025-10-21 19:24:50,wallet_099,0.21705072,Incoming,1,3,wallet_308
2025-10-21 20:23:14,wallet_228,0.04314472,Outgoing,1,2,wallet_388
2025-10-21 20:23:14,wallet_388,0.04314472,Incoming,1,2,wallet_228
2025-10-21 21:47:44,wallet_037,0.03799584,Outgoing,1,2,wallet_229
2025-10-21 21:47:44,wallet_229,0.03799584,Incoming,1,2,wallet_037
2025-10-22 06:38:50,wallet_400,0.02186364,Outgoing,2,1,wallet_166
2025-10-22 06:38:50,wallet_166,0.02186364,Incoming,2,1,wallet_400
2025-10-22 07:49:43,wallet_199,0.19489454,Outgoing,2,2,wallet_039
2025-10-22 07:49:43,wallet_039,0.19489454,Incoming,2,2,wallet_199
2025-10-22 09:30:07,wallet_228,0.0337462,Outgoing,3,2,wallet_388
2025-10-22 09:30:07,wallet_388,0.0337462,Incoming,3,2,wallet_228
2025-10-22 11:03:13,wallet_258,0.02491086,Outgoing,1,1,wallet_233
2025-10-22 11:03:13,wallet_233,0.02491086,Incoming,1,1,wallet_258
2025-10-22 11:29:41,wallet_284,0.05021559,Outgoing,1,2,wallet_266
2025-10-22 11:29:41,wallet_266,0.05021559,Incoming,1,2,wallet_284
2025-10-22 13:34:49,wallet_267,0.02170256,Outgoing,2,1,wallet_277
2025-10-22 13:34:49,wallet_277,0.02170256,Incoming,2,1,wallet_267
2025-10-22 15:21:51,wallet_324,0.0316398,Outgoing,1,2,wallet_109
2025-10-22 15:21:51,wallet_109,0.0316398,Incoming,1,2,wallet_324
2025-10-22 16:19:32,wallet_323,0.00848197,Outgoing,3,3,wallet_387
2025-10-22 16:19:32,wallet_387,0.00848197,Incoming,3,3,wallet_323
2025-10-22 16:39:02,wallet_317,0.0256501,Outgoing,2,2,wallet_396
2025-10-22 16:39:02,wallet_396,0.0256501,Incoming,2,2,wallet_317
2025-10-23 03:54:38,wallet_070,0.08870289,Outgoing,3,2,wallet_316
2025-10-23 03:54:38,wallet_316,0.08870289,Incoming,3,2,wallet_070
2025-10-23 06:17:36,wallet_227,0.01481836,Outgoing,2,2,wallet_085
2025-10-23 06:17:36,wallet_085,0.01481836,Incoming,2,2,wallet_227
2025-10-23 08:43:04,wallet_166,0.04643575,Outgoing,2,1,wallet_403
2025-10-23 08:43:04,wallet_403,0.04643575,Incoming,2,1,wallet_166
2025-10-23 09:44:14,wallet_209,0.00609939,Outgoing,2,3,wallet_348
2025-10-23 09:44:14,wallet_348,0.00609939,Incoming,2,3,wallet_209
2025-10-23 09:57:53,wallet_319,0.04899109,Outgoing,2,2,wallet_100
2025-10-23 09:57:53,wallet_100,0.04899109,Incoming,2,2,wallet_319
2025-10-23 09:59:19,wallet_338,0.05410262,Outgoing,3,2,wallet_174
2025-10-23 09:59:19,wallet_174,0.05410262,Incoming,3,2,wallet_338
2025-10-23 10:34:15,wallet_097,0.0167086,Outgoing,1,3,wallet_169
2025-10-23 10:34:15,wallet_169,0.0167086,Incoming,1,3,wallet_097
2025-10-23 10:52:54,wallet_227,0.12752038,Outgoing,2,2,wallet_122
2025-10-23 10:52:54,wallet_122,0.12752038,Incoming,2,2,wallet_227
2025-10-23 11:14:48,wallet_173,0.01247103,Outgoing,1,2,wallet_280
2025-10-23 11:14:48,wallet_280,0.01247103,Incoming,1,2,wallet_173
2025-10-23 11:18:07,wallet_173,0.01229832,Outgoing,1,1,wallet_131
2025-10-23 11:18:07,wallet_131,0.01229832,Incoming,1,1,wallet_173
2025-10-23 11:20:31,wallet_173,0.0137245,Outgoing,3,2,wallet_049
2025-10-23 11:20:31,wallet_049,0.0137245,Incoming,3,2,wallet_173
2025-10-23 11:21:09,wallet_173,0.01152676,Outgoing,1,2,wallet_410
2025-10-23 11:21:09,wallet_410,0.01152676,Incoming,1,2,wallet_173
2025-10-23 11:25:23,wallet_173,0.01257921,Outgoing,1,2,wallet_117
2025-10-23 11:25:23,wallet_117,0.01257921,Incoming,1,2,wallet_173
2025-10-23 11:26:50,wallet_388,0.0172302,Outgoing,1,2,wallet_173
2025-10-23 11:26:50,wallet_173,0.0172302,Incoming,1,2,wallet_388
2025-10-23 11:30:11,wallet_199,0.01368903,Outgoing,1,2,wallet_173
2025-10-23 11:30:11,wallet_173,0.01368903,Incoming,1,2,wallet_199
2025-10-23 11:31:00,wallet_173,0.01935511,Outgoing,1,2,wallet_070
2025-10-23 11:31:00,wallet_070,0.01935511,Incoming,1,2,wallet_173
2025-10-23 11:37:17,wallet_401,0.01549699,Outgoing,1,2,wallet_173
2025-10-23 11:37:17,wallet_173,0.01549699,Incoming,1,2,wallet_401
2025-10-23 11:40:05,wallet_173,0.01380196,Outgoing,4,2,wallet_202
2025-10-23 11:40:05,wallet_202,0.01380196,Incoming,4,2,wallet_173
2025-10-23 11:44:27,wallet_039,0.01442726,Outgoing,1,2,wallet_173
2025-10-23 11:44:27,wallet_173,0.01442726,Incoming,1,2,wallet_039
2025-10-23 11:50:11,wallet_088,0.01826841,Outgoing,2,2,wallet_173
2025-10-23 11:50:11,wallet_173,0.01826841,Incoming,2,2,wallet_088
2025-10-23 11:51:00,wallet_173,0.01559005,Outgoing,1,2,wallet_217
2025-10-23 11:51:00,wallet_217,0.01559005,Incoming,1,2,wallet_173
2025-10-23 11:56:03,wallet_313,0.03759519,Outgoing,4,2,wallet_234
2025-10-23 11:56:03,wallet_234,0.03759519,Incoming,4,2,wallet_313
2025-10-23 12:23:57,wallet_396,0.03197494,Outgoing,1,2,wallet_402
2025-10-23 12:23:57,wallet_402,0.03197494,Incoming,1,2,wallet_396
2025-10-23 13:04:10,wallet_122,0.17433212,Outgoing,1,2,wallet_046
2025-10-23 13:04:10,wallet_046,0.17433212,Incoming,1,2,wallet_122
2025-10-23 15:10:20,wallet_393,0.05300167,Outgoing,1,2,wallet_016
2025-10-23 15:10:20,wallet_016,0.05300167,Incoming,1,2,wallet_393
2025-10-23 15:31:23,wallet_110,0.0832663,Outgoing,3,2,wallet_407
2025-10-23 15:31:23,wallet_407,0.0832663,Incoming,3,2,wallet_110
2025-10-23 16:31:56,wallet_397,0.06482596,Outgoing,2,2,wallet_152
2025-10-23 16:31:56,wallet_152,0.06482596,Incoming,2,2,wallet_397
2025-10-23 16:54:11,wallet_265,0.01281246,Outgoing,2,2,wallet_189
2025-10-23 16:54:11,wallet_189,0.01281246,Incoming,2,2,wallet_265
2025-10-23 17:22:46,wallet_071,0.08063055,Outgoing,1,2,wallet_196
2025-10-23 17:22:46,wallet_196,0.08063055,Incoming,1,2,wallet_071
2025-10-23 17:28:37,wallet_097,0.0230367,Outgoing,1,2,wallet_169
2025-10-23 17:28:37,wallet_169,0.0230367,Incoming,1,2,wallet_097
2025-10-23 18:38:08,wallet_297,0.01938676,Outgoing,1,2,wallet_037
2025-10-23 18:38:08,wallet_037,0.01938676,Incoming,1,2,wallet_297
2025-10-24 01:43:35,wallet_308,0.30680633,Outgoing,1,2,wallet_389
2025-10-24 01:43:35,wallet_389,0.30680633,Incoming,1,2,wallet_308
2025-10-24 07:01:27,wallet_037,0.01587458,Outgoing,1,2,wallet_034
2025-10-24 07:01:27,wallet_034,0.01587458,Incoming,1,2,wallet_037
2025-10-24 07:16:57,wallet_289,0.12007235,Outgoing,1,1,wallet_139
2025-10-24 07:16:57,wallet_139,0.12007235,Incoming,1,1,wallet_289
2025-10-24 07:22:30,wallet_064,0.02555694,Outgoing,2,2,wallet_078
2025-10-24 07:22:30,wallet_078,0.02555694,Incoming,2,2,wallet_064
2025-10-24 08:44:41,wallet_400,0.04487075,Outgoing,1,3,wallet_239
2025-10-24 08:44:41,wallet_239,0.04487075,Incoming,1,3,wallet_400
2025-10-24 10:11:18,wallet_323,0.08385581,Outgoing,3,3,wallet_388
2025-10-24 10:11:18,wallet_388,0.08385581,Incoming,3,3,wallet_323
2025-10-24 10:48:56,wallet_133,0.10158037,Outgoing,2,2,wallet_034
2025-10-24 10:48:56,wallet_034,0.10158037,Incoming,2,2,wallet_133
2025-10-24 11:03:39,wallet_238,0.01285451,Outgoing,1,2,wallet_166
2025-10-24 11:03:39,wallet_166,0.01285451,Incoming,1,2,wallet_238
2025-10-24 11:51:23,wallet_158,0.01191907,Outgoing,3,1,wallet_018
2025-10-24 11:51:23,wallet_018,0.01191907,Incoming,3,1,wallet_158
2025-10-24 13:31:57,wallet_006,0.10736138,Outgoing,2,2,wallet_104
2025-10-24 13:31:57,wallet_104,0.10736138,Incoming,2,2,wallet_006
2025-10-24 15:25:15,wallet_117,0.04523507,Outgoing,1,1,wallet_331
2025-10-24 15:25:15,wallet_331,0.04523507,Incoming,1,1,wallet_117
2025-10-24 16:31:57,wallet_126,0.03670377,Outgoing,1,2,wallet_394
2025-10-24 16:31:57,wallet_394,0.03670377,Incoming,1,2,wallet_126
2025-10-24 17:22:34,wallet_049,0.17480385,Outgoing,2,2,wallet_318
2025-10-24 17:22:34,wallet_318,0.17480385,Incoming,2,2,wallet_049
2025-10-24 18:37:39,wallet_132,0.07343168,Outgoing,1,2,wallet_317
2025-10-24 18:37:39,wallet_317,0.07343168,Incoming,1,2,wallet_132
2025-10-25 09:04:49,wallet_001,0.03755945,Outgoing,2,1,wallet_282
2025-10-25 09:04:49,wallet_282,0.03755945,Incoming,2,1,wallet_001
2025-10-25 09:06:57,wallet_307,0.01645733,Outgoing,1,1,wallet_228
2025-10-25 09:06:57,wallet_228,0.01645733,Incoming,1,1,wallet_307
2025-10-25 10:29:20,wallet_068,0.29814345,Outgoing,1,1,wallet_306
2025-10-25 10:29:20,wallet_306,0.29814345,Incoming,1,1,wallet_068
2025-10-25 10:40:48,wallet_193,0.0085663,Outgoing,1,1,wallet_045
2025-10-25 10:40:48,wallet_045,0.0085663,Incoming,1,1,wallet_193
2025-10-25 13:35:57,wallet_393,0.0422017,Outgoing,1,1,wallet_016
2025-10-25 13:35:57,wallet_016,0.0422017,Incoming,1,1,wallet_393
2025-10-25 13:56:11,wallet_062,0.03508866,Outgoing,1,1,wallet_195
2025-10-25 13:56:11,wallet_195,0.03508866,Incoming,1,1,wallet_062
2025-10-25 15:29:57,wallet_376,0.01405298,Outgoing,1,3,wallet_169
2025-10-25 15:29:57,wallet_169,0.01405298,Incoming,1,3,wallet_376
2025-10-25 15:49:57,wallet_176,0.03634634,Outgoing,4,3,wallet_159
2025-10-25 15:49:57,wallet_159,0.03634634,Incoming,4,3,wallet_176
2025-10-25 18:12:58,wallet_076,0.05940422,Outgoing,1,2,wallet_248
2025-10-25 18:12:58,wallet_248,0.05940422,Incoming,1,2,wallet_076
2025-10-25 19:19:00,wallet_286,0.09472908,Outgoing,2,1,wallet_283
2025-10-25 19:19:00,wallet_283,0.09472908,Incoming,2,1,wallet_286
2025-10-26 04:08:07,wallet_328,0.01056043,Outgoing,1,1,wallet_166
2025-10-26 04:08:07,wallet_166,0.01056043,Incoming,1,1,wallet_328
2025-10-26 08:24:31,wallet_239,0.02410456,Outgoing,1,2,wallet_006
2025-10-26 08:24:31,wallet_006,0.02410456,Incoming,1,2,wallet_239
2025-10-26 09:44:20,wallet_318,0.60959578,Outgoing,1,1,wallet_146
2025-10-26 09:44:20,wallet_146,0.60959578,Incoming,1,1,wallet_318
2025-10-26 10:42:42,wallet_196,0.0156728,Outgoing,1,1,wallet_366
2025-10-26 10:42:42,wallet_366,0.0156728,Incoming,1,1,wallet_196
2025-10-26 13:34:16,wallet_329,0.02457565,Outgoing,1,2,wallet_106
2025-10-26 13:34:16,wallet_106,0.02457565,Incoming,1,2,wallet_329
2025-10-26 16:19:30,wallet_175,0.20114683,Outgoing,1,3,wallet_348
2025-10-26 16:19:30,wallet_348,0.20114683,Incoming,1,3,wallet_175
2025-10-26 16:49:48,wallet_232,0.01200528,Outgoing,1,2,wallet_146
2025-10-26 16:49:48,wallet_146,0.01200528,Incoming,1,2,wallet_232
2025-10-26 17:57:02,wallet_253,0.1569127,Outgoing,4,2,wallet_011
2025-10-26 17:57:02,wallet_011,0.1569127,Incoming,4,2,wallet_253
2025-10-26 18:05:32,wallet_317,6.23609,Outgoing,1,2,wallet_180
2025-10-26 18:05:32,wallet_180,6.23609,Incoming,1,2,wallet_317
2025-10-26 18:13:02,wallet_180,6.12649475,Outgoing,1,2,wallet_103
2025-10-26 18:13:02,wallet_103,6.12649475,Incoming,1,2,wallet_180
2025-10-26 18:20:14,wallet_103,6.05359134,Outgoing,2,2,wallet_178
2025-10-26 18:20:14,wallet_178,6.05359134,Incoming,2,2,wallet_103
2025-10-26 18:24:40,wallet_178,5.99267968,Outgoing,2,2,wallet_040
2025-10-26 18:24:40,wallet_040,5.99267968,Incoming,2,2,wallet_178
2025-10-26 18:51:34,wallet_192,0.09579962,Outgoing,2,3,wallet_407
2025-10-26 18:51:34,wallet_407,0.09579962,Incoming,2,3,wallet_192
2025-10-27 06:12:17,wallet_013,0.05739301,Outgoing,2,1,wallet_198
2025-10-27 06:12:17,wallet_198,0.05739301,Incoming,2,1,wallet_013
2025-10-27 08:36:26,wallet_335,0.19990812,Outgoing,1,2,wallet_309
2025-10-27 08:36:26,wallet_309,0.19990812,Incoming,1,2,wallet_335
2025-10-27 09:40:29,wallet_349,0.08019729,Outgoing,1,1,wallet_335
2025-10-27 09:40:29,wallet_335,0.08019729,Incoming,1,1,wallet_349
2025-10-27 10:22:16,wallet_317,0.04318873,Outgoing,3,2,wallet_396
2025-10-27 10:22:16,wallet_396,0.04318873,Incoming,3,2,wallet_317
2025-10-27 11:30:06,wallet_374,0.08234729,Outgoing,2,2,wallet_221
2025-10-27 11:30:06,wallet_221,0.08234729,Incoming,2,2,wallet_374
2025-10-27 11:36:36,wallet_248,0.09273664,Outgoing,2,2,wallet_187
2025-10-27 11:36:36,wallet_187,0.09273664,Incoming,2,2,wallet_248
2025-10-27 14:13:49,wallet_013,2.45825382,Outgoing,1,3,wallet_361
2025-10-27 14:13:49,wallet_361,2.45825382,Incoming,1,3,wallet_013
2025-10-27 15:38:16,wallet_088,0.01486999,Outgoing,1,2,wallet_142
2025-10-27 15:38:16,wallet_142,0.01486999,Incoming,1,2,wallet_088
2025-10-27 16:20:07,wallet_348,0.00435735,Outgoing,2,2,wallet_350
2025-10-27 16:20:07,wallet_350,0.00435735,Incoming,2,2,wallet_348
2025-10-27 17:07:33,wallet_072,0.01175453,Outgoing,2,2,wallet_173
2025-10-27 17:07:33,wallet_173,0.01175453,Incoming,2,2,wallet_072
2025-10-27 17:31:55,wallet_182,0.02012943,Outgoing,4,2,wallet_229
2025-10-27 17:31:55,wallet_229,0.02012943,Incoming,4,2,wallet_182
2025-10-27 18:50:23,wallet_217,0.03939842,Outgoing,2,2,wallet_117
2025-10-27 18:50:23,wallet_117,0.03939842,Incoming,2,2,wallet_217
2025-10-27 21:20:55,wallet_049,0.51073599,Outgoing,3,1,wallet_318
2025-10-27 21:20:55,wallet_318,0.51073599,Incoming,3,1,wallet_049
2025-10-27 22:52:42,wallet_091,0.05700248,Outgoing,2,3,wallet_038
2025-10-27 22:52:42,wallet_038,0.05700248,Incoming,2,3,wallet_091
2025-10-28 06:42:04,wallet_383,0.28665816,Outgoing,1,1,wallet_400
2025-10-28 06:42:04,wallet_400,0.28665816,Incoming,1,1,wallet_383
2025-10-28 09:19:21,wallet_333,0.06175049,Outgoing,3,2,wallet_146
2025-10-28 09:19:21,wallet_146,0.06175049,Incoming,3,2,wallet_333
2025-10-28 09:32:03,wallet_095,0.03908155,Outgoing,1,2,wallet_139
2025-10-28 09:32:03,wallet_139,0.03908155,Incoming,1,2,wallet_095
2025-10-28 10:40:54,wallet_342,0.06501687,Outgoing,1,2,wallet_107
2025-10-28 10:40:54,wallet_107,0.06501687,Incoming,1,2,wallet_342
2025-10-28 11:03:00,wallet_369,0.09607345,Outgoing,3,2,wallet_219
2025-10-28 11:03:00,wallet_219,0.09607345,Incoming,3,2,wallet_369
2025-10-28 11:41:00,wallet_296,0.05406059,Outgoing,1,2,wallet_228
2025-10-28 11:41:00,wallet_228,0.05406059,Incoming,1,2,wallet_296
2025-10-28 12:21:00,wallet_369,0.07430731,Outgoing,1,2,wallet_189
2025-10-28 12:21:00,wallet_189,0.07430731,Incoming,1,2,wallet_369
2025-10-28 13:35:00,wallet_296,0.13598588,Outgoing,4,2,wallet_184
2025-10-28 13:35:00,wallet_184,0.13598588,Incoming,4,2,wallet_296
2025-10-28 13:41:44,wallet_105,0.21713281,Outgoing,1,2,wallet_068
2025-10-28 13:41:44,wallet_068,0.21713281,Incoming,1,2,wallet_105
2025-10-28 14:01:04,wallet_130,2.2135007,Outgoing,1,2,wallet_104
2025-10-28 14:01:04,wallet_104,2.2135007,Incoming,1,2,wallet_130
2025-10-28 14:10:53,wallet_174,0.11296871,Outgoing,1,2,wallet_289
2025-10-28 14:10:53,wallet_289,0.11296871,Incoming,1,2,wallet_174
2025-10-28 14:25:24,wallet_147,0.020782,Outgoing,1,3,wallet_037
2025-10-28 14:25:24,wallet_037,0.020782,Incoming,1,3,wallet_147
2025-10-28 14:43:35,wallet_095,0.08428832,Outgoing,2,1,wallet_041
2025-10-28 14:43:35,wallet_041,0.08428832,Incoming,2,1,wallet_095
2025-10-28 14:58:00,wallet_369,0.09623969,Outgoing,2,2,wallet_275
2025-10-28 14:58:00,wallet_275,0.09623969,Incoming,2,2,wallet_369
2025-10-28 15:07:46,wallet_388,0.00627255,Outgoing,2,2,wallet_323
2025-10-28 15:07:46,wallet_323,0.00627255,Incoming,2,2,wallet_388
2025-10-28 16:49:00,wallet_369,0.06943729,Outgoing,2,3,wallet_340
2025-10-28 16:49:00,wallet_340,0.06943729,Incoming,2,3,wallet_369
2025-10-28 17:17:05,wallet_158,0.02598319,Outgoing,1,1,wallet_018
2025-10-28 17:17:05,wallet_018,0.02598319,Incoming,1,1,wallet_158
2025-10-28 19:07:01,wallet_034,0.09070372,Outgoing,1,3,wallet_133
2025-10-28 19:07:01,wallet_133,0.09070372,Incoming,1,3,wallet_034
2025-10-28 23:19:49,wallet_194,0.04489345,Outgoing,3,1,wallet_404
2025-10-28 23:19:49,wallet_404,0.04489345,Incoming,3,1,wallet_194
2025-10-29 10:02:40,wallet_049,0.13259746,Outgoing,3,3,wallet_261
2025-10-29 10:02:40,wallet_261,0.13259746,Incoming,3,3,wallet_049
2025-10-29 10:28:37,wallet_297,0.05230067,Outgoing,3,1,wallet_078
2025-10-29 10:28:37,wallet_078,0.05230067,Incoming,3,1,wallet_297
2025-10-29 10:52:26,wallet_285,0.1115229,Outgoing,1,2,wallet_407
2025-10-29 10:52:26,wallet_407,0.1115229,Incoming,1,2,wallet_285
2025-10-29 11:25:00,wallet_296,0.06890057,Outgoing,1,1,wallet_111
2025-10-29 11:25:00,wallet_111,0.06890057,Incoming,1,1,wallet_296
2025-10-29 11:25:15,wallet_243,0.06964819,Outgoing,4,2,wallet_330
2025-10-29 11:25:15,wallet_330,0.06964819,Incoming,4,2,wallet_243
2025-10-29 11:37:40,wallet_029,0.1309656,Outgoing,1,2,wallet_350
2025-10-29 11:37:40,wallet_350,0.1309656,Incoming,1,2,wallet_029
2025-10-29 12:38:39,wallet_140,0.07074096,Outgoing,1,2,wallet_212
2025-10-29 12:38:39,wallet_212,0.07074096,Incoming,1,2,wallet_140
2025-10-29 13:03:15,wallet_248,0.05177312,Outgoing,2,1,wallet_076
2025-10-29 13:03:15,wallet_076,0.05177312,Incoming,2,1,wallet_248
2025-10-29 13:36:00,wallet_369,0.08361824,Outgoing,3,3,wallet_386
2025-10-29 13:36:00,wallet_386,0.08361824,Incoming,3,3,wallet_369
2025-10-29 14:32:00,wallet_369,0.05238087,Outgoing,4,2,wallet_078
2025-10-29 14:32:00,wallet_078,0.05238087,Incoming,4,2,wallet_369
2025-10-29 17:47:23,wallet_244,0.08848313,Outgoing,3,3,wallet_286
2025-10-29 17:47:23,wallet_286,0.08848313,Incoming,3,3,wallet_244
2025-10-29 19:02:51,wallet_270,0.02419891,Outgoing,1,2,wallet_156
2025-10-29 19:02:51,wallet_156,0.02419891,Incoming,1,2,wallet_270
2025-10-29 19:54:37,wallet_015,0.00571371,Outgoing,1,3,wallet_107
2025-10-29 19:54:37,wallet_107,0.00571371,Incoming,1,3,wallet_015
2025-10-29 20:33:36,wallet_260,0.12327267,Outgoing,1,2,wallet_126
2025-10-29 20:33:36,wallet_126,0.12327267,Incoming,1,2,wallet_260
2025-10-29 21:01:36,wallet_188,0.01231846,Outgoing,1,2,wallet_122
2025-10-29 21:01:36,wallet_122,0.01231846,Incoming,1,2,wallet_188
2025-10-29 23:07:05,wallet_244,2.1183754,Outgoing,2,1,wallet_306
2025-10-29 23:07:05,wallet_306,2.1183754,Incoming,2,1,wallet_244
2025-10-30 06:27:11,wallet_062,0.01531278,Outgoing,1,3,wallet_051
2025-10-30 06:27:11,wallet_051,0.01531278,Incoming,1,3,wallet_062
2025-10-30 09:01:07,wallet_109,0.0635335,Outgoing,2,1,wallet_324
2025-10-30 09:01:07,wallet_324,0.0635335,Incoming,2,1,wallet_109
2025-10-30 09:03:00,wallet_296,0.02265923,Outgoing,2,2,wallet_119
2025-10-30 09:03:00,wallet_119,0.02265923,Incoming,2,2,wallet_296
2025-10-30 10:09:00,wallet_296,0.04090375,Outgoing,1,2,wallet_239
2025-10-30 10:09:00,wallet_239,0.04090375,Incoming,1,2,wallet_296
2025-10-30 10:23:52,wallet_338,0.07900385,Outgoing,1,1,wallet_041
2025-10-30 10:23:52,wallet_041,0.07900385,Incoming,1,1,wallet_338
2025-10-30 11:05:00,wallet_369,0.14697682,Outgoing,4,3,wallet_288
2025-10-30 11:05:00,wallet_288,0.14697682,Incoming,4,3,wallet_369
2025-10-30 11:26:00,wallet_296,0.02379372,Outgoing,2,3,wallet_257
2025-10-30 11:26:00,wallet_257,0.02379372,Incoming,2,3,wallet_296
2025-10-30 13:24:47,wallet_099,0.12230559,Outgoing,3,2,wallet_308
2025-10-30 13:24:47,wallet_308,0.12230559,Incoming,3,2,wallet_099
2025-10-30 13:34:00,wallet_296,0.12795341,Outgoing,1,2,wallet_083
2025-10-30 13:34:00,wallet_083,0.12795341,Incoming,1,2,wallet_296
2025-10-30 14:48:09,wallet_410,0.05523666,Outgoing,2,1,wallet_388
2025-10-30 14:48:09,wallet_388,0.05523666,Incoming,2,1,wallet_410
2025-10-30 14:55:59,wallet_003,0.03434647,Outgoing,1,2,wallet_319
2025-10-30 14:55:59,wallet_319,0.03434647,Incoming,1,2,wallet_003
2025-10-30 14:57:00,wallet_369,0.11483952,Outgoing,2,1,wallet_021
2025-10-30 14:57:00,wallet_021,0.11483952,Incoming,2,1,wallet_369
2025-10-30 15:04:53,wallet_393,0.12481187,Outgoing,2,1,wallet_388
2025-10-30 15:04:53,wallet_388,0.12481187,Incoming,2,1,wallet_393
2025-10-30 15:34:15,wallet_165,0.05574352,Outgoing,3,1,wallet_344
2025-10-30 15:34:15,wallet_344,0.05574352,Incoming,3,1,wallet_165
2025-10-30 15:44:55,wallet_093,0.05703567,Outgoing,1,3,wallet_165
2025-10-30 15:44:55,wallet_165,0.05703567,Incoming,1,3,wallet_093
2025-10-30 16:26:37,wallet_377,0.4181517,Outgoing,1,1,wallet_052
2025-10-30 16:26:37,wallet_052,0.4181517,Incoming,1,1,wallet_377
2025-10-30 16:48:00,wallet_296,0.12503557,Outgoing,3,2,wallet_110
2025-10-30 16:48:00,wallet_110,0.12503557,Incoming,3,2,wallet_296
2025-10-30 17:46:10,wallet_068,0.13060348,Outgoing,3,1,wallet_201
2025-10-30 17:46:10,wallet_201,0.13060348,Incoming,3,1,wallet_068
2025-10-30 19:03:02,wallet_314,0.06580545,Outgoing,1,2,wallet_017
2025-10-30 19:03:02,wallet_017,0.06580545,Incoming,1,2,wallet_314
2025-10-30 20:25:48,wallet_268,0.04637683,Outgoing,1,2,wallet_207
2025-10-30 20:25:48,wallet_207,0.04637683,Incoming,1,2,wallet_268
2025-10-31 01:59:12,wallet_407,0.1019678,Outgoing,1,2,wallet_091
2025-10-31 01:59:12,wallet_091,0.1019678,Incoming,1,2,wallet_407
2025-10-31 09:20:12,wallet_045,0.00925011,Outgoing,2,1,wallet_118
2025-10-31 09:20:12,wallet_118,0.00925011,Incoming,2,1,wallet_045
2025-10-31 11:39:16,wallet_074,0.04684731,Outgoing,3,3,wallet_165
2025-10-31 11:39:16,wallet_165,0.04684731,Incoming,3,3,wallet_074
2025-10-31 14:25:51,wallet_391,0.04989052,Outgoing,2,2,wallet_332
2025-10-31 14:25:51,wallet_332,0.04989052,Incoming,2,2,wallet_391
2025-10-31 15:01:48,wallet_142,0.06238473,Outgoing,1,2,wallet_088
2025-10-31 15:01:48,wallet_088,0.06238473,Incoming,1,2,wallet_142
2025-10-31 15:06:30,wallet_047,0.06677551,Outgoing,1,2,wallet_055
2025-10-31 15:06:30,wallet_055,0.06677551,Incoming,1,2,wallet_047
2025-10-31 16:01:27,wallet_316,0.02136293,Outgoing,3,2,wallet_242
2025-10-31 16:01:27,wallet_242,0.02136293,Incoming,3,2,wallet_316
2025-10-31 18:08:40,wallet_237,0.03548917,Outgoing,1,1,wallet_234
2025-10-31 18:08:40,wallet_234,0.03548917,Incoming,1,1,wallet_237
2025-10-31 20:58:24,wallet_193,0.19871019,Outgoing,1,1,wallet_046
2025-10-31 20:58:24,wallet_046,0.19871019,Incoming,1,1,wallet_193
2025-11-01 03:30:27,wallet_372,0.01754223,Outgoing,2,2,wallet_090
2025-11-01 03:30:27,wallet_090,0.01754223,Incoming,2,2,wallet_372
2025-11-01 05:32:17,wallet_129,0.02362588,Outgoing,1,2,wallet_184
2025-11-01 05:32:17,wallet_184,0.02362588,Incoming,1,2,wallet_129
2025-11-01 08:59:46,wallet_093,0.16710072,Outgoing,3,2,wallet_221
2025-11-01 08:59:46,wallet_221,0.16710072,Incoming,3,2,wallet_093
2025-11-01 11:21:56,wallet_023,0.02538672,Outgoing,2,2,wallet_100
2025-11-01 11:21:56,wallet_100,0.02538672,Incoming,2,2,wallet_023
2025-11-01 13:46:45,wallet_286,0.21575715,Outgoing,1,2,wallet_283
2025-11-01 13:46:45,wallet_283,0.21575715,Incoming,1,2,wallet_286
2025-11-01 14:12:33,wallet_189,0.09115689,Outgoing,1,2,wallet_091
2025-11-01 14:12:33,wallet_091,0.09115689,Incoming,1,2,wallet_189
2025-11-01 14:38:27,wallet_205,0.07052278,Outgoing,2,2,wallet_280
2025-11-01 14:38:27,wallet_280,0.07052278,Incoming,2,2,wallet_205
2025-11-01 15:32:48,wallet_016,0.02747145,Outgoing,2,3,wallet_208
2025-11-01 15:32:48,wallet_208,0.02747145,Incoming,2,3,wallet_016
2025-11-01 17:01:47,wallet_365,0.06199099,Outgoing,2,1,wallet_185
2025-11-01 17:01:47,wallet_185,0.06199099,Incoming,2,1,wallet_365
2025-11-01 17:26:09,wallet_298,0.04214107,Outgoing,1,2,wallet_405
2025-11-01 17:26:09,wallet_405,0.04214107,Incoming,1,2,wallet_298
2025-11-01 20:51:29,wallet_221,0.22857332,Outgoing,1,2,wallet_074
2025-11-01 20:51:29,wallet_074,0.22857332,Incoming,1,2,wallet_221
2025-11-01 21:33:59,wallet_055,0.06512089,Outgoing,1,1,wallet_404
2025-11-01 21:33:59,wallet_404,0.06512089,Incoming,1,1,wallet_055
2025-11-01 21:57:59,wallet_243,0.01158441,Outgoing,3,3,wallet_057
2025-11-01 21:57:59,wallet_057,0.01158441,Incoming,3,3,wallet_243
2025-11-02 09:34:41,wallet_094,0.13129477,Outgoing,1,2,wallet_188
2025-11-02 09:34:41,wallet_188,0.13129477,Incoming,1,2,wallet_094
2025-11-02 13:56:52,wallet_100,0.06296226,Outgoing,1,2,wallet_379
2025-11-02 13:56:52,wallet_379,0.06296226,Incoming,1,2,wallet_100
2025-11-02 15:11:17,wallet_074,0.05689781,Outgoing,2,2,wallet_165
2025-11-02 15:11:17,wallet_165,0.05689781,Incoming,2,2,wallet_074
2025-11-02 15:41:55,wallet_193,0.03508265,Outgoing,1,1,wallet_065
2025-11-02 15:41:55,wallet_065,0.03508265,Incoming,1,1,wallet_193
2025-11-02 20:50:52,wallet_202,0.06018473,Outgoing,2,1,wallet_007
2025-11-02 20:50:52,wallet_007,0.06018473,Incoming,2,1,wallet_202
2025-11-03 00:31:01,wallet_122,0.05875669,Outgoing,1,1,wallet_342
2025-11-03 00:31:01,wallet_342,0.05875669,Incoming,1,1,wallet_122
2025-11-03 07:27:01,wallet_091,0.08358976,Outgoing,4,2,wallet_151
2025-11-03 07:27:01,wallet_151,0.08358976,Incoming,4,2,wallet_091
2025-11-03 08:33:03,wallet_320,0.00881244,Outgoing,2,1,wallet_070
2025-11-03 08:33:03,wallet_070,0.00881244,Incoming,2,1,wallet_320
2025-11-03 09:08:55,wallet_237,0.03271284,Outgoing,2,2,wallet_129
2025-11-03 09:08:55,wallet_129,0.03271284,Incoming,2,2,wallet_237
2025-11-03 09:39:58,wallet_025,0.0157586,Outgoing,1,1,wallet_021
2025-11-03 09:39:58,wallet_021,0.0157586,Incoming,1,1,wallet_025
2025-11-03 13:23:21,wallet_004,0.03086098,Outgoing,2,3,wallet_128
2025-11-03 13:23:21,wallet_128,0.03086098,Incoming,2,3,wallet_004
2025-11-03 13:36:04,wallet_234,0.04538987,Outgoing,1,2,wallet_237
2025-11-03 13:36:04,wallet_237,0.04538987,Incoming,1,2,wallet_234
2025-11-03 14:16:26,wallet_248,0.03724643,Outgoing,1,1,wallet_076
2025-11-03 14:16:26,wallet_076,0.03724643,Incoming,1,1,wallet_248
2025-11-03 14:43:39,wallet_224,0.02084915,Outgoing,1,2,wallet_086
2025-11-03 14:43:39,wallet_086,0.02084915,Incoming,1,2,wallet_224
2025-11-03 14:46:30,wallet_384,0.01062486,Outgoing,1,3,wallet_350
2025-11-03 14:46:30,wallet_350,0.01062486,Incoming,1,3,wallet_384
2025-11-03 15:59:09,wallet_257,0.05407843,Outgoing,3,2,wallet_069
2025-11-03 15:59:09,wallet_069,0.05407843,Incoming,3,2,wallet_257
2025-11-03 16:06:46,wallet_073,0.07422881,Outgoing,1,1,wallet_309
2025-11-03 16:06:46,wallet_309,0.07422881,Incoming,1,1,wallet_073
2025-11-03 16:27:17,wallet_015,0.32204572,Outgoing,1,1,wallet_265
2025-11-03 16:27:17,wallet_265,0.32204572,Incoming,1,1,wallet_015
2025-11-03 16:48:01,wallet_007,0.03845201,Outgoing,1,1,wallet_027
2025-11-03 16:48:01,wallet_027,0.03845201,Incoming,1,1,wallet_007
2025-11-03 17:43:22,wallet_193,0.15536495,Outgoing,1,2,wallet_046
2025-11-03 17:43:22,wallet_046,0.15536495,Incoming,1,2,wallet_193
2025-11-03 17:53:46,wallet_043,0.05212329,Outgoing,1,2,wallet_207
2025-11-03 17:53:46,wallet_207,0.05212329,Incoming,1,2,wallet_043
2025-11-03 18:12:58,wallet_292,0.03628305,Outgoing,1,2,wallet_385
2025-11-03 18:12:58,wallet_385,0.03628305,Incoming,1,2,wallet_292
2025-11-03 19:10:07,wallet_231,0.1088756,Outgoing,1,2,wallet_029
2025-11-03 19:10:07,wallet_029,0.1088756,Incoming,1,2,wallet_231
2025-11-03 19:47:09,wallet_239,0.17180999,Outgoing,3,1,wallet_350
2025-11-03 19:47:09,wallet_350,0.17180999,Incoming,3,1,wallet_239
2025-11-03 22:57:47,wallet_256,0.01014623,Outgoing,2,1,wallet_027
2025-11-03 22:57:47,wallet_027,0.01014623,Incoming,2,1,wallet_256
2025-11-04 02:16:04,wallet_185,0.04240745,Outgoing,4,3,wallet_177
2025-11-04 02:16:04,wallet_177,0.04240745,Incoming,4,3,wallet_185
2025-11-04 06:26:39,wallet_187,0.00550446,Outgoing,1,1,wallet_064
2025-11-04 06:26:39,wallet_064,0.00550446,Incoming,1,1,wallet_187
2025-11-04 09:49:32,wallet_169,0.01597553,Outgoing,3,2,wallet_376
2025-11-04 09:49:32,wallet_376,0.01597553,Incoming,3,2,wallet_169
2025-11-04 10:48:49,wallet_149,0.0804222,Outgoing,1,2,wallet_143
2025-11-04 10:48:49,wallet_143,0.0804222,Incoming,1,2,wallet_149
2025-11-04 10:53:51,wallet_043,0.06759698,Outgoing,1,2,wallet_346
2025-11-04 10:53:51,wallet_346,0.06759698,Incoming,1,2,wallet_043
2025-11-04 11:54:21,wallet_283,0.01229764,Outgoing,3,2,wallet_384
2025-11-04 11:54:21,wallet_384,0.01229764,Incoming,3,2,wallet_283
2025-11-04 14:24:39,wallet_068,0.1210615,Outgoing,1,2,wallet_119
2025-11-04 14:24:39,wallet_119,0.1210615,Incoming,1,2,wallet_068
2025-11-04 14:50:41,wallet_248,0.05921265,Outgoing,1,1,wallet_294
2025-11-04 14:50:41,wallet_294,0.05921265,Incoming,1,1,wallet_248
2025-11-04 15:04:16,wallet_279,0.27602662,Outgoing,2,2,wallet_370
2025-11-04 15:04:16,wallet_370,0.27602662,Incoming,2,2,wallet_279
2025-11-04 15:19:51,wallet_348,0.00988228,Outgoing,1,2,wallet_328
2025-11-04 15:19:51,wallet_328,0.00988228,Incoming,1,2,wallet_348
2025-11-04 17:42:11,wallet_324,0.26318381,Outgoing,2,2,wallet_176
2025-11-04 17:42:11,wallet_176,0.26318381,Incoming,2,2,wallet_324
2025-11-04 18:30:27,wallet_232,0.01752794,Outgoing,1,1,wallet_011
2025-11-04 18:30:27,wallet_011,0.01752794,Incoming,1,1,wallet_232
2025-11-04 18:54:46,wallet_023,0.01924923,Outgoing,1,2,wallet_156
2025-11-04 18:54:46,wallet_156,0.01924923,Incoming,1,2,wallet_023
2025-11-04 21:18:49,wallet_403,0.01374091,Outgoing,1,2,wallet_021
2025-11-04 21:18:49,wallet_021,0.01374091,Incoming,1,2,wallet_403
2025-11-04 21:50:56,wallet_220,0.09008265,Outgoing,1,1,wallet_029
2025-11-04 21:50:56,wallet_029,0.09008265,Incoming,1,1,wallet_220
2025-11-04 21:55:19,wallet_131,0.24776802,Outgoing,1,3,wallet_308
2025-11-04 21:55:19,wallet_308,0.24776802,Incoming,1,3,wallet_131
2025-11-04 22:43:38,wallet_046,0.08246101,Outgoing,1,1,wallet_145
2025-11-04 22:43:38,wallet_145,0.08246101,Incoming,1,1,wallet_046
2025-11-05 05:29:33,wallet_039,0.11546963,Outgoing,1,3,wallet_360
2025-11-05 05:29:33,wallet_360,0.11546963,Incoming,1,3,wallet_039
2025-11-05 06:56:07,wallet_317,0.02382361,Outgoing,2,2,wallet_051
2025-11-05 06:56:07,wallet_051,0.02382361,Incoming,2,2,wallet_317
2025-11-05 07:38:07,wallet_397,0.06476824,Outgoing,1,1,wallet_218
2025-11-05 07:38:07,wallet_218,0.06476824,Incoming,1,1,wallet_397
2025-11-05 08:51:01,wallet_208,0.03822064,Outgoing,1,2,wallet_016
2025-11-05 08:51:01,wallet_016,0.03822064,Incoming,1,2,wallet_208
2025-11-05 10:49:16,wallet_344,0.09251039,Outgoing,1,1,wallet_306
2025-11-05 10:49:16,wallet_306,0.09251039,Incoming,1,1,wallet_344
2025-11-05 11:50:46,wallet_116,0.03181157,Outgoing,1,1,wallet_253
2025-11-05 11:50:46,wallet_253,0.03181157,Incoming,1,1,wallet_116
2025-11-05 12:32:04,wallet_091,0.01806665,Outgoing,1,1,wallet_265
2025-11-05 12:32:04,wallet_265,0.01806665,Incoming,1,1,wallet_091
2025-11-05 14:15:24,wallet_174,0.05244625,Outgoing,1,2,wallet_350
2025-11-05 14:15:24,wallet_350,0.05244625,Incoming,1,2,wallet_174
2025-11-05 14:40:14,wallet_198,0.03705411,Outgoing,1,3,wallet_181
2025-11-05 14:40:14,wallet_181,0.03705411,Incoming,1,3,wallet_198
2025-11-05 14:49:00,wallet_308,0.24533252,Outgoing,4,3,wallet_099
2025-11-05 14:49:00,wallet_099,0.24533252,Incoming,4,3,wallet_308
2025-11-05 16:26:40,wallet_140,0.03635003,Outgoing,1,1,wallet_121
2025-11-05 16:26:40,wallet_121,0.03635003,Incoming,1,1,wallet_140
2025-11-05 18:43:25,wallet_143,0.03636727,Outgoing,4,1,wallet_350
2025-11-05 18:43:25,wallet_350,0.03636727,Incoming,4,1,wallet_143
2025-11-05 18:45:28,wallet_217,0.09279689,Outgoing,1,1,wallet_137
2025-11-05 18:45:28,wallet_137,0.09279689,Incoming,1,1,wallet_217
2025-11-05 18:51:42,wallet_187,0.0081439,Outgoing,2,1,wallet_064
2025-11-05 18:51:42,wallet_064,0.0081439,Incoming,2,1,wallet_187
2025-11-06 01:39:26,wallet_008,0.05599346,Outgoing,1,2,wallet_146
2025-11-06 01:39:26,wallet_146,0.05599346,Incoming,1,2,wallet_008
2025-11-06 04:16:18,wallet_378,0.01278938,Outgoing,2,2,wallet_169
2025-11-06 04:16:18,wallet_169,0.01278938,Incoming,2,2,wallet_378
2025-11-06 06:37:38,wallet_034,0.06880004,Outgoing,1,2,wallet_051
2025-11-06 06:37:38,wallet_051,0.06880004,Incoming,1,2,wallet_034
2025-11-06 09:43:58,wallet_376,0.05397215,Outgoing,1,3,wallet_130
2025-11-06 09:43:58,wallet_130,0.05397215,Incoming,1,3,wallet_376
2025-11-06 11:25:14,wallet_227,0.02388802,Outgoing,2,2,wallet_085
2025-11-06 11:25:14,wallet_085,0.02388802,Incoming,2,2,wallet_227
2025-11-06 11:31:37,wallet_133,0.01590814,Outgoing,4,1,wallet_037
2025-11-06 11:31:37,wallet_037,0.01590814,Incoming,4,1,wallet_133
2025-11-06 13:53:00,wallet_371,0.02047758,Outgoing,1,2,wallet_127
2025-11-06 13:53:00,wallet_127,0.02047758,Incoming,1,2,wallet_371
2025-11-06 14:04:51,wallet_018,0.00419595,Outgoing,3,2,wallet_323
2025-11-06 14:04:51,wallet_323,0.00419595,Incoming,3,2,wallet_018
2025-11-06 14:29:23,wallet_049,0.89159202,Outgoing,1,1,wallet_318
2025-11-06 14:29:23,wallet_318,0.89159202,Incoming,1,1,wallet_049
2025-11-06 15:30:33,wallet_142,0.03129299,Outgoing,2,2,wallet_104
2025-11-06 15:30:33,wallet_104,0.03129299,Incoming,2,2,wallet_142
2025-11-06 16:45:07,wallet_221,0.22941941,Outgoing,1,2,wallet_372
2025-11-06 16:45:07,wallet_372,0.22941941,Incoming,1,2,wallet_221
2025-11-06 19:01:09,wallet_059,0.03670847,Outgoing,3,2,wallet_257
2025-11-06 19:01:09,wallet_257,0.03670847,Incoming,3,2,wallet_059
2025-11-06 21:07:21,wallet_124,0.01042215,Outgoing,4,1,wallet_127
2025-11-06 21:07:21,wallet_127,0.01042215,Incoming,4,1,wallet_124
2025-11-07 05:30:55,wallet_263,0.0427185,Outgoing,4,1,wallet_110
2025-11-07 05:30:55,wallet_110,0.0427185,Incoming,4,1,wallet_263
2025-11-07 06:23:46,wallet_032,0.10816712,Outgoing,1,2,wallet_309
2025-11-07 06:23:46,wallet_309,0.10816712,Incoming,1,2,wallet_032
2025-11-07 09:00:16,wallet_210,0.1991999,Outgoing,1,1,wallet_146
2025-11-07 09:00:16,wallet_146,0.1991999,Incoming,1,1,wallet_210
2025-11-07 09:08:19,wallet_082,0.15880871,Outgoing,1,2,wallet_335
2025-11-07 09:08:19,wallet_335,0.15880871,Incoming,1,2,wallet_082
2025-11-07 09:31:18,wallet_269,0.02502855,Outgoing,2,2,wallet_042
2025-11-07 09:31:18,wallet_042,0.02502855,Incoming,2,2,wallet_269
2025-11-07 09:38:30,wallet_249,0.05111703,Outgoing,2,2,wallet_168
2025-11-07 09:38:30,wallet_168,0.05111703,Incoming,2,2,wallet_249
2025-11-07 09:43:09,wallet_287,0.04245695,Outgoing,1,2,wallet_006
2025-11-07 09:43:09,wallet_006,0.04245695,Incoming,1,2,wallet_287
2025-11-07 10:33:02,wallet_288,0.02612834,Outgoing,3,3,wallet_042
2025-11-07 10:33:02,wallet_042,0.02612834,Incoming,3,3,wallet_288
2025-11-07 11:38:10,wallet_364,0.02219686,Outgoing,3,2,wallet_124
2025-11-07 11:38:10,wallet_124,0.02219686,Incoming,3,2,wallet_364
2025-11-07 11:55:23,wallet_194,0.05801475,Outgoing,3,2,wallet_271
2025-11-07 11:55:23,wallet_271,0.05801475,Incoming,3,2,wallet_194
2025-11-07 12:04:51,wallet_055,0.06004698,Outgoing,4,2,wallet_047
2025-11-07 12:04:51,wallet_047,0.06004698,Incoming,4,2,wallet_055
2025-11-07 13:30:37,wallet_072,0.03275204,Outgoing,3,2,wallet_401
2025-11-07 13:30:37,wallet_401,0.03275204,Incoming,3,2,wallet_072
2025-11-07 14:23:26,wallet_099,0.22983195,Outgoing,2,1,wallet_294
2025-11-07 14:23:26,wallet_294,0.22983195,Incoming,2,1,wallet_099
2025-11-07 16:47:25,wallet_400,0.00968206,Outgoing,3,1,wallet_348
2025-11-07 16:47:25,wallet_348,0.00968206,Incoming,3,1,wallet_400
2025-11-08 01:25:45,wallet_304,0.64296101,Outgoing,2,3,wallet_392
2025-11-08 01:25:45,wallet_392,0.64296101,Incoming,2,3,wallet_304
2025-11-08 01:45:38,wallet_091,0.08063031,Outgoing,3,2,wallet_367
2025-11-08 01:45:38,wallet_367,0.08063031,Incoming,3,2,wallet_091
2025-11-08 10:30:43,wallet_228,0.01749231,Outgoing,3,2,wallet_074
2025-11-08 10:30:43,wallet_074,0.01749231,Incoming,3,2,wallet_228
2025-11-08 12:36:38,wallet_112,0.09178695,Outgoing,1,2,wallet_069
2025-11-08 12:36:38,wallet_069,0.09178695,Incoming,1,2,wallet_112
2025-11-08 14:40:32,wallet_266,0.04107687,Outgoing,1,3,wallet_152
2025-11-08 14:40:32,wallet_152,0.04107687,Incoming,1,3,wallet_266
2025-11-08 14:56:21,wallet_254,0.04019269,Outgoing,1,2,wallet_100
2025-11-08 14:56:21,wallet_100,0.04019269,Incoming,1,2,wallet_254
2025-11-08 16:24:50,wallet_237,0.01370886,Outgoing,2,2,wallet_229
2025-11-08 16:24:50,wallet_229,0.01370886,Incoming,2,2,wallet_237
2025-11-08 16:39:45,wallet_280,0.00947319,Outgoing,1,1,wallet_407
2025-11-08 16:39:45,wallet_407,0.00947319,Incoming,1,1,wallet_280
2025-11-08 20:05:49,wallet_104,0.17334204,Outgoing,1,3,wallet_169
2025-11-08 20:05:49,wallet_169,0.17334204,Incoming,1,3,wallet_104
2025-11-08 21:51:15,wallet_402,0.05918124,Outgoing,1,3,wallet_142
2025-11-08 21:51:15,wallet_142,0.05918124,Incoming,1,3,wallet_402
2025-11-08 21:58:34,wallet_049,0.2186252,Outgoing,1,1,wallet_261
2025-11-08 21:58:34,wallet_261,0.2186252,Incoming,1,1,wallet_049
2025-11-09 05:42:55,wallet_274,0.04739443,Outgoing,1,2,wallet_362
2025-11-09 05:42:55,wallet_362,0.04739443,Incoming,1,2,wallet_274
2025-11-09 09:48:27,wallet_043,0.07853623,Outgoing,1,2,wallet_007
2025-11-09 09:48:27,wallet_007,0.07853623,Incoming,1,2,wallet_043
2025-11-09 13:01:04,wallet_188,0.01659658,Outgoing,4,2,wallet_170
2025-11-09 13:01:04,wallet_170,0.01659658,Incoming,4,2,wallet_188
2025-11-09 13:57:37,wallet_391,0.10307635,Outgoing,2,1,wallet_282
2025-11-09 13:57:37,wallet_282,0.10307635,Incoming,2,1,wallet_391
2025-11-09 13:59:08,wallet_197,0.10252474,Outgoing,1,2,wallet_380
2025-11-09 13:59:08,wallet_380,0.10252474,Incoming,1,2,wallet_197
2025-11-09 14:18:50,wallet_042,0.41648867,Outgoing,1,3,wallet_371
2025-11-09 14:18:50,wallet_371,0.41648867,Incoming,1,3,wallet_042
2025-11-09 17:05:40,wallet_147,0.03475098,Outgoing,1,2,wallet_407
2025-11-09 17:05:40,wallet_407,0.03475098,Incoming,1,2,wallet_147
2025-11-09 19:18:14,wallet_041,0.0391166,Outgoing,1,2,wallet_351
2025-11-09 19:18:14,wallet_351,0.0391166,Incoming,1,2,wallet_041
2025-11-10 02:09:29,wallet_212,0.07823778,Outgoing,1,2,wallet_352
2025-11-10 02:09:29,wallet_352,0.07823778,Incoming,1,2,wallet_212
2025-11-10 07:13:50,wallet_357,0.08614348,Outgoing,3,2,wallet_151
2025-11-10 07:13:50,wallet_151,0.08614348,Incoming,3,2,wallet_357
2025-11-10 08:29:13,wallet_020,0.02029019,Outgoing,1,2,wallet_208
2025-11-10 08:29:13,wallet_208,0.02029019,Incoming,1,2,wallet_020
2025-11-10 08:45:23,wallet_025,0.11068406,Outgoing,3,3,wallet_282
2025-11-10 08:45:23,wallet_282,0.11068406,Incoming,3,3,wallet_025
2025-11-10 09:50:07,wallet_169,0.02480238,Outgoing,1,2,wallet_097
2025-11-10 09:50:07,wallet_097,0.02480238,Incoming,1,2,wallet_169
2025-11-10 10:42:01,wallet_297,0.01604804,Outgoing,2,2,wallet_037
2025-11-10 10:42:01,wallet_037,0.01604804,Incoming,2,2,wallet_297
2025-11-10 13:44:52,wallet_198,0.1103613,Outgoing,1,2,wallet_128
2025-11-10 13:44:52,wallet_128,0.1103613,Incoming,1,2,wallet_198
2025-11-10 13:45:35,wallet_405,0.2163241,Outgoing,1,2,wallet_298
2025-11-10 13:45:35,wallet_298,0.2163241,Incoming,1,2,wallet_405
2025-11-10 16:28:31,wallet_097,0.02414244,Outgoing,1,1,wallet_169
2025-11-10 16:28:31,wallet_169,0.02414244,Incoming,1,1,wallet_097
2025-11-10 18:17:51,wallet_097,0.02569241,Outgoing,1,1,wallet_163
2025-11-10 18:17:51,wallet_163,0.02569241,Incoming,1,1,wallet_097
2025-11-10 20:20:01,wallet_013,0.12557371,Outgoing,2,2,wallet_152
2025-11-10 20:20:01,wallet_152,0.12557371,Incoming,2,2,wallet_013
2025-11-10 22:14:14,wallet_346,0.08772936,Outgoing,1,2,wallet_039
2025-11-10 22:14:14,wallet_039,0.08772936,Incoming,1,2,wallet_346
2025-11-11 06:07:28,wallet_165,0.04776357,Outgoing,1,2,wallet_040
2025-11-11 06:07:28,wallet_040,0.04776357,Incoming,1,2,wallet_165
2025-11-11 08:15:31,wallet_338,0.06071249,Outgoing,1,2,wallet_073
2025-11-11 08:15:31,wallet_073,0.06071249,Incoming,1,2,wallet_338
2025-11-11 10:00:07,wallet_270,0.43136026,Outgoing,2,3,wallet_351
2025-11-11 10:00:07,wallet_351,0.43136026,Incoming,2,3,wallet_270
2025-11-11 11:26:09,wallet_020,0.29098386,Outgoing,2,2,wallet_112
2025-11-11 11:26:09,wallet_112,0.29098386,Incoming,2,2,wallet_020
2025-11-11 12:59:53,wallet_090,0.10237691,Outgoing,1,2,wallet_220
2025-11-11 12:59:53,wallet_220,0.10237691,Incoming,1,2,wallet_090
2025-11-11 13:45:50,wallet_268,0.05359662,Outgoing,1,1,wallet_083
2025-11-11 13:45:50,wallet_083,0.05359662,Incoming,1,1,wallet_268
2025-11-11 15:05:44,wallet_228,0.05061398,Outgoing,2,1,wallet_146
2025-11-11 15:05:44,wallet_146,0.05061398,Incoming,2,1,wallet_228
2025-11-11 15:39:46,wallet_384,0.09549388,Outgoing,2,1,wallet_344
2025-11-11 15:39:46,wallet_344,0.09549388,Incoming,2,1,wallet_384
2025-11-11 16:05:00,wallet_392,0.138855,Outgoing,2,1,wallet_049
2025-11-11 16:05:00,wallet_049,0.138855,Incoming,2,1,wallet_392
2025-11-11 18:58:52,wallet_074,0.01084152,Outgoing,1,1,wallet_294
2025-11-11 18:58:52,wallet_294,0.01084152,Incoming,1,1,wallet_074
2025-11-11 22:07:46,wallet_260,0.1328255,Outgoing,2,2,wallet_241
2025-11-11 22:07:46,wallet_241,0.1328255,Incoming,2,2,wallet_260
2025-11-11 23:38:58,wallet_397,0.08567923,Outgoing,2,2,wallet_147
2025-11-11 23:38:58,wallet_147,0.08567923,Incoming,2,2,wallet_397
2025-11-12 03:31:53,wallet_407,0.1414372,Outgoing,1,2,wallet_110
2025-11-12 03:31:53,wallet_110,0.1414372,Incoming,1,2,wallet_407
2025-11-12 05:17:30,wallet_055,0.47298405,Outgoing,2,1,wallet_101
2025-11-12 05:17:30,wallet_101,0.47298405,Incoming,2,1,wallet_055
2025-11-12 05:59:01,wallet_187,0.40406711,Outgoing,2,1,wallet_101
2025-11-12 05:59:01,wallet_101,0.40406711,Incoming,2,1,wallet_187
2025-11-12 06:13:26,wallet_402,0.32320578,Outgoing,2,2,wallet_101
2025-11-12 06:13:26,wallet_101,0.32320578,Incoming,2,2,wallet_402
2025-11-12 06:26:33,wallet_298,0.16623689,Outgoing,2,1,wallet_101
2025-11-12 06:26:33,wallet_101,0.16623689,Incoming,2,1,wallet_298
2025-11-12 06:48:56,wallet_274,0.1499985,Outgoing,2,2,wallet_101
2025-11-12 06:48:56,wallet_101,0.1499985,Incoming,2,2,wallet_274
2025-11-12 07:07:17,wallet_170,0.01507194,Outgoing,1,2,wallet_188
2025-11-12 07:07:17,wallet_188,0.01507194,Incoming,1,2,wallet_170
2025-11-12 07:09:49,wallet_266,0.39269689,Outgoing,1,1,wallet_101
2025-11-12 07:09:49,wallet_101,0.39269689,Incoming,1,1,wallet_266
2025-11-12 07:54:17,wallet_230,0.40843432,Outgoing,2,1,wallet_101
2025-11-12 07:54:17,wallet_101,0.40843432,Incoming,2,1,wallet_230
2025-11-12 08:12:09,wallet_129,0.52143723,Outgoing,2,2,wallet_101
2025-11-12 08:12:09,wallet_101,0.52143723,Incoming,2,2,wallet_129
2025-11-12 08:21:25,wallet_360,0.58529079,Outgoing,1,1,wallet_101
2025-11-12 08:21:25,wallet_101,0.58529079,Incoming,1,1,wallet_360
2025-11-12 08:38:34,wallet_041,0.42134389,Outgoing,2,2,wallet_101
2025-11-12 08:38:34,wallet_101,0.42134389,Incoming,2,2,wallet_041
2025-11-12 08:56:29,wallet_268,0.20772582,Outgoing,1,2,wallet_101
2025-11-12 08:56:29,wallet_101,0.20772582,Incoming,1,2,wallet_268
2025-11-12 09:23:27,wallet_023,0.29562818,Outgoing,1,2,wallet_101
2025-11-12 09:23:27,wallet_101,0.29562818,Incoming,1,2,wallet_023
2025-11-12 09:37:04,wallet_114,0.56623587,Outgoing,2,2,wallet_101
2025-11-12 09:37:04,wallet_101,0.56623587,Incoming,2,2,wallet_114
2025-11-12 10:18:03,wallet_170,0.11009914,Outgoing,2,2,wallet_101
2025-11-12 10:18:03,wallet_101,0.11009914,Incoming,2,2,wallet_170
2025-11-12 10:57:02,wallet_117,0.23200643,Outgoing,2,1,wallet_101
2025-11-12 10:57:02,wallet_101,0.23200643,Incoming,2,1,wallet_117
2025-11-12 13:16:32,wallet_101,5.20481698,Outgoing,8,1,wallet_034
2025-11-12 13:16:32,wallet_034,5.20481698,Incoming,8,1,wallet_101
2025-11-12 14:05:07,wallet_156,0.01541929,Outgoing,1,2,wallet_023
2025-11-12 14:05:07,wallet_023,0.01541929,Incoming,1,2,wallet_156
2025-11-12 14:12:43,wallet_027,0.06390521,Outgoing,1,2,wallet_007
2025-11-12 14:12:43,wallet_007,0.06390521,Incoming,1,2,wallet_027
2025-11-12 21:40:09,wallet_169,0.0117249,Outgoing,1,2,wallet_097
2025-11-12 21:40:09,wallet_097,0.0117249,Incoming,1,2,wallet_169
2025-11-13 05:39:20,wallet_041,0.03195554,Outgoing,1,2,wallet_063
2025-11-13 05:39:20,wallet_063,0.03195554,Incoming,1,2,wallet_041
2025-11-13 12:47:32,wallet_299,0.01310328,Outgoing,2,1,wallet_106
2025-11-13 12:47:32,wallet_106,0.01310328,Incoming,2,1,wallet_299
2025-11-13 14:44:03,wallet_150,0.30339191,Outgoing,2,2,wallet_105
2025-11-13 14:44:03,wallet_105,0.30339191,Incoming,2,2,wallet_150
2025-11-13 15:26:07,wallet_150,0.59221446,Outgoing,1,1,wallet_379
2025-11-13 15:26:07,wallet_379,0.59221446,Incoming,1,1,wallet_150
2025-11-13 15:35:46,wallet_150,0.46349507,Outgoing,3,2,wallet_090
2025-11-13 15:35:46,wallet_090,0.46349507,Incoming,3,2,wallet_150
2025-11-13 15:47:50,wallet_016,0.0358937,Outgoing,3,2,wallet_232
2025-11-13 15:47:50,wallet_232,0.0358937,Incoming,3,2,wallet_016
2025-11-13 16:03:04,wallet_324,0.0756214,Outgoing,3,1,wallet_230
2025-11-13 16:03:04,wallet_230,0.0756214,Incoming,3,1,wallet_324
2025-11-13 16:58:52,wallet_150,0.44336609,Outgoing,3,2,wallet_009
2025-11-13 16:58:52,wallet_009,0.44336609,Incoming,3,2,wallet_150
2025-11-13 17:17:28,wallet_153,0.02863307,Outgoing,1,1,wallet_130
2025-11-13 17:17:28,wallet_130,0.02863307,Incoming,1,1,wallet_153
2025-11-13 18:08:11,wallet_150,0.2617826,Outgoing,1,3,wallet_348
2025-11-13 18:08:11,wallet_348,0.2617826,Incoming,1,3,wallet_150
2025-11-13 19:43:08,wallet_150,0.76211576,Outgoing,1,2,wallet_275
2025-11-13 19:43:08,wallet_275,0.76211576,Incoming,1,2,wallet_150
2025-11-13 20:40:01,wallet_150,0.69952907,Outgoing,1,1,wallet_054
2025-11-13 20:40:01,wallet_054,0.69952907,Incoming,1,1,wallet_150
2025-11-13 22:11:25,wallet_150,0.60524595,Outgoing,1,2,wallet_324
2025-11-13 22:11:25,wallet_324,0.60524595,Incoming,1,2,wallet_150
2025-11-14 02:18:06,wallet_227,0.16102406,Outgoing,2,1,wallet_007
2025-11-14 02:18:06,wallet_007,0.16102406,Incoming,2,1,wallet_227
2025-11-14 07:05:47,wallet_142,0.04346525,Outgoing,1,2,wallet_321
2025-11-14 07:05:47,wallet_321,0.04346525,Incoming,1,2,wallet_142
2025-11-14 07:41:01,wallet_249,0.00956958,Outgoing,1,1,wallet_288
2025-11-14 07:41:01,wallet_288,0.00956958,Incoming,1,1,wallet_249
2025-11-14 07:41:36,wallet_277,0.03496478,Outgoing,1,1,wallet_271
2025-11-14 07:41:36,wallet_271,0.03496478,Incoming,1,1,wallet_277
2025-11-14 08:09:34,wallet_410,0.68005081,Outgoing,1,2,wallet_307
2025-11-14 08:09:34,wallet_307,0.68005081,Incoming,1,2,wallet_410
2025-11-14 08:27:54,wallet_083,0.05379699,Outgoing,1,2,wallet_268
2025-11-14 08:27:54,wallet_268,0.05379699,Incoming,1,2,wallet_083
2025-11-14 11:12:01,wallet_160,0.0091035,Outgoing,2,2,wallet_272
2025-11-14 11:12:01,wallet_272,0.0091035,Incoming,2,2,wallet_160
2025-11-14 11:24:32,wallet_237,0.02518059,Outgoing,1,2,wallet_199
2025-11-14 11:24:32,wallet_199,0.02518059,Incoming,1,2,wallet_237
2025-11-14 12:52:37,wallet_057,0.05039408,Outgoing,2,2,wallet_113
2025-11-14 12:52:37,wallet_113,0.05039408,Incoming,2,2,wallet_057
2025-11-14 13:25:29,wallet_401,0.01084565,Outgoing,1,2,wallet_183
2025-11-14 13:25:29,wallet_183,0.01084565,Incoming,1,2,wallet_401
2025-11-14 15:05:31,wallet_241,0.01019114,Outgoing,2,1,wallet_064
2025-11-14 15:05:31,wallet_064,0.01019114,Incoming,2,1,wallet_241
2025-11-14 16:00:58,wallet_249,0.02278718,Outgoing,1,2,wallet_146
2025-11-14 16:00:58,wallet_146,0.02278718,Incoming,1,2,wallet_249
2025-11-14 16:54:18,wallet_299,0.04363833,Outgoing,1,2,wallet_361
2025-11-14 16:54:18,wallet_361,0.04363833,Incoming,1,2,wallet_299
2025-11-14 17:29:40,wallet_219,0.12113001,Outgoing,1,2,wallet_330
2025-11-14 17:29:40,wallet_330,0.12113001,Incoming,1,2,wallet_219
2025-11-14 17:53:07,wallet_130,0.05413398,Outgoing,2,2,wallet_378
2025-11-14 17:53:07,wallet_378,0.05413398,Incoming,2,2,wallet_130
2025-11-14 17:57:23,wallet_286,0.1102613,Outgoing,1,2,wallet_119
2025-11-14 17:57:23,wallet_119,0.1102613,Incoming,1,2,wallet_286
2025-11-14 21:21:17,wallet_284,0.0755586,Outgoing,2,1,wallet_266
2025-11-14 21:21:17,wallet_266,0.0755586,Incoming,2,1,wallet_284
2025-11-15 08:52:50,wallet_220,0.07156791,Outgoing,1,1,wallet_045
2025-11-15 08:52:50,wallet_045,0.07156791,Incoming,1,1,wallet_220
2025-11-15 10:25:37,wallet_037,0.05520962,Outgoing,1,2,wallet_297
2025-11-15 10:25:37,wallet_297,0.05520962,Incoming,1,2,wallet_037
2025-11-15 10:51:04,wallet_105,0.11784595,Outgoing,1,1,wallet_068
2025-11-15 10:51:04,wallet_068,0.11784595,Incoming,1,1,wallet_105
2025-11-15 12:26:23,wallet_034,0.42536911,Outgoing,2,1,wallet_327
2025-11-15 12:26:23,wallet_327,0.42536911,Incoming,2,1,wallet_034
2025-11-15 12:36:12,wallet_086,0.30608468,Outgoing,1,1,wallet_327
2025-11-15 12:36:12,wallet_327,0.30608468,Incoming,1,1,wallet_086
2025-11-15 13:18:51,wallet_270,0.22818875,Outgoing,1,1,wallet_327
2025-11-15 13:18:51,wallet_327,0.22818875,Incoming,1,1,wallet_270
2025-11-15 13:47:27,wallet_162,0.03874973,Outgoing,1,1,wallet_041
2025-11-15 13:47:27,wallet_041,0.03874973,Incoming,1,1,wallet_162
2025-11-15 13:53:48,wallet_121,0.41735813,Outgoing,2,2,wallet_327
2025-11-15 13:53:48,wallet_327,0.41735813,Incoming,2,2,wallet_121
2025-11-15 14:15:07,wallet_318,0.26431915,Outgoing,2,2,wallet_327
2025-11-15 14:15:07,wallet_327,0.26431915,Incoming,2,2,wallet_318
2025-11-15 14:31:09,wallet_047,0.53387705,Outgoing,1,2,wallet_327
2025-11-15 14:31:09,wallet_327,0.53387705,Incoming,1,2,wallet_047
2025-11-15 14:49:48,wallet_242,0.16886163,Outgoing,1,2,wallet_327
2025-11-15 14:49:48,wallet_327,0.16886163,Incoming,1,2,wallet_242
2025-11-15 15:23:28,wallet_383,0.20768061,Outgoing,1,2,wallet_327
2025-11-15 15:23:28,wallet_327,0.20768061,Incoming,1,2,wallet_383
2025-11-15 15:53:40,wallet_179,0.48315941,Outgoing,2,1,wallet_327
2025-11-15 15:53:40,wallet_327,0.48315941,Incoming,2,1,wallet_179
2025-11-15 16:23:54,wallet_393,0.1345544,Outgoing,1,2,wallet_327
2025-11-15 16:23:54,wallet_327,0.1345544,Incoming,1,2,wallet_393
2025-11-15 16:42:16,wallet_128,0.0441568,Outgoing,1,2,wallet_198
2025-11-15 16:42:16,wallet_198,0.0441568,Incoming,1,2,wallet_128
2025-11-15 16:57:52,wallet_321,0.39741761,Outgoing,1,2,wallet_327
2025-11-15 16:57:52,wallet_327,0.39741761,Incoming,1,2,wallet_321
2025-11-15 17:37:12,wallet_169,0.07934304,Outgoing,1,1,wallet_327
2025-11-15 17:37:12,wallet_327,0.07934304,Incoming,1,1,wallet_169
2025-11-15 18:21:34,wallet_283,0.3423276,Outgoing,2,2,wallet_327
2025-11-15 18:21:34,wallet_327,0.3423276,Incoming,2,2,wallet_283
2025-11-15 19:05:52,wallet_229,0.0778994,Outgoing,1,2,wallet_350
2025-11-15 19:05:52,wallet_350,0.0778994,Incoming,1,2,wallet_229
2025-11-15 22:20:07,wallet_327,3.94865577,Outgoing,9,2,wallet_289
2025-11-15 22:20:07,wallet_289,3.94865577,Incoming,9,2,wallet_327
2025-11-16 01:46:44,wallet_104,0.12044296,Outgoing,2,1,wallet_061
2025-11-16 01:46:44,wallet_061,0.12044296,Incoming,2,1,wallet_104
2025-11-16 06:30:31,wallet_155,0.42671242,Outgoing,3,1,wallet_165
2025-11-16 06:30:31,wallet_165,0.42671242,Incoming,3,1,wallet_155
2025-11-16 06:59:41,wallet_155,0.40059912,Outgoing,1,1,wallet_036
2025-11-16 06:59:41,wallet_036,0.40059912,Incoming,1,1,wallet_155
2025-11-16 07:22:55,wallet_155,0.52778432,Outgoing,3,1,wallet_170
2025-11-16 07:22:55,wallet_170,0.52778432,Incoming,3,1,wallet_155
2025-11-16 07:49:45,wallet_283,0.08638336,Outgoing,4,1,wallet_380
2025-11-16 07:49:45,wallet_380,0.08638336,Incoming,4,1,wallet_283
2025-11-16 07:52:23,wallet_155,0.80900362,Outgoing,2,1,wallet_281
2025-11-16 07:52:23,wallet_281,0.80900362,Incoming,2,1,wallet_155
2025-11-16 08:33:55,wallet_330,0.05562694,Outgoing,2,3,wallet_334
2025-11-16 08:33:55,wallet_334,0.05562694,Incoming,2,3,wallet_330
2025-11-16 08:45:39,wallet_155,0.40539832,Outgoing,1,2,wallet_185
2025-11-16 08:45:39,wallet_185,0.40539832,Incoming,1,2,wallet_155
2025-11-16 09:40:21,wallet_090,0.11567956,Outgoing,1,2,wallet_065
2025-11-16 09:40:21,wallet_065,0.11567956,Incoming,1,2,wallet_090
2025-11-16 09:56:52,wallet_155,0.6429994,Outgoing,1,2,wallet_360
2025-11-16 09:56:52,wallet_360,0.6429994,Incoming,1,2,wallet_155
2025-11-16 10:43:43,wallet_021,0.17819748,Outgoing,1,1,wallet_405
2025-11-16 10:43:43,wallet_405,0.17819748,Incoming,1,1,wallet_021
2025-11-16 11:37:14,wallet_323,0.0041555,Outgoing,4,2,wallet_232
2025-11-16 11:37:14,wallet_232,0.0041555,Incoming,4,2,wallet_323
2025-11-16 13:26:59,wallet_139,0.03238288,Outgoing,4,2,wallet_041
2025-11-16 13:26:59,wallet_041,0.03238288,Incoming,4,2,wallet_139
2025-11-16 13:48:10,wallet_234,0.04885696,Outgoing,1,2,wallet_269
2025-11-16 13:48:10,wallet_269,0.04885696,Incoming,1,2,wallet_234
2025-11-16 14:43:27,wallet_248,0.02911537,Outgoing,1,2,wallet_340
2025-11-16 14:43:27,wallet_340,0.02911537,Incoming,1,2,wallet_248
2025-11-16 15:36:31,wallet_407,0.02225277,Outgoing,1,2,wallet_147
2025-11-16 15:36:31,wallet_147,0.02225277,Incoming,1,2,wallet_407
2025-11-16 16:30:51,wallet_266,0.04841898,Outgoing,1,1,wallet_013
2025-11-16 16:30:51,wallet_013,0.04841898,Incoming,1,1,wallet_266
2025-11-16 18:07:46,wallet_319,0.03799654,Outgoing,1,2,wallet_272
2025-11-16 18:07:46,wallet_272,0.03799654,Incoming,1,2,wallet_319
2025-11-16 18:25:20,wallet_066,0.27576925,Outgoing,1,1,wallet_062
2025-11-16 18:25:20,wallet_062,0.27576925,Incoming,1,1,wallet_066
2025-11-16 19:10:46,wallet_164,0.01805655,Outgoing,2,1,wallet_254
2025-11-16 19:10:46,wallet_254,0.01805655,Incoming,2,1,wallet_164
2025-11-16 19:51:38,wallet_190,0.10614133,Outgoing,1,3,wallet_267
2025-11-16 19:51:38,wallet_267,0.10614133,Incoming,1,3,wallet_190
2025-11-16 20:18:55,wallet_066,0.10383769,Outgoing,1,2,wallet_402
2025-11-16 20:18:55,wallet_402,0.10383769,Incoming,1,2,wallet_066
2025-11-16 21:04:19,wallet_066,0.20802576,Outgoing,3,1,wallet_198
2025-11-16 21:04:19,wallet_198,0.20802576,Incoming,3,1,wallet_066
2025-11-16 22:09:13,wallet_066,0.27012599,Outgoing,1,1,wallet_187
2025-11-16 22:09:13,wallet_187,0.27012599,Incoming,1,1,wallet_066
2025-11-16 23:05:29,wallet_005,0.38823643,Outgoing,2,1,wallet_071
2025-11-16 23:05:29,wallet_071,0.38823643,Incoming,2,1,wallet_005
2025-11-16 23:12:03,wallet_066,0.23879732,Outgoing,2,2,wallet_135
2025-11-16 23:12:03,wallet_135,0.23879732,Incoming,2,2,wallet_066
2025-11-17 00:46:03,wallet_066,0.10523104,Outgoing,1,1,wallet_189
2025-11-17 00:46:03,wallet_189,0.10523104,Incoming,1,1,wallet_066
2025-11-17 00:58:19,wallet_005,0.3513095,Outgoing,2,2,wallet_355
2025-11-17 00:58:19,wallet_355,0.3513095,Incoming,2,2,wallet_005
2025-11-17 01:55:13,wallet_005,0.53392116,Outgoing,1,2,wallet_188
2025-11-17 01:55:13,wallet_188,0.53392116,Incoming,1,2,wallet_005
2025-11-17 02:31:20,wallet_005,0.3062899,Outgoing,1,2,wallet_384
2025-11-17 02:31:20,wallet_384,0.3062899,Incoming,1,2,wallet_005
2025-11-17 03:28:34,wallet_005,0.31995919,Outgoing,1,2,wallet_198
2025-11-17 03:28:34,wallet_198,0.31995919,Incoming,1,2,wallet_005
2025-11-17 03:48:23,wallet_005,0.68470241,Outgoing,1,3,wallet_016
2025-11-17 03:48:23,wallet_016,0.68470241,Incoming,1,3,wallet_005
2025-11-17 04:51:32,wallet_298,0.03170603,Outgoing,1,2,wallet_195
2025-11-17 04:51:32,wallet_195,0.03170603,Incoming,1,2,wallet_298
2025-11-17 05:06:59,wallet_228,0.01519746,Outgoing,1,1,wallet_350
2025-11-17 05:06:59,wallet_350,0.01519746,Incoming,1,1,wallet_228
2025-11-17 05:21:18,wallet_123,0.05803879,Outgoing,1,2,wallet_152
2025-11-17 05:21:18,wallet_152,0.05803879,Incoming,1,2,wallet_123
2025-11-17 06:21:08,wallet_361,0.02787496,Outgoing,2,2,wallet_198
2025-11-17 06:21:08,wallet_198,0.02787496,Incoming,2,2,wallet_361
2025-11-17 07:10:58,wallet_268,0.04526624,Outgoing,1,1,wallet_345
2025-11-17 07:10:58,wallet_345,0.04526624,Incoming,1,1,wallet_268
2025-11-17 09:04:09,wallet_316,0.10782049,Outgoing,1,2,wallet_070
2025-11-17 09:04:09,wallet_070,0.10782049,Incoming,1,2,wallet_316
2025-11-17 09:50:47,wallet_192,0.0871052,Outgoing,1,2,wallet_152
2025-11-17 09:50:47,wallet_152,0.0871052,Incoming,1,2,wallet_192
2025-11-17 10:11:19,wallet_084,0.82479203,Outgoing,2,2,wallet_317
2025-11-17 10:11:19,wallet_317,0.82479203,Incoming,2,2,wallet_084
2025-11-17 10:38:30,wallet_300,0.03475879,Outgoing,3,3,wallet_294
2025-11-17 10:38:30,wallet_294,0.03475879,Incoming,3,3,wallet_300
2025-11-17 11:11:55,wallet_084,0.70142913,Outgoing,1,1,wallet_071
2025-11-17 11:11:55,wallet_071,0.70142913,Incoming,1,1,wallet_084
2025-11-17 11:14:18,wallet_185,0.04693437,Outgoing,1,2,wallet_181
2025-11-17 11:14:18,wallet_181,0.04693437,Incoming,1,2,wallet_185
2025-11-17 11:27:35,wallet_374,0.1062482,Outgoing,2,1,wallet_352
2025-11-17 11:27:35,wallet_352,0.1062482,Incoming,2,1,wallet_374
2025-11-17 12:33:21,wallet_084,0.52136502,Outgoing,1,1,wallet_153
2025-11-17 12:33:21,wallet_153,0.52136502,Incoming,1,1,wallet_084
2025-11-17 13:51:49,wallet_084,0.76788541,Outgoing,1,1,wallet_046
2025-11-17 13:51:49,wallet_046,0.76788541,Incoming,1,1,wallet_084
2025-11-17 14:42:16,wallet_063,0.13580459,Outgoing,1,1,wallet_060
2025-11-17 14:42:16,wallet_060,0.13580459,Incoming,1,1,wallet_063
2025-11-17 14:46:39,wallet_084,0.83215098,Outgoing,2,2,wallet_104
2025-11-17 14:46:39,wallet_104,0.83215098,Incoming,2,2,wallet_084
2025-11-17 15:00:45,wallet_158,0.01087366,Outgoing,1,1,wallet_400
2025-11-17 15:00:45,wallet_400,0.01087366,Incoming,1,1,wallet_158
2025-11-17 15:04:16,wallet_117,0.20121243,Outgoing,2,2,wallet_060
2025-11-17 15:04:16,wallet_060,0.20121243,Incoming,2,2,wallet_117
2025-11-17 15:25:03,wallet_078,0.21580392,Outgoing,1,2,wallet_060
2025-11-17 15:25:03,wallet_060,0.21580392,Incoming,1,2,wallet_078
2025-11-17 15:47:39,wallet_084,1.00391082,Outgoing,2,2,wallet_165
2025-11-17 15:47:39,wallet_165,1.00391082,Incoming,2,2,wallet_084
2025-11-17 15:56:17,wallet_286,0.12513242,Outgoing,1,2,wallet_060
2025-11-17 15:56:17,wallet_060,0.12513242,Incoming,1,2,wallet_286
2025-11-17 16:09:21,wallet_251,0.45225422,Outgoing,2,1,wallet_060
2025-11-17 16:09:21,wallet_060,0.45225422,Incoming,2,1,wallet_251
2025-11-17 16:19:22,wallet_040,0.09771017,Outgoing,2,1,wallet_060
2025-11-17 16:19:22,wallet_060,0.09771017,Incoming,2,1,wallet_040
2025-11-17 16:42:54,wallet_384,0.39662952,Outgoing,2,2,wallet_060
2025-11-17 16:42:54,wallet_060,0.39662952,Incoming,2,2,wallet_384
2025-11-17 16:47:46,wallet_084,0.98729109,Outgoing,1,1,wallet_006
2025-11-17 16:47:46,wallet_006,0.98729109,Incoming,1,1,wallet_084
2025-11-17 16:59:02,wallet_158,0.32796871,Outgoing,1,1,wallet_060
2025-11-17 16:59:02,wallet_060,0.32796871,Incoming,1,1,wallet_158
2025-11-17 17:14:54,wallet_162,0.47635523,Outgoing,2,2,wallet_060
2025-11-17 17:14:54,wallet_060,0.47635523,Incoming,2,2,wallet_162
2025-11-17 17:24:31,wallet_306,0.21135635,Outgoing,2,1,wallet_060
2025-11-17 17:24:31,wallet_060,0.21135635,Incoming,2,1,wallet_306
2025-11-17 17:47:13,wallet_184,0.39943383,Outgoing,1,1,wallet_060
2025-11-17 17:47:13,wallet_060,0.39943383,Incoming,1,1,wallet_184
2025-11-17 18:02:00,wallet_217,0.43273332,Outgoing,1,1,wallet_060
2025-11-17 18:02:00,wallet_060,0.43273332,Incoming,1,1,wallet_217
2025-11-17 18:27:46,wallet_323,0.35493078,Outgoing,2,2,wallet_060
2025-11-17 18:27:46,wallet_060,0.35493078,Incoming,2,2,wallet_323
2025-11-17 18:47:42,wallet_084,0.83091469,Outgoing,1,1,wallet_193
2025-11-17 18:47:42,wallet_193,0.83091469,Incoming,1,1,wallet_084
2025-11-17 18:59:59,wallet_284,0.26312529,Outgoing,1,2,wallet_060
2025-11-17 18:59:59,wallet_060,0.26312529,Incoming,1,2,wallet_284
2025-11-17 19:10:58,wallet_106,0.37826053,Outgoing,1,2,wallet_060
2025-11-17 19:10:58,wallet_060,0.37826053,Incoming,1,2,wallet_106
2025-11-17 19:21:50,wallet_405,0.21448748,Outgoing,1,2,wallet_298
2025-11-17 19:21:50,wallet_298,0.21448748,Incoming,1,2,wallet_405
2025-11-17 19:29:35,wallet_163,0.52291753,Outgoing,2,1,wallet_060
2025-11-17 19:29:35,wallet_060,0.52291753,Incoming,2,1,wallet_163
2025-11-17 19:38:57,wallet_403,0.43227111,Outgoing,2,2,wallet_060
2025-11-17 19:38:57,wallet_060,0.43227111,Incoming,2,2,wallet_403
2025-11-17 21:26:45,wallet_292,0.05651735,Outgoing,2,2,wallet_282
2025-11-17 21:26:45,wallet_282,0.05651735,Incoming,2,2,wallet_292
2025-11-18 01:30:24,wallet_306,0.14774339,Outgoing,1,2,wallet_068
2025-11-18 01:30:24,wallet_068,0.14774339,Incoming,1,2,wallet_306
2025-11-18 01:38:52,wallet_060,5.36966096,Outgoing,8,1,wallet_279
2025-11-18 01:38:52,wallet_279,5.36966096,Incoming,8,1,wallet_060
2025-11-18 08:26:09,wallet_295,0.02417614,Outgoing,3,1,wallet_068
2025-11-18 08:26:09,wallet_068,0.02417614,Incoming,3,1,wallet_295
2025-11-18 08:44:24,wallet_181,0.07028384,Outgoing,1,1,wallet_354
2025-11-18 08:44:24,wallet_354,0.07028384,Incoming,1,1,wallet_181
2025-11-18 10:22:34,wallet_358,0.25079328,Outgoing,4,3,wallet_403
2025-11-18 10:22:34,wallet_403,0.25079328,Incoming,4,3,wallet_358
2025-11-18 10:43:58,wallet_358,0.37986713,Outgoing,2,2,wallet_048
2025-11-18 10:43:58,wallet_048,0.37986713,Incoming,2,2,wallet_358
2025-11-18 10:55:53,wallet_004,0.00988895,Outgoing,1,2,wallet_118
2025-11-18 10:55:53,wallet_118,0.00988895,Incoming,1,2,wallet_004
2025-11-18 11:00:02,wallet_358,0.17534484,Outgoing,2,3,wallet_159
2025-11-18 11:00:02,wallet_159,0.17534484,Incoming,2,3,wallet_358
2025-11-18 11:00:39,wallet_295,0.13299605,Outgoing,1,1,wallet_344
2025-11-18 11:00:39,wallet_344,0.13299605,Incoming,1,1,wallet_295
2025-11-18 12:17:10,wallet_098,0.42670464,Outgoing,1,2,wallet_256
2025-11-18 12:17:10,wallet_256,0.42670464,Incoming,1,2,wallet_098
2025-11-18 12:22:18,wallet_358,0.37853327,Outgoing,4,2,wallet_187
2025-11-18 12:22:18,wallet_187,0.37853327,Incoming,4,2,wallet_358
2025-11-18 12:23:20,wallet_098,0.93316134,Outgoing,1,3,wallet_381
2025-11-18 12:23:20,wallet_381,0.93316134,Incoming,1,3,wallet_098
2025-11-18 12:31:56,wallet_358,0.26763976,Outgoing,1,2,wallet_397
2025-11-18 12:31:56,wallet_397,0.26763976,Incoming,1,2,wallet_358
2025-11-18 13:01:18,wallet_098,0.93786937,Outgoing,2,1,wallet_263
2025-11-18 13:01:18,wallet_263,0.93786937,Incoming,2,1,wallet_098
2025-11-18 13:33:49,wallet_159,0.07624428,Outgoing,1,2,wallet_344
2025-11-18 13:33:49,wallet_344,0.07624428,Incoming,1,2,wallet_159
2025-11-18 13:35:15,wallet_185,0.1766444,Outgoing,3,2,wallet_354
2025-11-18 13:35:15,wallet_354,0.1766444,Incoming,3,2,wallet_185
2025-11-18 13:47:54,wallet_252,0.0215626,Outgoing,2,1,wallet_140
2025-11-18 13:47:54,wallet_140,0.0215626,Incoming,2,1,wallet_252
2025-11-18 14:02:50,wallet_131,0.06103711,Outgoing,1,2,wallet_248
2025-11-18 14:02:50,wallet_248,0.06103711,Incoming,1,2,wallet_131
2025-11-18 14:07:49,wallet_051,0.02868541,Outgoing,1,3,wallet_317
2025-11-18 14:07:49,wallet_317,0.02868541,Incoming,1,3,wallet_051
2025-11-18 14:24:41,wallet_358,0.23324297,Outgoing,1,1,wallet_256
2025-11-18 14:24:41,wallet_256,0.23324297,Incoming,1,1,wallet_358
2025-11-18 14:25:07,wallet_098,0.68645746,Outgoing,4,2,wallet_256
2025-11-18 14:25:07,wallet_256,0.68645746,Incoming,4,2,wallet_098
2025-11-18 15:00:59,wallet_098,0.78721808,Outgoing,4,1,wallet_270
2025-11-18 15:00:59,wallet_270,0.78721808,Incoming,4,1,wallet_098
2025-11-18 15:31:12,wallet_257,0.02857114,Outgoing,1,2,wallet_314
2025-11-18 15:31:12,wallet_314,0.02857114,Incoming,1,2,wallet_257
2025-11-18 16:31:08,wallet_098,0.94092661,Outgoing,1,1,wallet_263
2025-11-18 16:31:08,wallet_263,0.94092661,Incoming,1,1,wallet_098
2025-11-18 17:06:31,wallet_334,0.02917595,Outgoing,2,2,wallet_261
2025-11-18 17:06:31,wallet_261,0.02917595,Incoming,2,2,wallet_334
2025-11-18 17:31:53,wallet_238,0.01907921,Outgoing,2,2,wallet_021
2025-11-18 17:31:53,wallet_021,0.01907921,Incoming,2,2,wallet_238
2025-11-18 17:50:31,wallet_342,0.01078656,Outgoing,1,1,wallet_255
2025-11-18 17:50:31,wallet_255,0.01078656,Incoming,1,1,wallet_342
2025-11-18 17:55:43,wallet_098,0.36317981,Outgoing,3,2,wallet_088
2025-11-18 17:55:43,wallet_088,0.36317981,Incoming,3,2,wallet_098
2025-11-18 18:30:58,wallet_404,0.0258501,Outgoing,3,1,wallet_047
2025-11-18 18:30:58,wallet_047,0.0258501,Incoming,3,1,wallet_404
2025-11-18 18:55:06,wallet_006,0.02394195,Outgoing,1,2,wallet_287
2025-11-18 18:55:06,wallet_287,0.02394195,Incoming,1,2,wallet_006
2025-11-18 19:45:03,wallet_098,0.90797645,Outgoing,3,2,wallet_232
2025-11-18 19:45:03,wallet_232,0.90797645,Incoming,3,2,wallet_098
2025-11-18 20:48:21,wallet_123,0.00997706,Outgoing,1,3,wallet_228
2025-11-18 20:48:21,wallet_228,0.00997706,Incoming,1,3,wallet_123
2025-11-19 07:38:42,wallet_034,0.05538423,Outgoing,1,2,wallet_051
2025-11-19 07:38:42,wallet_051,0.05538423,Incoming,1,2,wallet_034
2025-11-19 08:39:03,wallet_377,0.33303297,Outgoing,1,2,wallet_350
2025-11-19 08:39:03,wallet_350,0.33303297,Incoming,1,2,wallet_377
2025-11-19 08:46:04,wallet_254,0.01881482,Outgoing,1,3,wallet_133
2025-11-19 08:46:04,wallet_133,0.01881482,Incoming,1,3,wallet_254
2025-11-19 09:13:52,wallet_226,0.50958272,Outgoing,1,3,wallet_010
2025-11-19 09:13:52,wallet_010,0.50958272,Incoming,1,3,wallet_226
2025-11-19 10:01:52,wallet_226,0.5118895,Outgoing,1,1,wallet_225
2025-11-19 10:01:52,wallet_225,0.5118895,Incoming,1,1,wallet_226
2025-11-19 11:03:07,wallet_145,0.00767257,Outgoing,1,3,wallet_045
2025-11-19 11:03:07,wallet_045,0.00767257,Incoming,1,3,wallet_145
2025-11-19 11:31:00,wallet_226,0.27188042,Outgoing,4,2,wallet_159
2025-11-19 11:31:00,wallet_159,0.27188042,Incoming,4,2,wallet_226
2025-11-19 11:31:30,wallet_299,0.03137409,Outgoing,2,2,wallet_090
2025-11-19 11:31:30,wallet_090,0.03137409,Incoming,2,2,wallet_299
2025-11-19 11:50:07,wallet_314,0.1472955,Outgoing,1,2,wallet_354
2025-11-19 11:50:07,wallet_354,0.1472955,Incoming,1,2,wallet_314
2025-11-19 12:22:21,wallet_015,0.05214127,Outgoing,2,2,wallet_091
2025-11-19 12:22:21,wallet_091,0.05214127,Incoming,2,2,wallet_015
2025-11-19 12:59:13,wallet_226,0.74814886,Outgoing,3,2,wallet_003
2025-11-19 12:59:13,wallet_003,0.74814886,Incoming,3,2,wallet_226
2025-11-19 14:14:28,wallet_226,0.41207598,Outgoing,1,1,wallet_352
2025-11-19 14:14:28,wallet_352,0.41207598,Incoming,1,1,wallet_226
2025-11-19 14:51:50,wallet_015,0.00961941,Outgoing,1,3,wallet_107
2025-11-19 14:51:50,wallet_107,0.00961941,Incoming,1,3,wallet_015
2025-11-19 15:14:59,wallet_209,0.04754575,Outgoing,1,2,wallet_238
2025-11-19 15:14:59,wallet_238,0.04754575,Incoming,1,2,wallet_209
2025-11-19 15:16:50,wallet_371,0.03066664,Outgoing,1,3,wallet_127
2025-11-19 15:16:50,wallet_127,0.03066664,Incoming,1,3,wallet_371
2025-11-19 15:35:18,wallet_226,0.69890842,Outgoing,2,2,wallet_307
2025-11-19 15:35:18,wallet_307,0.69890842,Incoming,2,2,wallet_226
2025-11-19 15:40:17,wallet_408,0.29398026,Outgoing,2,3,wallet_152
2025-11-19 15:40:17,wallet_152,0.29398026,Incoming,2,3,wallet_408
2025-11-19 15:46:17,wallet_323,0.13194925,Outgoing,4,2,wallet_208
2025-11-19 15:46:17,wallet_208,0.13194925,Incoming,4,2,wallet_323
2025-11-19 16:47:41,wallet_160,0.02589411,Outgoing,1,3,wallet_152
2025-11-19 16:47:41,wallet_152,0.02589411,Incoming,1,3,wallet_160
2025-11-19 18:13:39,wallet_039,0.07277921,Outgoing,2,2,wallet_116
2025-11-19 18:13:39,wallet_116,0.07277921,Incoming,2,2,wallet_039
2025-11-19 18:34:36,wallet_323,0.00677855,Outgoing,2,2,wallet_160
2025-11-19 18:34:36,wallet_160,0.00677855,Incoming,2,2,wallet_323
2025-11-20 01:17:44,wallet_287,0.26416101,Outgoing,2,2,wallet_349
2025-11-20 01:17:44,wallet_349,0.26416101,Incoming,2,2,wallet_287
2025-11-20 06:13:51,wallet_404,0.04296374,Outgoing,1,2,wallet_055
2025-11-20 06:13:51,wallet_055,0.04296374,Incoming,1,2,wallet_404
2025-11-20 09:23:49,wallet_262,0.1127131,Outgoing,1,1,wallet_254
2025-11-20 09:23:49,wallet_254,0.1127131,Incoming,1,1,wallet_262
2025-11-20 10:06:56,wallet_344,0.07043943,Outgoing,1,2,wallet_384
2025-11-20 10:06:56,wallet_384,0.07043943,Incoming,1,2,wallet_344
2025-11-20 11:33:21,wallet_093,0.01685492,Outgoing,2,2,wallet_184
2025-11-20 11:33:21,wallet_184,0.01685492,Incoming,2,2,wallet_093
2025-11-20 13:14:23,wallet_117,0.05437675,Outgoing,2,2,wallet_289
2025-11-20 13:14:23,wallet_289,0.05437675,Incoming,2,2,wallet_117
2025-11-20 13:25:36,wallet_301,0.06594758,Outgoing,1,2,wallet_176
2025-11-20 13:25:36,wallet_176,0.06594758,Incoming,1,2,wallet_301
2025-11-20 14:31:21,wallet_095,0.01253714,Outgoing,2,2,wallet_047
2025-11-20 14:31:21,wallet_047,0.01253714,Incoming,2,2,wallet_095
2025-11-20 15:34:14,wallet_021,0.01322079,Outgoing,1,2,wallet_403
2025-11-20 15:34:14,wallet_403,0.01322079,Incoming,1,2,wallet_021
2025-11-20 15:56:20,wallet_237,0.01676291,Outgoing,2,2,wallet_197
2025-11-20 15:56:20,wallet_197,0.01676291,Incoming,2,2,wallet_237
2025-11-20 16:40:45,wallet_179,0.04514373,Outgoing,1,1,wallet_050
2025-11-20 16:40:45,wallet_050,0.04514373,Incoming,1,1,wallet_179
2025-11-20 17:31:22,wallet_078,0.10031823,Outgoing,2,1,wallet_133
2025-11-20 17:31:22,wallet_133,0.10031823,Incoming,2,1,wallet_078
2025-11-20 20:33:44,wallet_070,0.02500803,Outgoing,1,2,wallet_392
2025-11-20 20:33:44,wallet_392,0.02500803,Incoming,1,2,wallet_070
2025-11-20 21:24:21,wallet_046,0.18493399,Outgoing,1,2,wallet_193
2025-11-20 21:24:21,wallet_193,0.18493399,Incoming,1,2,wallet_046
2025-11-21 03:31:28,wallet_116,0.06895761,Outgoing,3,2,wallet_109
2025-11-21 03:31:28,wallet_109,0.06895761,Incoming,3,2,wallet_116
2025-11-21 07:11:18,wallet_078,0.03551827,Outgoing,2,2,wallet_362
2025-11-21 07:11:18,wallet_362,0.03551827,Incoming,2,2,wallet_078
2025-11-21 07:33:59,wallet_197,0.09494238,Outgoing,1,1,wallet_234
2025-11-21 07:33:59,wallet_234,0.09494238,Incoming,1,1,wallet_197
2025-11-21 08:46:38,wallet_176,0.15041119,Outgoing,2,2,wallet_301
2025-11-21 08:46:38,wallet_301,0.15041119,Incoming,2,2,wallet_176
2025-11-21 09:42:33,wallet_140,0.46760534,Outgoing,1,1,wallet_377
2025-11-21 09:42:33,wallet_377,0.46760534,Incoming,1,1,wallet_140
2025-11-21 10:55:02,wallet_104,0.03931353,Outgoing,1,1,wallet_088
2025-11-21 10:55:02,wallet_088,0.03931353,Incoming,1,1,wallet_104
2025-11-21 12:09:38,wallet_387,0.06639393,Outgoing,1,2,wallet_011
2025-11-21 12:09:38,wallet_011,0.06639393,Incoming,1,2,wallet_387
2025-11-21 12:47:41,wallet_179,0.0212246,Outgoing,1,1,wallet_050
2025-11-21 12:47:41,wallet_050,0.0212246,Incoming,1,1,wallet_179
2025-11-21 14:42:58,wallet_117,0.10648342,Outgoing,2,2,wallet_146
2025-11-21 14:42:58,wallet_146,0.10648342,Incoming,2,2,wallet_117
2025-11-21 15:52:54,wallet_324,0.08832029,Outgoing,1,3,wallet_116
2025-11-21 15:52:54,wallet_116,0.08832029,Incoming,1,3,wallet_324
2025-11-21 19:48:53,wallet_045,0.00797031,Outgoing,1,3,wallet_207
2025-11-21 19:48:53,wallet_207,0.00797031,Incoming,1,3,wallet_045
2025-11-21 20:17:32,wallet_320,0.04126132,Outgoing,2,3,wallet_392
2025-11-21 20:17:32,wallet_392,0.04126132,Incoming,2,3,wallet_320
2025-11-21 21:00:55,wallet_314,0.04119941,Outgoing,1,2,wallet_396
2025-11-21 21:00:55,wallet_396,0.04119941,Incoming,1,2,wallet_314
2025-11-22 04:06:27,wallet_111,0.15544976,Outgoing,3,2,wallet_146
2025-11-22 04:06:27,wallet_146,0.15544976,Incoming,3,2,wallet_111
2025-11-22 05:04:20,wallet_090,0.02550704,Outgoing,2,2,wallet_076
2025-11-22 05:04:20,wallet_076,0.02550704,Incoming,2,2,wallet_090
2025-11-22 05:06:03,wallet_048,0.00527925,Outgoing,1,2,wallet_303
2025-11-22 05:06:03,wallet_303,0.00527925,Incoming,1,2,wallet_048
2025-11-22 05:42:46,wallet_332,0.09003758,Outgoing,1,2,wallet_391
2025-11-22 05:42:46,wallet_391,0.09003758,Incoming,1,2,wallet_332
2025-11-22 06:57:32,wallet_347,0.30265579,Outgoing,2,2,wallet_377
2025-11-22 06:57:32,wallet_377,0.30265579,Incoming,2,2,wallet_347
2025-11-22 07:19:23,wallet_347,0.21317334,Outgoing,1,1,wallet_268
2025-11-22 07:19:23,wallet_268,0.21317334,Incoming,1,1,wallet_347
2025-11-22 08:02:24,wallet_347,0.19236806,Outgoing,3,2,wallet_304
2025-11-22 08:02:24,wallet_304,0.19236806,Incoming,3,2,wallet_347
2025-11-22 09:27:23,wallet_347,0.33017782,Outgoing,2,1,wallet_187
2025-11-22 09:27:23,wallet_187,0.33017782,Incoming,2,1,wallet_347
2025-11-22 10:46:55,wallet_347,0.24641517,Outgoing,1,1,wallet_263
2025-11-22 10:46:55,wallet_263,0.24641517,Incoming,1,1,wallet_347
2025-11-22 10:50:30,wallet_319,0.040061,Outgoing,2,1,wallet_375
2025-11-22 10:50:30,wallet_375,0.040061,Incoming,2,1,wallet_319
2025-11-22 10:56:48,wallet_100,0.03114459,Outgoing,1,2,wallet_137
2025-11-22 10:56:48,wallet_137,0.03114459,Incoming,1,2,wallet_100
2025-11-22 11:51:31,wallet_347,0.16396041,Outgoing,1,3,wallet_074
2025-11-22 11:51:31,wallet_074,0.16396041,Incoming,1,3,wallet_347
2025-11-22 12:08:41,wallet_232,0.0240752,Outgoing,2,2,wallet_237
2025-11-22 12:08:41,wallet_237,0.0240752,Incoming,2,2,wallet_232
2025-11-22 12:29:17,wallet_347,0.21327727,Outgoing,1,3,wallet_140
2025-11-22 12:29:17,wallet_140,0.21327727,Incoming,1,3,wallet_347
2025-11-22 13:39:01,wallet_347,0.19900027,Outgoing,1,2,wallet_392
2025-11-22 13:39:01,wallet_392,0.19900027,Incoming,1,2,wallet_347
2025-11-22 14:58:29,wallet_173,0.0171396,Outgoing,1,1,wallet_366
2025-11-22 14:58:29,wallet_366,0.0171396,Incoming,1,1,wallet_173
2025-11-22 16:19:55,wallet_074,0.04114255,Outgoing,2,3,wallet_372
2025-11-22 16:19:55,wallet_372,0.04114255,Incoming,2,3,wallet_074
2025-11-22 18:51:56,wallet_307,0.0300672,Outgoing,1,1,wallet_387
2025-11-22 18:51:56,wallet_387,0.0300672,Incoming,1,1,wallet_307
2025-11-22 20:01:11,wallet_123,0.0211752,Outgoing,1,3,wallet_102
2025-11-22 20:01:11,wallet_102,0.0211752,Incoming,1,3,wallet_123
2025-11-23 05:54:43,wallet_352,0.0235714,Outgoing,4,2,wallet_140
2025-11-23 05:54:43,wallet_140,0.0235714,Incoming,4,2,wallet_352
2025-11-23 08:14:18,wallet_400,0.08086377,Outgoing,4,2,wallet_030
2025-11-23 08:14:18,wallet_030,0.08086377,Incoming,4,2,wallet_400
2025-11-23 10:21:59,wallet_379,0.0189601,Outgoing,3,2,wallet_158
2025-11-23 10:21:59,wallet_158,0.0189601,Incoming,3,2,wallet_379
2025-11-23 10:59:31,wallet_270,0.01554968,Outgoing,1,1,wallet_256
2025-11-23 10:59:31,wallet_256,0.01554968,Incoming,1,1,wallet_270
2025-11-23 11:33:46,wallet_118,0.01428222,Outgoing,1,1,wallet_004
2025-11-23 11:33:46,wallet_004,0.01428222,Incoming,1,1,wallet_118
2025-11-23 13:02:36,wallet_192,0.09872075,Outgoing,2,2,wallet_287
2025-11-23 13:02:36,wallet_287,0.09872075,Incoming,2,2,wallet_192
2025-11-23 13:20:47,wallet_097,0.03498426,Outgoing,1,3,wallet_061
2025-11-23 13:20:47,wallet_061,0.03498426,Incoming,1,3,wallet_097
2025-11-23 14:03:22,wallet_124,0.51745224,Outgoing,1,2,wallet_371
2025-11-23 14:03:22,wallet_371,0.51745224,Incoming,1,2,wallet_124
2025-11-23 15:22:12,wallet_290,0.307395,Outgoing,3,1,wallet_266
2025-11-23 15:22:12,wallet_266,0.307395,Incoming,3,1,wallet_290
2025-11-23 15:32:19,wallet_290,0.51576837,Outgoing,3,3,wallet_056
2025-11-23 15:32:19,wallet_056,0.51576837,Incoming,3,3,wallet_290
2025-11-23 15:36:31,wallet_280,0.02990034,Outgoing,1,2,wallet_137
2025-11-23 15:36:31,wallet_137,0.02990034,Incoming,1,2,wallet_280
2025-11-23 15:41:07,wallet_319,0.03128603,Outgoing,1,2,wallet_160
2025-11-23 15:41:07,wallet_160,0.03128603,Incoming,1,2,wallet_319
2025-11-23 16:27:43,wallet_290,0.29152389,Outgoing,1,2,wallet_384
2025-11-23 16:27:43,wallet_384,0.29152389,Incoming,1,2,wallet_290
2025-11-23 16:30:59,wallet_351,0.01753706,Outgoing,1,2,wallet_146
2025-11-23 16:30:59,wallet_146,0.01753706,Incoming,1,2,wallet_351
2025-11-23 16:58:01,wallet_290,0.18266489,Outgoing,1,1,wallet_379
2025-11-23 16:58:01,wallet_379,0.18266489,Incoming,1,1,wallet_290
2025-11-23 17:03:24,wallet_280,0.00905645,Outgoing,2,2,wallet_217
2025-11-23 17:03:24,wallet_217,0.00905645,Incoming,2,2,wallet_280
2025-11-23 17:25:54,wallet_290,0.26802369,Outgoing,2,2,wallet_069
2025-11-23 17:25:54,wallet_069,0.26802369,Incoming,2,2,wallet_290
2025-11-23 18:41:38,wallet_290,0.41304143,Outgoing,2,2,wallet_045
2025-11-23 18:41:38,wallet_045,0.41304143,Incoming,2,2,wallet_290
2025-11-23 19:05:00,wallet_290,0.30451331,Outgoing,4,2,wallet_083
2025-11-23 19:05:00,wallet_083,0.30451331,Incoming,4,2,wallet_290
2025-11-23 19:39:51,wallet_104,0.14781124,Outgoing,4,2,wallet_378
2025-11-23 19:39:51,wallet_378,0.14781124,Incoming,4,2,wallet_104
2025-11-23 20:15:23,wallet_326,0.31955519,Outgoing,4,1,wallet_047
2025-11-23 20:15:23,wallet_047,0.31955519,Incoming,4,1,wallet_326
2025-11-23 21:02:27,wallet_268,0.06437408,Outgoing,4,1,wallet_207
2025-11-23 21:02:27,wallet_207,0.06437408,Incoming,4,1,wallet_268
2025-11-23 21:58:21,wallet_326,0.44849817,Outgoing,2,2,wallet_216
2025-11-23 21:58:21,wallet_216,0.44849817,Incoming,2,2,wallet_326
2025-11-23 23:03:04,wallet_326,0.42679223,Outgoing,1,3,wallet_231
2025-11-23 23:03:04,wallet_231,0.42679223,Incoming,1,3,wallet_326
2025-11-24 00:19:40,wallet_326,0.33106429,Outgoing,2,2,wallet_266
2025-11-24 00:19:40,wallet_266,0.33106429,Incoming,2,2,wallet_326
2025-11-24 02:08:42,wallet_326,0.48536123,Outgoing,3,3,wallet_083
2025-11-24 02:08:42,wallet_083,0.48536123,Incoming,3,3,wallet_326
2025-11-24 03:09:14,wallet_326,0.43959708,Outgoing,1,2,wallet_132
2025-11-24 03:09:14,wallet_132,0.43959708,Incoming,1,2,wallet_326
2025-11-24 08:02:02,wallet_285,0.67854968,Outgoing,1,1,wallet_381
2025-11-24 08:02:02,wallet_381,0.67854968,Incoming,1,1,wallet_285
2025-11-24 10:25:20,wallet_192,0.0631349,Outgoing,1,2,wallet_110
2025-11-24 10:25:20,wallet_110,0.0631349,Incoming,1,2,wallet_192
2025-11-24 10:31:17,wallet_043,0.1556434,Outgoing,3,1,wallet_360
2025-11-24 10:31:17,wallet_360,0.1556434,Incoming,3,1,wallet_043
2025-11-24 11:05:20,wallet_366,0.01740572,Outgoing,1,2,wallet_196
2025-11-24 11:05:20,wallet_196,0.01740572,Incoming,1,2,wallet_366
2025-11-24 11:24:09,wallet_318,0.02220285,Outgoing,2,1,wallet_243
2025-11-24 11:24:09,wallet_243,0.02220285,Incoming,2,1,wallet_318
2025-11-24 11:43:23,wallet_252,0.05611812,Outgoing,2,1,wallet_212
2025-11-24 11:43:23,wallet_212,0.05611812,Incoming,2,1,wallet_252
2025-11-24 13:09:57,wallet_159,0.02291326,Outgoing,1,2,wallet_176
2025-11-24 13:09:57,wallet_176,0.02291326,Incoming,1,2,wallet_159
2025-11-24 13:23:02,wallet_129,0.01700063,Outgoing,2,1,wallet_184
2025-11-24 13:23:02,wallet_184,0.01700063,Incoming,2,1,wallet_129
2025-11-24 17:08:21,wallet_256,0.13228791,Outgoing,1,3,wallet_027
2025-11-24 17:08:21,wallet_027,0.13228791,Incoming,1,3,wallet_256
2025-11-24 17:36:43,wallet_313,0.01593912,Outgoing,1,2,wallet_106
2025-11-24 17:36:43,wallet_106,0.01593912,Incoming,1,2,wallet_313
2025-11-24 18:06:15,wallet_095,0.13869207,Outgoing,2,2,wallet_046
2025-11-24 18:06:15,wallet_046,0.13869207,Incoming,2,2,wallet_095
2025-11-24 18:26:36,wallet_319,0.03785671,Outgoing,1,2,wallet_100
2025-11-24 18:26:36,wallet_100,0.03785671,Incoming,1,2,wallet_319
2025-11-24 19:47:18,wallet_349,0.03829003,Outgoing,2,2,wallet_082
2025-11-24 19:47:18,wallet_082,0.03829003,Incoming,2,2,wallet_349
2025-11-25 00:36:13,wallet_244,0.20377416,Outgoing,1,1,wallet_152
2025-11-25 00:36:13,wallet_152,0.20377416,Incoming,1,1,wallet_244
2025-11-25 00:37:14,wallet_243,0.04985586,Outgoing,1,2,wallet_070
2025-11-25 00:37:14,wallet_070,0.04985586,Incoming,1,2,wallet_243
2025-11-25 01:38:10,wallet_229,0.02757982,Outgoing,1,1,wallet_371
2025-11-25 01:38:10,wallet_371,0.02757982,Incoming,1,1,wallet_229
2025-11-25 06:38:11,wallet_169,0.01161928,Outgoing,1,3,wallet_188
2025-11-25 06:38:11,wallet_188,0.01161928,Incoming,1,3,wallet_169
2025-11-25 07:53:03,wallet_126,0.01343224,Outgoing,1,1,wallet_260
2025-11-25 07:53:03,wallet_260,0.01343224,Incoming,1,1,wallet_126
2025-11-25 10:29:06,wallet_159,0.03177194,Outgoing,3,1,wallet_116
2025-11-25 10:29:06,wallet_116,0.03177194,Incoming,3,1,wallet_159
2025-11-25 12:46:21,wallet_041,0.09039171,Outgoing,1,1,wallet_068
2025-11-25 12:46:21,wallet_068,0.09039171,Incoming,1,1,wallet_041
2025-11-25 13:33:52,wallet_265,0.15249814,Outgoing,3,3,wallet_008
2025-11-25 13:33:52,wallet_008,0.15249814,Incoming,3,3,wallet_265
2025-11-25 15:12:21,wallet_119,0.10866153,Outgoing,1,2,wallet_344
2025-11-25 15:12:21,wallet_344,0.10866153,Incoming,1,2,wallet_119
2025-11-25 15:13:40,wallet_313,0.02072156,Outgoing,4,2,wallet_269
2025-11-25 15:13:40,wallet_269,0.02072156,Incoming,4,2,wallet_313
2025-11-25 17:07:55,wallet_192,0.06776977,Outgoing,2,1,wallet_349
2025-11-25 17:07:55,wallet_349,0.06776977,Incoming,2,1,wallet_192
2025-11-25 20:33:53,wallet_294,0.04800705,Outgoing,3,2,wallet_269
2025-11-25 20:33:53,wallet_269,0.04800705,Incoming,3,2,wallet_294
2025-11-25 22:26:06,wallet_037,0.0197068,Outgoing,2,3,wallet_187
2025-11-25 22:26:06,wallet_187,0.0197068,Incoming,2,3,wallet_037
2025-11-25 22:46:32,wallet_307,0.01044054,Outgoing,1,2,wallet_410
2025-11-25 22:46:32,wallet_410,0.01044054,Incoming,1,2,wallet_307
2025-11-25 23:49:27,wallet_396,0.00860665,Outgoing,2,3,wallet_064
2025-11-25 23:49:27,wallet_064,0.00860665,Incoming,2,3,wallet_396
2025-11-26 03:50:02,wallet_221,0.0936282,Outgoing,1,2,wallet_040
2025-11-26 03:50:02,wallet_040,0.0936282,Incoming,1,2,wallet_221
2025-11-26 06:11:55,wallet_298,0.11740939,Outgoing,1,2,wallet_405
2025-11-26 06:11:55,wallet_405,0.11740939,Incoming,1,2,wallet_298
2025-11-26 08:22:38,wallet_372,0.14454266,Outgoing,1,1,wallet_221
2025-11-26 08:22:38,wallet_221,0.14454266,Incoming,1,1,wallet_372
2025-11-26 11:29:30,wallet_238,0.20959032,Outgoing,1,2,wallet_328
2025-11-26 11:29:30,wallet_328,0.20959032,Incoming,1,2,wallet_238
2025-11-26 13:33:54,wallet_071,0.07923415,Outgoing,1,1,wallet_307
2025-11-26 13:33:54,wallet_307,0.07923415,Incoming,1,1,wallet_071
2025-11-26 14:14:49,wallet_376,0.01191806,Outgoing,1,2,wallet_169
2025-11-26 14:14:49,wallet_169,0.01191806,Incoming,1,2,wallet_376
2025-11-26 14:19:41,wallet_265,0.01907087,Outgoing,2,3,wallet_008
2025-11-26 14:19:41,wallet_008,0.01907087,Incoming,2,3,wallet_265
2025-11-26 14:20:23,wallet_269,0.04423402,Outgoing,3,3,wallet_313
2025-11-26 14:20:23,wallet_313,0.04423402,Incoming,3,3,wallet_269
2025-11-26 15:00:56,wallet_265,0.03436396,Outgoing,2,1,wallet_091
2025-11-26 15:00:56,wallet_091,0.03436396,Incoming,2,1,wallet_265
2025-11-26 17:54:43,wallet_248,0.02460807,Outgoing,2,2,wallet_131
2025-11-26 17:54:43,wallet_131,0.02460807,Incoming,2,2,wallet_248
2025-11-26 20:13:48,wallet_185,0.03998853,Outgoing,1,1,wallet_099
2025-11-26 20:13:48,wallet_099,0.03998853,Incoming,1,1,wallet_185
2025-11-26 20:16:24,wallet_185,0.03237369,Outgoing,1,3,wallet_320
2025-11-26 20:16:24,wallet_320,0.03237369,Incoming,1,3,wallet_185
2025-11-26 20:21:39,wallet_185,0.04928369,Outgoing,2,2,wallet_400
2025-11-26 20:21:39,wallet_400,0.04928369,Incoming,2,2,wallet_185
2025-11-26 20:25:44,wallet_193,0.06034045,Outgoing,1,2,wallet_262
2025-11-26 20:25:44,wallet_262,0.06034045,Incoming,1,2,wallet_193
2025-11-26 20:26:21,wallet_185,0.03911675,Outgoing,2,2,wallet_059
2025-11-26 20:26:21,wallet_059,0.03911675,Incoming,2,2,wallet_185
2025-11-26 20:32:07,wallet_185,0.0363617,Outgoing,3,2,wallet_335
2025-11-26 20:32:07,wallet_335,0.0363617,Incoming,3,2,wallet_185
2025-11-26 20:32:53,wallet_385,0.03751976,Outgoing,1,3,wallet_185
2025-11-26 20:32:53,wallet_185,0.03751976,Incoming,1,3,wallet_385
2025-11-26 20:38:15,wallet_185,0.03326212,Outgoing,1,2,wallet_088
2025-11-26 20:38:15,wallet_088,0.03326212,Incoming,1,2,wallet_185
2025-11-26 20:39:17,wallet_185,0.0493469,Outgoing,1,2,wallet_334
2025-11-26 20:39:17,wallet_334,0.0493469,Incoming,1,2,wallet_185
2025-11-26 20:44:02,wallet_185,0.04701638,Outgoing,4,2,wallet_405
2025-11-26 20:44:02,wallet_405,0.04701638,Incoming,4,2,wallet_185
2025-11-26 20:47:17,wallet_289,0.04974836,Outgoing,1,2,wallet_185
2025-11-26 20:47:17,wallet_185,0.04974836,Incoming,1,2,wallet_289
2025-11-26 20:49:08,wallet_185,0.04560529,Outgoing,2,3,wallet_287
2025-11-26 20:49:08,wallet_287,0.04560529,Incoming,2,3,wallet_185
2025-11-26 21:06:45,wallet_109,0.04009303,Outgoing,2,1,wallet_289
2025-11-26 21:06:45,wallet_289,0.04009303,Incoming,2,1,wallet_109
2025-11-27 06:26:48,wallet_295,0.01468224,Outgoing,1,1,wallet_336
2025-11-27 06:26:48,wallet_336,0.01468224,Incoming,1,1,wallet_295
2025-11-27 07:06:26,wallet_209,0.00647596,Outgoing,2,2,wallet_348
2025-11-27 07:06:26,wallet_348,0.00647596,Incoming,2,2,wallet_209
2025-11-27 09:22:47,wallet_304,0.13592162,Outgoing,3,2,wallet_049
2025-11-27 09:22:47,wallet_049,0.13592162,Incoming,3,2,wallet_304
2025-11-27 09:48:11,wallet_349,0.09085416,Outgoing,1,1,wallet_161
2025-11-27 09:48:11,wallet_161,0.09085416,Incoming,1,1,wallet_349
2025-11-27 10:13:00,wallet_296,0.05457936,Outgoing,2,3,wallet_228
2025-11-27 10:13:00,wallet_228,0.05457936,Incoming,2,3,wallet_296
2025-11-27 10:48:00,wallet_296,0.04141885,Outgoing,2,3,wallet_239
2025-11-27 10:48:00,wallet_239,0.04141885,Incoming,2,3,wallet_296
2025-11-27 12:23:00,wallet_369,0.08478235,Outgoing,1,2,wallet_386
2025-11-27 12:23:00,wallet_386,0.08478235,Incoming,1,2,wallet_369
2025-11-27 12:51:00,wallet_296,0.02241195,Outgoing,4,1,wallet_119
2025-11-27 12:51:00,wallet_119,0.02241195,Incoming,4,1,wallet_296
2025-11-27 14:15:31,wallet_176,0.09427077,Outgoing,1,2,wallet_301
2025-11-27 14:15:31,wallet_301,0.09427077,Incoming,1,2,wallet_176
2025-11-27 14:33:00,wallet_369,0.09847323,Outgoing,2,2,wallet_275
2025-11-27 14:33:00,wallet_275,0.09847323,Incoming,2,2,wallet_369
2025-11-27 18:19:07,wallet_045,0.00626551,Outgoing,1,3,wallet_145
2025-11-27 18:19:07,wallet_145,0.00626551,Incoming,1,3,wallet_045
2025-11-27 18:20:22,wallet_264,1.95860374,Outgoing,2,2,wallet_053
2025-11-27 18:20:22,wallet_053,1.95860374,Incoming,2,2,wallet_264
2025-11-27 18:24:34,wallet_230,0.11819835,Outgoing,2,1,wallet_374
2025-11-27 18:24:34,wallet_374,0.11819835,Incoming,2,1,wallet_230
2025-11-27 18:49:58,wallet_283,0.04192621,Outgoing,2,1,wallet_102
2025-11-27 18:49:58,wallet_102,0.04192621,Incoming,2,1,wallet_283
2025-11-27 20:03:36,wallet_264,1.45886317,Outgoing,2,1,wallet_390
2025-11-27 20:03:36,wallet_390,1.45886317,Incoming,2,1,wallet_264
2025-11-27 21:22:45,wallet_264,1.71131782,Outgoing,1,2,wallet_283
2025-11-27 21:22:45,wallet_283,1.71131782,Incoming,1,2,wallet_264
2025-11-27 22:46:07,wallet_264,1.23465554,Outgoing,4,2,wallet_334
2025-11-27 22:46:07,wallet_334,1.23465554,Incoming,4,2,wallet_264
2025-11-28 00:44:43,wallet_264,2.29148898,Outgoing,2,2,wallet_267
2025-11-28 00:44:43,wallet_267,2.29148898,Incoming,2,2,wallet_264
2025-11-28 01:09:31,wallet_264,1.67213743,Outgoing,2,2,wallet_068
2025-11-28 01:09:31,wallet_068,1.67213743,Incoming,2,2,wallet_264
2025-11-28 02:54:22,wallet_264,1.4042974,Outgoing,1,2,wallet_041
2025-11-28 02:54:22,wallet_041,1.4042974,Incoming,1,2,wallet_264
2025-11-28 08:16:40,wallet_379,0.09080593,Outgoing,3,1,wallet_231
2025-11-28 08:16:40,wallet_231,0.09080593,Incoming,3,1,wallet_379
2025-11-28 09:52:48,wallet_231,0.02017785,Outgoing,1,2,wallet_118
2025-11-28 09:52:48,wallet_118,0.02017785,Incoming,1,2,wallet_231
2025-11-28 10:30:00,wallet_369,0.09867903,Outgoing,3,2,wallet_219
2025-11-28 10:30:00,wallet_219,0.09867903,Incoming,3,2,wallet_369
2025-11-28 10:33:00,wallet_369,0.07398591,Outgoing,1,1,wallet_189
2025-11-28 10:33:00,wallet_189,0.07398591,Incoming,1,1,wallet_369
2025-11-28 10:38:21,wallet_042,0.03731681,Outgoing,1,1,wallet_149
2025-11-28 10:38:21,wallet_149,0.03731681,Incoming,1,1,wallet_042
2025-11-28 11:16:28,wallet_170,0.0376245,Outgoing,1,1,wallet_182
2025-11-28 11:16:28,wallet_182,0.0376245,Incoming,1,1,wallet_170
2025-11-28 11:18:41,wallet_047,0.02069084,Outgoing,1,2,wallet_404
2025-11-28 11:18:41,wallet_404,0.02069084,Incoming,1,2,wallet_047
2025-11-28 11:28:13,wallet_038,0.03505886,Outgoing,2,1,wallet_015
2025-11-28 11:28:13,wallet_015,0.03505886,Incoming,2,1,wallet_038
2025-11-28 13:00:14,wallet_207,0.77040222,Outgoing,2,2,wallet_381
2025-11-28 13:00:14,wallet_381,0.77040222,Incoming,2,2,wallet_207
2025-11-28 13:50:35,wallet_021,0.02714776,Outgoing,2,2,wallet_265
2025-11-28 13:50:35,wallet_265,0.02714776,Incoming,2,2,wallet_021
2025-11-28 13:57:49,wallet_142,0.02954139,Outgoing,1,1,wallet_350
2025-11-28 13:57:49,wallet_350,0.02954139,Incoming,1,1,wallet_142
2025-11-28 14:05:00,wallet_296,0.12210382,Outgoing,1,1,wallet_110
2025-11-28 14:05:00,wallet_110,0.12210382,Incoming,1,1,wallet_296
2025-11-28 14:05:18,wallet_208,0.05936558,Outgoing,2,3,wallet_393
2025-11-28 14:05:18,wallet_393,0.05936558,Incoming,2,3,wallet_208
2025-11-28 14:37:16,wallet_362,0.04179883,Outgoing,2,1,wallet_323
2025-11-28 14:37:16,wallet_323,0.04179883,Incoming,2,1,wallet_362
2025-11-28 15:31:00,wallet_296,0.0672703,Outgoing,1,2,wallet_111
2025-11-28 15:31:00,wallet_111,0.0672703,Incoming,1,2,wallet_296
2025-11-28 15:36:03,wallet_130,1.61338565,Outgoing,2,2,wallet_104
2025-11-28 15:36:03,wallet_104,1.61338565,Incoming,2,2,wallet_130
2025-11-28 15:41:14,wallet_402,0.03366672,Outgoing,1,3,wallet_061
2025-11-28 15:41:14,wallet_061,0.03366672,Incoming,1,3,wallet_402
2025-11-28 15:45:00,wallet_296,0.0240677,Outgoing,4,2,wallet_257
2025-11-28 15:45:00,wallet_257,0.0240677,Incoming,4,2,wallet_296
2025-11-28 16:56:00,wallet_369,0.14270129,Outgoing,1,3,wallet_288
2025-11-28 16:56:00,wallet_288,0.14270129,Incoming,1,3,wallet_369
2025-11-28 17:47:11,wallet_392,0.01340249,Outgoing,1,3,wallet_070
2025-11-28 17:47:11,wallet_070,0.01340249,Incoming,1,3,wallet_392
2025-11-28 17:52:06,wallet_236,0.06242313,Outgoing,3,1,wallet_069
2025-11-28 17:52:06,wallet_069,0.06242313,Incoming,3,1,wallet_236
2025-11-28 18:20:45,wallet_344,0.10384626,Outgoing,2,2,wallet_119
2025-11-28 18:20:45,wallet_119,0.10384626,Incoming,2,2,wallet_344
2025-11-28 19:26:11,wallet_405,0.08873306,Outgoing,1,1,wallet_292
2025-11-28 19:26:11,wallet_292,0.08873306,Incoming,1,1,wallet_405
2025-11-28 21:23:15,wallet_265,0.02614221,Outgoing,1,1,wallet_008
2025-11-28 21:23:15,wallet_008,0.02614221,Incoming,1,1,wallet_265
2025-11-28 21:56:46,wallet_230,0.13011818,Outgoing,3,3,wallet_159
2025-11-28 21:56:46,wallet_159,0.13011818,Incoming,3,3,wallet_230
2025-11-28 22:18:19,wallet_097,0.01681362,Outgoing,1,1,wallet_169
2025-11-28 22:18:19,wallet_169,0.01681362,Incoming,1,1,wallet_097
2025-11-29 03:27:57,wallet_142,0.04766451,Outgoing,1,1,wallet_122
2025-11-29 03:27:57,wallet_122,0.04766451,Incoming,1,1,wallet_142
2025-11-29 09:03:56,wallet_159,0.02960859,Outgoing,1,1,wallet_176
2025-11-29 09:03:56,wallet_176,0.02960859,Incoming,1,1,wallet_159
2025-11-29 09:07:00,wallet_369,0.11566583,Outgoing,1,2,wallet_021
2025-11-29 09:07:00,wallet_021,0.11566583,Incoming,1,2,wallet_369
2025-11-29 09:42:29,wallet_233,0.01432298,Outgoing,1,3,wallet_054
2025-11-29 09:42:29,wallet_054,0.01432298,Incoming,1,3,wallet_233
2025-11-29 09:59:01,wallet_016,0.14353161,Outgoing,1,2,wallet_352
2025-11-29 09:59:01,wallet_352,0.14353161,Incoming,1,2,wallet_016
2025-11-29 10:17:34,wallet_132,0.01870498,Outgoing,1,2,wallet_317
2025-11-29 10:17:34,wallet_317,0.01870498,Incoming,1,2,wallet_132
2025-11-29 10:38:28,wallet_037,0.00992702,Outgoing,1,3,wallet_297
2025-11-29 10:38:28,wallet_297,0.00992702,Incoming,1,3,wallet_037
2025-11-29 11:06:40,wallet_389,0.28538724,Outgoing,3,2,wallet_308
2025-11-29 11:06:40,wallet_308,0.28538724,Incoming,3,2,wallet_389
2025-11-29 11:19:28,wallet_313,0.02429836,Outgoing,3,1,wallet_127
2025-11-29 11:19:28,wallet_127,0.02429836,Incoming,3,1,wallet_313
2025-11-29 11:24:00,wallet_296,0.13153572,Outgoing,2,2,wallet_083
2025-11-29 11:24:00,wallet_083,0.13153572,Incoming,2,2,wallet_296
2025-11-29 12:05:14,wallet_238,0.01144487,Outgoing,1,2,wallet_166
2025-11-29 12:05:14,wallet_166,0.01144487,Incoming,1,2,wallet_238
2025-11-29 12:52:00,wallet_369,0.05214969,Outgoing,2,2,wallet_078
2025-11-29 12:52:00,wallet_078,0.05214969,Incoming,2,2,wallet_369
2025-11-29 12:57:54,wallet_165,0.05872459,Outgoing,2,2,wallet_074
2025-11-29 12:57:54,wallet_074,0.05872459,Incoming,2,2,wallet_165
2025-11-29 14:18:00,wallet_369,0.06981002,Outgoing,1,3,wallet_340
2025-11-29 14:18:00,wallet_340,0.06981002,Incoming,1,3,wallet_369
2025-11-29 14:23:00,wallet_296,0.13953115,Outgoing,3,3,wallet_184
2025-11-29 14:23:00,wallet_184,0.13953115,Incoming,3,3,wallet_296
2025-11-29 15:03:30,wallet_376,0.01076,Outgoing,1,2,wallet_169
2025-11-29 15:03:30,wallet_169,0.01076,Incoming,1,2,wallet_376
2025-11-29 16:06:15,wallet_048,0.00423995,Outgoing,1,2,wallet_233
2025-11-29 16:06:15,wallet_233,0.00423995,Incoming,1,2,wallet_048
2025-11-29 18:45:37,wallet_307,0.02010864,Outgoing,1,2,wallet_388
2025-11-29 18:45:37,wallet_388,0.02010864,Incoming,1,2,wallet_307
2025-11-29 19:39:53,wallet_405,0.07764524,Outgoing,1,1,wallet_298
2025-11-29 19:39:53,wallet_298,0.07764524,Incoming,1,1,wallet_405
2025-11-30 06:01:14,wallet_217,0.14608256,Outgoing,1,2,wallet_262
2025-11-30 06:01:14,wallet_262,0.14608256,Incoming,1,2,wallet_217
2025-11-30 06:43:55,wallet_020,0.0144033,Outgoing,1,2,wallet_372
2025-11-30 06:43:55,wallet_372,0.0144033,Incoming,1,2,wallet_020
2025-11-30 07:52:48,wallet_345,0.28287113,Outgoing,2,2,wallet_083
2025-11-30 07:52:48,wallet_083,0.28287113,Incoming,2,2,wallet_345
2025-11-30 09:33:41,wallet_051,0.11362656,Outgoing,1,2,wallet_052
2025-11-30 09:33:41,wallet_052,0.11362656,Incoming,1,2,wallet_051
2025-11-30 09:37:57,wallet_359,0.13022074,Outgoing,2,1,wallet_269
2025-11-30 09:37:57,wallet_269,0.13022074,Incoming,2,1,wallet_359
2025-11-30 10:12:47,wallet_049,0.13777617,Outgoing,2,1,wallet_261
2025-11-30 10:12:47,wallet_261,0.13777617,Incoming,2,1,wallet_049
2025-11-30 10:15:34,wallet_196,0.1377399,Outgoing,2,1,wallet_146
2025-11-30 10:15:34,wallet_146,0.1377399,Incoming,2,1,wallet_196
2025-11-30 10:44:13,wallet_142,0.05055447,Outgoing,1,1,wallet_350
2025-11-30 10:44:13,wallet_350,0.05055447,Incoming,1,1,wallet_142
2025-11-30 11:14:18,wallet_128,0.0339947,Outgoing,1,2,wallet_118
2025-11-30 11:14:18,wallet_118,0.0339947,Incoming,1,2,wallet_128
2025-11-30 11:21:52,wallet_283,0.08698103,Outgoing,2,1,wallet_344
2025-11-30 11:21:52,wallet_344,0.08698103,Incoming,2,1,wallet_283
2025-11-30 12:32:59,wallet_113,0.0913298,Outgoing,2,2,wallet_330
2025-11-30 12:32:59,wallet_330,0.0913298,Incoming,2,2,wallet_113
2025-11-30 17:46:58,wallet_119,0.0621733,Outgoing,1,2,wallet_344
2025-11-30 17:46:58,wallet_344,0.0621733,Incoming,1,2,wallet_119
2025-11-30 17:51:19,wallet_173,0.11044063,Outgoing,2,2,wallet_030
2025-11-30 17:51:19,wallet_030,0.11044063,Incoming,2,2,wallet_173
2025-11-30 18:03:47,wallet_169,0.01569316,Outgoing,2,2,wallet_376
2025-11-30 18:03:47,wallet_376,0.01569316,Incoming,2,2,wallet_169
2025-11-30 20:59:39,wallet_275,0.0217754,Outgoing,1,1,wallet_350
2025-11-30 20:59:39,wallet_350,0.0217754,Incoming,1,1,wallet_275
2025-12-01 06:38:59,wallet_284,0.02896958,Outgoing,2,2,wallet_390
2025-12-01 06:38:59,wallet_390,0.02896958,Incoming,2,2,wallet_284
2025-12-01 07:35:38,wallet_304,0.03322561,Outgoing,3,2,wallet_351
2025-12-01 07:35:38,wallet_351,0.03322561,Incoming,3,2,wallet_304
2025-12-01 09:51:46,wallet_382,0.07580347,Outgoing,2,1,wallet_209
2025-12-01 09:51:46,wallet_209,0.07580347,Incoming,2,1,wallet_382
2025-12-01 10:38:55,wallet_129,0.06779466,Outgoing,4,2,wallet_218
2025-12-01 10:38:55,wallet_218,0.06779466,Incoming,4,2,wallet_129
2025-12-01 12:01:13,wallet_142,0.06519794,Outgoing,1,1,wallet_321
2025-12-01 12:01:13,wallet_321,0.06519794,Incoming,1,1,wallet_142
2025-12-01 15:58:19,wallet_040,0.0245854,Outgoing,2,2,wallet_074
2025-12-01 15:58:19,wallet_074,0.0245854,Incoming,2,2,wallet_040
2025-12-01 20:33:20,wallet_282,0.04851773,Outgoing,1,1,wallet_277
2025-12-01 20:33:20,wallet_277,0.04851773,Incoming,1,1,wallet_282
2025-12-01 21:54:39,wallet_282,0.06148319,Outgoing,3,2,wallet_025
2025-12-01 21:54:39,wallet_025,0.06148319,Incoming,3,2,wallet_282
2025-12-02 08:40:23,wallet_362,0.03803664,Outgoing,1,1,wallet_078
2025-12-02 08:40:23,wallet_078,0.03803664,Incoming,1,1,wallet_362
2025-12-02 09:14:13,wallet_193,0.00688232,Outgoing,2,2,wallet_045
2025-12-02 09:14:13,wallet_045,0.00688232,Incoming,2,2,wallet_193
2025-12-02 13:10:38,wallet_262,0.1565337,Outgoing,4,1,wallet_217
2025-12-02 13:10:38,wallet_217,0.1565337,Incoming,4,1,wallet_262
2025-12-02 13:12:29,wallet_036,0.06789847,Outgoing,1,3,wallet_236
2025-12-02 13:12:29,wallet_236,0.06789847,Incoming,1,3,wallet_036
2025-12-02 14:07:30,wallet_068,0.29080118,Outgoing,2,2,wallet_286
2025-12-02 14:07:30,wallet_286,0.29080118,Incoming,2,2,wallet_068
2025-12-02 14:46:03,wallet_210,0.03766525,Outgoing,1,2,wallet_297
2025-12-02 14:46:03,wallet_297,0.03766525,Incoming,1,2,wallet_210
2025-12-02 15:15:35,wallet_274,0.05541484,Outgoing,4,3,wallet_396
2025-12-02 15:15:35,wallet_396,0.05541484,Incoming,4,3,wallet_274
2025-12-02 15:16:35,wallet_360,0.04712506,Outgoing,2,3,wallet_268
2025-12-02 15:16:35,wallet_268,0.04712506,Incoming,2,3,wallet_360
2025-12-02 16:48:31,wallet_285,0.08377371,Outgoing,1,1,wallet_007
2025-12-02 16:48:31,wallet_007,0.08377371,Incoming,1,1,wallet_285
2025-12-02 17:08:54,wallet_042,0.02617845,Outgoing,1,2,wallet_288
2025-12-02 17:08:54,wallet_288,0.02617845,Incoming,1,2,wallet_042
2025-12-02 19:16:50,wallet_015,0.10960313,Outgoing,1,1,wallet_008
2025-12-02 19:16:50,wallet_008,0.10960313,Incoming,1,1,wallet_015
2025-12-03 08:32:40,wallet_212,0.03316895,Outgoing,2,2,wallet_252
2025-12-03 08:32:40,wallet_252,0.03316895,Incoming,2,2,wallet_212
2025-12-03 08:33:42,wallet_319,0.02798215,Outgoing,2,2,wallet_160
2025-12-03 08:33:42,wallet_160,0.02798215,Incoming,2,2,wallet_319
2025-12-03 09:12:30,wallet_345,0.06020548,Outgoing,4,1,wallet_268
2025-12-03 09:12:30,wallet_268,0.06020548,Incoming,4,1,wallet_345
2025-12-03 10:12:40,wallet_158,0.01507046,Outgoing,1,1,wallet_156
2025-12-03 10:12:40,wallet_156,0.01507046,Incoming,1,1,wallet_158
2025-12-03 12:12:31,wallet_374,6.01312743,Outgoing,1,1,wallet_368
2025-12-03 12:12:31,wallet_368,6.01312743,Incoming,1,1,wallet_374
2025-12-03 12:27:31,wallet_202,0.01349398,Outgoing,1,3,wallet_083
2025-12-03 12:27:31,wallet_083,0.01349398,Incoming,1,3,wallet_202
2025-12-03 12:42:43,wallet_016,0.04091406,Outgoing,1,2,wallet_393
2025-12-03 12:42:43,wallet_393,0.04091406,Incoming,1,2,wallet_016
2025-12-03 12:48:44,wallet_199,0.05990197,Outgoing,3,1,wallet_225
2025-12-03 12:48:44,wallet_225,0.05990197,Incoming,3,1,wallet_199
2025-12-03 13:04:36,wallet_188,0.01512323,Outgoing,3,2,wallet_265
2025-12-03 13:04:36,wallet_265,0.01512323,Incoming,3,2,wallet_188
2025-12-03 13:40:15,wallet_241,0.04666407,Outgoing,1,2,wallet_146
2025-12-03 13:40:15,wallet_146,0.04666407,Incoming,1,2,wallet_241
2025-12-03 14:29:51,wallet_159,0.04214003,Outgoing,1,2,wallet_212
2025-12-03 14:29:51,wallet_212,0.04214003,Incoming,1,2,wallet_159
2025-12-03 15:34:05,wallet_368,0.22252896,Outgoing,3,1,wallet_374
2025-12-03 15:34:05,wallet_374,0.22252896,Incoming,3,1,wallet_368
2025-12-03 15:55:55,wallet_085,0.92911659,Outgoing,3,2,wallet_023
2025-12-03 15:55:55,wallet_023,0.92911659,Incoming,3,2,wallet_085
2025-12-03 16:54:57,wallet_394,0.10184553,Outgoing,1,3,wallet_260
2025-12-03 16:54:57,wallet_260,0.10184553,Incoming,1,3,wallet_394
2025-12-03 19:15:27,wallet_182,0.06605575,Outgoing,1,1,wallet_170
2025-12-03 19:15:27,wallet_170,0.06605575,Incoming,1,1,wallet_182
2025-12-03 19:57:23,wallet_352,0.05358985,Outgoing,1,1,wallet_212
2025-12-03 19:57:23,wallet_212,0.05358985,Incoming,1,1,wallet_352
2025-12-03 19:59:39,wallet_049,0.51511614,Outgoing,2,1,wallet_318
2025-12-03 19:59:39,wallet_318,0.51511614,Incoming,2,1,wallet_049
2025-12-03 20:59:12,wallet_262,0.06772721,Outgoing,1,1,wallet_100
2025-12-03 20:59:12,wallet_100,0.06772721,Incoming,1,1,wallet_262
2025-12-03 21:28:22,wallet_149,0.39742809,Outgoing,1,1,wallet_371
2025-12-03 21:28:22,wallet_371,0.39742809,Incoming,1,1,wallet_149
2025-12-04 03:09:46,wallet_234,0.02729308,Outgoing,3,2,wallet_313
2025-12-04 03:09:46,wallet_313,0.02729308,Incoming,3,2,wallet_234
2025-12-04 06:13:15,wallet_319,0.04165261,Outgoing,1,2,wallet_272
2025-12-04 06:13:15,wallet_272,0.04165261,Incoming,1,2,wallet_319
2025-12-04 07:05:12,wallet_267,0.09003729,Outgoing,1,2,wallet_230
2025-12-04 07:05:12,wallet_230,0.09003729,Incoming,1,2,wallet_267
2025-12-04 08:09:32,wallet_251,0.22394718,Outgoing,1,3,wallet_050
2025-12-04 08:09:32,wallet_050,0.22394718,Incoming,1,3,wallet_251
2025-12-04 08:14:26,wallet_389,0.23056822,Outgoing,1,2,wallet_340
2025-12-04 08:14:26,wallet_340,0.23056822,Incoming,1,2,wallet_389
2025-12-04 10:03:37,wallet_038,0.05470587,Outgoing,3,3,wallet_319
2025-12-04 10:03:37,wallet_319,0.05470587,Incoming,3,3,wallet_038
2025-12-04 10:23:09,wallet_049,0.13795023,Outgoing,4,2,wallet_318
2025-12-04 10:23:09,wallet_318,0.13795023,Incoming,4,2,wallet_049
2025-12-04 14:52:59,wallet_278,0.02812681,Outgoing,1,2,wallet_375
2025-12-04 14:52:59,wallet_375,0.02812681,Incoming,1,2,wallet_278
2025-12-04 15:59:24,wallet_355,0.18216431,Outgoing,1,3,wallet_128
2025-12-04 15:59:24,wallet_128,0.18216431,Incoming,1,3,wallet_355
2025-12-04 17:30:35,wallet_109,0.03302222,Outgoing,1,3,wallet_368
2025-12-04 17:30:35,wallet_368,0.03302222,Incoming,1,3,wallet_109
2025-12-04 17:51:42,wallet_097,0.03624406,Outgoing,2,2,wallet_376
2025-12-04 17:51:42,wallet_376,0.03624406,Incoming,2,2,wallet_097
2025-12-04 20:05:43,wallet_378,0.04074495,Outgoing,1,2,wallet_088
2025-12-04 20:05:43,wallet_088,0.04074495,Incoming,1,2,wallet_378
2025-12-04 22:47:08,wallet_078,0.0418494,Outgoing,3,2,wallet_241
2025-12-04 22:47:08,wallet_241,0.0418494,Incoming,3,2,wallet_078
2025-12-05 05:28:32,wallet_346,0.08490577,Outgoing,1,2,wallet_202
2025-12-05 05:28:32,wallet_202,0.08490577,Incoming,1,2,wallet_346
2025-12-05 07:09:35,wallet_164,0.03673485,Outgoing,2,2,wallet_288
2025-12-05 07:09:35,wallet_288,0.03673485,Incoming,2,2,wallet_164
2025-12-05 09:32:44,wallet_324,0.26881019,Outgoing,1,1,wallet_176
2025-12-05 09:32:44,wallet_176,0.26881019,Incoming,1,1,wallet_324
2025-12-05 13:35:50,wallet_004,0.06914363,Outgoing,1,2,wallet_231
2025-12-05 13:35:50,wallet_231,0.06914363,Incoming,1,2,wallet_004
2025-12-05 15:07:54,wallet_179,0.03928119,Outgoing,1,3,wallet_159
2025-12-05 15:07:54,wallet_159,0.03928119,Incoming,1,3,wallet_179
2025-12-05 15:50:40,wallet_258,0.02971403,Outgoing,2,1,wallet_036
2025-12-05 15:50:40,wallet_036,0.02971403,Incoming,2,1,wallet_258
2025-12-05 19:27:07,wallet_197,0.10142354,Outgoing,1,2,wallet_143
2025-12-05 19:27:07,wallet_143,0.10142354,Incoming,1,2,wallet_197
2025-12-05 19:38:36,wallet_388,0.04539888,Outgoing,1,1,wallet_323
2025-12-05 19:38:36,wallet_323,0.04539888,Incoming,1,1,wallet_388
2025-12-05 21:14:21,wallet_037,0.03877639,Outgoing,1,2,wallet_297
2025-12-05 21:14:21,wallet_297,0.03877639,Incoming,1,2,wallet_037
2025-12-05 22:16:50,wallet_300,0.19232245,Outgoing,1,1,wallet_308
2025-12-05 22:16:50,wallet_308,0.19232245,Incoming,1,1,wallet_300
2025-12-05 23:36:51,wallet_331,0.09125978,Outgoing,2,1,wallet_374
2025-12-05 23:36:51,wallet_374,0.09125978,Incoming,2,1,wallet_331
2025-12-06 02:31:07,wallet_388,0.02194151,Outgoing,1,1,wallet_020
2025-12-06 02:31:07,wallet_020,0.02194151,Incoming,1,1,wallet_388
2025-12-06 05:25:50,wallet_119,0.11390065,Outgoing,2,1,wallet_068
2025-12-06 05:25:50,wallet_068,0.11390065,Incoming,2,1,wallet_119
2025-12-06 08:01:59,wallet_319,0.06607644,Outgoing,4,2,wallet_160
2025-12-06 08:01:59,wallet_160,0.06607644,Incoming,4,2,wallet_319
2025-12-06 11:37:06,wallet_188,0.28125364,Outgoing,4,1,wallet_367
2025-12-06 11:37:06,wallet_367,0.28125364,Incoming,4,1,wallet_188
2025-12-06 12:41:01,wallet_100,0.01103127,Outgoing,1,3,wallet_160
2025-12-06 12:41:01,wallet_160,0.01103127,Incoming,1,3,wallet_100
2025-12-06 13:03:10,wallet_102,0.13489231,Outgoing,1,1,wallet_344
2025-12-06 13:03:10,wallet_344,0.13489231,Incoming,1,1,wallet_102
2025-12-06 14:45:20,wallet_192,0.11633181,Outgoing,3,2,wallet_287
2025-12-06 14:45:20,wallet_287,0.11633181,Incoming,3,2,wallet_192
2025-12-06 15:05:49,wallet_194,0.10362508,Outgoing,1,1,wallet_010
2025-12-06 15:05:49,wallet_010,0.10362508,Incoming,1,1,wallet_194
2025-12-06 16:30:55,wallet_360,0.17459425,Outgoing,2,2,wallet_346
2025-12-06 16:30:55,wallet_346,0.17459425,Incoming,2,2,wallet_360
2025-12-06 17:12:08,wallet_132,0.22013225,Outgoing,1,2,wallet_241
2025-12-06 17:12:08,wallet_241,0.22013225,Incoming,1,2,wallet_132
2025-12-07 09:24:00,wallet_348,1.03481188,Outgoing,2,2,wallet_072
2025-12-07 09:24:00,wallet_072,1.03481188,Incoming,2,2,wallet_348
2025-12-07 10:45:34,wallet_308,0.21958465,Outgoing,3,2,wallet_300
2025-12-07 10:45:34,wallet_300,0.21958465,Incoming,3,2,wallet_308
2025-12-07 10:51:06,wallet_271,0.10851257,Outgoing,3,2,wallet_267
2025-12-07 10:51:06,wallet_267,0.10851257,Incoming,3,2,wallet_271
2025-12-07 12:52:02,wallet_251,0.04310081,Outgoing,1,1,wallet_047
2025-12-07 12:52:02,wallet_047,0.04310081,Incoming,1,1,wallet_251
2025-12-07 14:00:17,wallet_364,0.01528683,Outgoing,1,3,wallet_124
2025-12-07 14:00:17,wallet_124,0.01528683,Incoming,1,3,wallet_364
2025-12-07 14:49:41,wallet_279,0.45736287,Outgoing,2,3,wallet_218
2025-12-07 14:49:41,wallet_218,0.45736287,Incoming,2,3,wallet_279
2025-12-07 15:42:13,wallet_317,0.02664323,Outgoing,4,2,wallet_133
2025-12-07 15:42:13,wallet_133,0.02664323,Incoming,4,2,wallet_317
2025-12-07 15:58:27,wallet_166,0.00569814,Outgoing,1,1,wallet_238
2025-12-07 15:58:27,wallet_238,0.00569814,Incoming,1,1,wallet_166
2025-12-08 08:48:19,wallet_344,0.04385334,Outgoing,1,3,wallet_295
2025-12-08 08:48:19,wallet_295,0.04385334,Incoming,1,3,wallet_344
2025-12-08 10:27:26,wallet_174,0.02436752,Outgoing,2,2,wallet_289
2025-12-08 10:27:26,wallet_289,0.02436752,Incoming,2,2,wallet_174
2025-12-08 12:45:21,wallet_169,0.01252969,Outgoing,2,1,wallet_097
2025-12-08 12:45:21,wallet_097,0.01252969,Incoming,2,1,wallet_169
2025-12-08 13:27:02,wallet_244,0.18516159,Outgoing,2,1,wallet_146
2025-12-08 13:27:02,wallet_146,0.18516159,Incoming,2,1,wallet_244
2025-12-08 16:11:47,wallet_085,0.01982234,Outgoing,3,1,wallet_220
2025-12-08 16:11:47,wallet_220,0.01982234,Incoming,3,1,wallet_085
2025-12-08 17:29:15,wallet_220,0.2330873,Outgoing,2,1,wallet_046
2025-12-08 17:29:15,wallet_046,0.2330873,Incoming,2,1,wallet_220
2025-12-08 18:59:27,wallet_282,0.13801881,Outgoing,1,3,wallet_332
2025-12-08 18:59:27,wallet_332,0.13801881,Incoming,1,3,wallet_282
2025-12-09 09:15:38,wallet_234,0.06932659,Outgoing,2,2,wallet_143
2025-12-09 09:15:38,wallet_143,0.06932659,Incoming,2,2,wallet_234
2025-12-09 09:29:31,wallet_351,0.04628738,Outgoing,1,2,wallet_345
2025-12-09 09:29:31,wallet_345,0.04628738,Incoming,1,2,wallet_351
2025-12-09 11:00:45,wallet_303,0.03140555,Outgoing,2,2,wallet_181
2025-12-09 11:00:45,wallet_181,0.03140555,Incoming,2,2,wallet_303
2025-12-09 11:23:15,wallet_360,0.11078267,Outgoing,1,1,wallet_027
2025-12-09 11:23:15,wallet_027,0.11078267,Incoming,1,1,wallet_360
2025-12-09 12:25:57,wallet_238,0.5042059,Outgoing,3,1,wallet_403
2025-12-09 12:25:57,wallet_403,0.5042059,Incoming,3,1,wallet_238
2025-12-09 14:11:46,wallet_267,0.0397799,Outgoing,2,1,wallet_271
2025-12-09 14:11:46,wallet_271,0.0397799,Incoming,2,1,wallet_267
2025-12-09 14:31:46,wallet_351,0.13251739,Outgoing,2,2,wallet_360
2025-12-09 14:31:46,wallet_360,0.13251739,Incoming,2,2,wallet_351
2025-12-09 18:29:35,wallet_048,0.04049971,Outgoing,1,2,wallet_069
2025-12-09 18:29:35,wallet_069,0.04049971,Incoming,1,2,wallet_048
2025-12-10 04:45:20,wallet_275,0.01260884,Outgoing,2,2,wallet_329
2025-12-10 04:45:20,wallet_329,0.01260884,Incoming,2,2,wallet_275
2025-12-10 05:16:49,wallet_371,0.40050868,Outgoing,1,1,wallet_149
2025-12-10 05:16:49,wallet_149,0.40050868,Incoming,1,1,wallet_371
2025-12-10 06:41:15,wallet_158,0.32728271,Outgoing,2,3,wallet_023
2025-12-10 06:41:15,wallet_023,0.32728271,Incoming,2,3,wallet_158
2025-12-10 08:37:10,wallet_091,0.06776579,Outgoing,2,2,wallet_367
2025-12-10 08:37:10,wallet_367,0.06776579,Incoming,2,2,wallet_091
2025-12-10 09:07:40,wallet_265,0.01972863,Outgoing,3,1,wallet_091
2025-12-10 09:07:40,wallet_091,0.01972863,Incoming,3,1,wallet_265
2025-12-10 13:46:47,wallet_076,0.03942784,Outgoing,1,1,wallet_167
2025-12-10 13:46:47,wallet_167,0.03942784,Incoming,1,1,wallet_076
2025-12-10 13:51:58,wallet_344,0.10400553,Outgoing,1,2,wallet_105
2025-12-10 13:51:58,wallet_105,0.10400553,Incoming,1,2,wallet_344
2025-12-10 15:26:59,wallet_267,0.0157356,Outgoing,2,2,wallet_169
2025-12-10 15:26:59,wallet_169,0.0157356,Incoming,2,2,wallet_267
2025-12-10 17:54:48,wallet_094,0.11127703,Outgoing,4,2,wallet_188
2025-12-10 17:54:48,wallet_188,0.11127703,Incoming,4,2,wallet_094
2025-12-10 17:56:27,wallet_063,0.02071567,Outgoing,1,3,wallet_342
2025-12-10 17:56:27,wallet_342,0.02071567,Incoming,1,3,wallet_063
2025-12-10 18:44:19,wallet_388,0.01377694,Outgoing,1,1,wallet_372
2025-12-10 18:44:19,wallet_372,0.01377694,Incoming,1,1,wallet_388
2025-12-10 19:15:50,wallet_158,0.01148345,Outgoing,2,2,wallet_205
2025-12-10 19:15:50,wallet_205,0.01148345,Incoming,2,2,wallet_158
2025-12-10 19:40:01,wallet_360,0.06108507,Outgoing,1,2,wallet_268
2025-12-10 19:40:01,wallet_268,0.06108507,Incoming,1,2,wallet_360
2025-12-11 05:40:35,wallet_007,0.07987096,Outgoing,2,1,wallet_146
2025-12-11 05:40:35,wallet_146,0.07987096,Incoming,2,1,wallet_007
2025-12-11 08:18:00,wallet_378,0.01195988,Outgoing,1,2,wallet_169
2025-12-11 08:18:00,wallet_169,0.01195988,Incoming,1,2,wallet_378
2025-12-11 08:37:05,wallet_112,0.17492702,Outgoing,1,2,wallet_405
2025-12-11 08:37:05,wallet_405,0.17492702,Incoming,1,2,wallet_112
2025-12-11 09:26:20,wallet_049,0.52562175,Outgoing,2,2,wallet_318
2025-12-11 09:26:20,wallet_318,0.52562175,Incoming,2,2,wallet_049
2025-12-11 12:32:17,wallet_407,0.06040266,Outgoing,1,2,wallet_161
2025-12-11 12:32:17,wallet_161,0.06040266,Incoming,1,2,wallet_407
2025-12-11 14:09:16,wallet_063,0.0225568,Outgoing,3,2,wallet_390
2025-12-11 14:09:16,wallet_390,0.0225568,Incoming,3,2,wallet_063
2025-12-11 15:48:06,wallet_324,0.07452008,Outgoing,1,1,wallet_113
2025-12-11 15:48:06,wallet_113,0.07452008,Incoming,1,1,wallet_324
2025-12-11 16:48:15,wallet_071,0.01930784,Outgoing,1,3,wallet_228
2025-12-11 16:48:15,wallet_228,0.01930784,Incoming,1,3,wallet_071
2025-12-11 17:05:34,wallet_289,0.13165547,Outgoing,1,3,wallet_041
2025-12-11 17:05:34,wallet_041,0.13165547,Incoming,1,3,wallet_289
2025-12-12 04:56:51,wallet_088,0.0515797,Outgoing,1,2,wallet_402
2025-12-12 04:56:51,wallet_402,0.0515797,Incoming,1,2,wallet_088
2025-12-12 06:38:51,wallet_119,0.16315241,Outgoing,2,1,wallet_111
2025-12-12 06:38:51,wallet_111,0.16315241,Incoming,2,1,wallet_119
2025-12-12 11:29:09,wallet_404,0.03447504,Outgoing,1,3,wallet_047
2025-12-12 11:29:09,wallet_047,0.03447504,Incoming,1,3,wallet_404
2025-12-12 11:46:31,wallet_380,0.11303848,Outgoing,1,2,wallet_146
2025-12-12 11:46:31,wallet_146,0.11303848,Incoming,1,2,wallet_380
2025-12-12 14:16:32,wallet_049,0.22213584,Outgoing,4,2,wallet_392
2025-12-12 14:16:32,wallet_392,0.22213584,Incoming,4,2,wallet_049
2025-12-12 15:22:55,wallet_309,0.13107955,Outgoing,1,1,wallet_032
2025-12-12 15:22:55,wallet_032,0.13107955,Incoming,1,1,wallet_309
2025-12-12 16:29:14,wallet_372,0.0194411,Outgoing,1,2,wallet_040
2025-12-12 16:29:14,wallet_040,0.0194411,Incoming,1,2,wallet_372
2025-12-12 17:29:21,wallet_142,0.0438392,Outgoing,3,1,wallet_321
2025-12-12 17:29:21,wallet_321,0.0438392,Incoming,3,1,wallet_142
2025-12-12 18:22:56,wallet_139,0.03597271,Outgoing,2,1,wallet_385
2025-12-12 18:22:56,wallet_385,0.03597271,Incoming,2,1,wallet_139
2025-12-12 18:55:12,wallet_119,0.22795332,Outgoing,2,2,wallet_068
2025-12-12 18:55:12,wallet_068,0.22795332,Incoming,2,2,wallet_119
2025-12-13 00:32:47,wallet_407,0.02365114,Outgoing,1,3,wallet_215
2025-12-13 00:32:47,wallet_215,0.02365114,Incoming,1,3,wallet_407
2025-12-13 05:57:59,wallet_248,0.0721413,Outgoing,2,2,wallet_340
2025-12-13 05:57:59,wallet_340,0.0721413,Incoming,2,2,wallet_248
2025-12-13 06:08:24,wallet_156,0.01254557,Outgoing,2,2,wallet_158
2025-12-13 06:08:24,wallet_158,0.01254557,Incoming,2,2,wallet_156
2025-12-13 06:15:22,wallet_393,0.06186671,Outgoing,1,1,wallet_208
2025-12-13 06:15:22,wallet_208,0.06186671,Incoming,1,1,wallet_393
2025-12-13 07:12:56,wallet_195,0.01414025,Outgoing,1,2,wallet_095
2025-12-13 07:12:56,wallet_095,0.01414025,Incoming,1,2,wallet_195
2025-12-13 07:53:38,wallet_283,0.05353907,Outgoing,3,2,wallet_344
2025-12-13 07:53:38,wallet_344,0.05353907,Incoming,3,2,wallet_283
2025-12-13 08:16:34,wallet_287,0.02234396,Outgoing,3,2,wallet_192
2025-12-13 08:16:34,wallet_192,0.02234396,Incoming,3,2,wallet_287
2025-12-13 09:08:09,wallet_043,0.23817735,Outgoing,1,2,wallet_360
2025-12-13 09:08:09,wallet_360,0.23817735,Incoming,1,2,wallet_043
2025-12-13 09:48:05,wallet_140,0.01277903,Outgoing,2,2,wallet_121
2025-12-13 09:48:05,wallet_121,0.01277903,Incoming,2,2,wallet_140
2025-12-13 10:18:27,wallet_177,0.01804379,Outgoing,1,2,wallet_085
2025-12-13 10:18:27,wallet_085,0.01804379,Incoming,1,2,wallet_177
2025-12-13 10:20:33,wallet_396,0.0680245,Outgoing,1,1,wallet_034
2025-12-13 10:20:33,wallet_034,0.0680245,Incoming,1,1,wallet_396
2025-12-13 10:39:33,wallet_241,0.04927867,Outgoing,2,1,wallet_078
2025-12-13 10:39:33,wallet_078,0.04927867,Incoming,2,1,wallet_241
2025-12-13 11:12:50,wallet_198,0.0352608,Outgoing,1,1,wallet_266
2025-12-13 11:12:50,wallet_266,0.0352608,Incoming,1,1,wallet_198
2025-12-13 11:33:27,wallet_182,0.02173982,Outgoing,2,2,wallet_052
2025-12-13 11:33:27,wallet_052,0.02173982,Incoming,2,2,wallet_182
2025-12-13 11:52:28,wallet_309,0.07542401,Outgoing,2,2,wallet_287
2025-12-13 11:52:28,wallet_287,0.07542401,Incoming,2,2,wallet_309
2025-12-13 12:49:29,wallet_201,0.01003743,Outgoing,1,3,wallet_064
2025-12-13 12:49:29,wallet_064,0.01003743,Incoming,1,3,wallet_201
2025-12-13 13:38:06,wallet_359,0.04694495,Outgoing,4,3,wallet_350
2025-12-13 13:38:06,wallet_350,0.04694495,Incoming,4,3,wallet_359
2025-12-13 13:46:27,wallet_344,0.08144616,Outgoing,1,2,wallet_207
2025-12-13 13:46:27,wallet_207,0.08144616,Incoming,1,2,wallet_344
2025-12-13 18:01:20,wallet_179,0.01625351,Outgoing,3,1,wallet_366
2025-12-13 18:01:20,wallet_366,0.01625351,Incoming,3,1,wallet_179
2025-12-13 18:51:49,wallet_049,0.1425555,Outgoing,2,1,wallet_318
2025-12-13 18:51:49,wallet_318,0.1425555,Incoming,2,1,wallet_049
2025-12-13 21:44:39,wallet_314,0.00645006,Outgoing,3,3,wallet_048
2025-12-13 21:44:39,wallet_048,0.00645006,Incoming,3,3,wallet_314
2025-12-13 22:48:06,wallet_405,0.08752856,Outgoing,2,1,wallet_292
2025-12-13 22:48:06,wallet_292,0.08752856,Incoming,2,1,wallet_405
2025-12-14 00:40:12,wallet_131,0.18285767,Outgoing,2,2,wallet_152
2025-12-14 00:40:12,wallet_152,0.18285767,Incoming,2,2,wallet_131
2025-12-14 00:42:44,wallet_234,0.03812301,Outgoing,1,1,wallet_143
2025-12-14 00:42:44,wallet_143,0.03812301,Incoming,1,1,wallet_234
2025-12-14 03:42:52,wallet_111,0.09954757,Outgoing,2,1,wallet_119
2025-12-14 03:42:52,wallet_119,0.09954757,Incoming,2,1,wallet_111
2025-12-14 10:09:04,wallet_268,0.05815811,Outgoing,3,3,wallet_175
2025-12-14 10:09:04,wallet_175,0.05815811,Incoming,3,3,wallet_268
2025-12-14 12:01:27,wallet_168,0.17701506,Outgoing,3,2,wallet_286
2025-12-14 12:01:27,wallet_286,0.17701506,Incoming,3,2,wallet_168
2025-12-14 12:23:47,wallet_252,1.4331201,Outgoing,1,1,wallet_109
2025-12-14 12:23:47,wallet_109,1.4331201,Incoming,1,1,wallet_252
2025-12-14 12:45:59,wallet_267,0.04336195,Outgoing,1,1,wallet_277
2025-12-14 12:45:59,wallet_277,0.04336195,Incoming,1,1,wallet_267
2025-12-14 13:36:11,wallet_145,0.07731271,Outgoing,2,1,wallet_090
2025-12-14 13:36:11,wallet_090,0.07731271,Incoming,2,1,wallet_145
2025-12-14 13:44:52,wallet_170,0.03828898,Outgoing,1,2,wallet_182
2025-12-14 13:44:52,wallet_182,0.03828898,Incoming,1,2,wallet_170
2025-12-14 14:49:01,wallet_062,0.03009978,Outgoing,1,2,wallet_152
2025-12-14 14:49:01,wallet_152,0.03009978,Incoming,1,2,wallet_062
2025-12-14 15:38:13,wallet_192,0.0539513,Outgoing,1,2,wallet_110
2025-12-14 15:38:13,wallet_110,0.0539513,Incoming,1,2,wallet_192
2025-12-14 15:53:07,wallet_319,0.03127798,Outgoing,1,2,wallet_100
2025-12-14 15:53:07,wallet_100,0.03127798,Incoming,1,2,wallet_319
2025-12-15 09:04:39,wallet_237,0.0291523,Outgoing,1,2,wallet_050
2025-12-15 09:04:39,wallet_050,0.0291523,Incoming,1,2,wallet_237
2025-12-15 09:42:41,wallet_270,0.01074659,Outgoing,4,2,wallet_351
2025-12-15 09:42:41,wallet_351,0.01074659,Incoming,4,2,wallet_270
2025-12-15 11:37:17,wallet_379,0.08885171,Outgoing,1,2,wallet_217
2025-12-15 11:37:17,wallet_217,0.08885171,Incoming,1,2,wallet_379
2025-12-15 11:49:48,wallet_248,0.07971595,Outgoing,1,1,wallet_340
2025-12-15 11:49:48,wallet_340,0.07971595,Incoming,1,1,wallet_248
2025-12-15 12:02:41,wallet_260,0.06490463,Outgoing,1,2,wallet_010
2025-12-15 12:02:41,wallet_010,0.06490463,Incoming,1,2,wallet_260
2025-12-15 14:46:20,wallet_345,0.02579718,Outgoing,2,1,wallet_351
2025-12-15 14:46:20,wallet_351,0.02579718,Incoming,2,1,wallet_345
2025-12-15 15:59:33,wallet_135,0.11222551,Outgoing,2,2,wallet_393
2025-12-15 15:59:33,wallet_393,0.11222551,Incoming,2,2,wallet_135
2025-12-15 16:30:29,wallet_283,0.34058113,Outgoing,2,3,wallet_350
2025-12-15 16:30:29,wallet_350,0.34058113,Incoming,2,3,wallet_283
2025-12-16 00:44:26,wallet_124,0.18712274,Outgoing,1,2,wallet_371
2025-12-16 00:44:26,wallet_371,0.18712274,Incoming,1,2,wallet_124
2025-12-16 04:00:14,wallet_189,0.01570676,Outgoing,1,1,wallet_265
2025-12-16 04:00:14,wallet_265,0.01570676,Incoming,1,1,wallet_189
2025-12-16 07:36:57,wallet_156,0.01028658,Outgoing,1,1,wallet_323
2025-12-16 07:36:57,wallet_323,0.01028658,Incoming,1,1,wallet_156
2025-12-16 08:32:47,wallet_040,0.13550583,Outgoing,2,1,wallet_093
2025-12-16 08:32:47,wallet_093,0.13550583,Incoming,2,1,wallet_040
2025-12-16 09:52:20,wallet_368,0.11157401,Outgoing,1,2,wallet_324
2025-12-16 09:52:20,wallet_324,0.11157401,Incoming,1,2,wallet_368
2025-12-16 10:38:34,wallet_241,0.09710687,Outgoing,4,2,wallet_034
2025-12-16 10:38:34,wallet_034,0.09710687,Incoming,4,2,wallet_241
2025-12-16 11:23:05,wallet_187,0.00512714,Outgoing,1,1,wallet_045
2025-12-16 11:23:05,wallet_045,0.00512714,Incoming,1,1,wallet_187
2025-12-16 12:44:16,wallet_128,0.03262062,Outgoing,2,2,wallet_198
2025-12-16 12:44:16,wallet_198,0.03262062,Incoming,2,2,wallet_128
2025-12-16 14:30:22,wallet_201,0.5430268,Outgoing,1,1,wallet_244
2025-12-16 14:30:22,wallet_244,0.5430268,Incoming,1,1,wallet_201
2025-12-16 18:02:13,wallet_238,0.03323499,Outgoing,2,2,wallet_328
2025-12-16 18:02:13,wallet_328,0.03323499,Incoming,2,2,wallet_238
2025-12-16 18:27:03,wallet_357,0.01031958,Outgoing,1,2,wallet_233
2025-12-16 18:27:03,wallet_233,0.01031958,Incoming,1,2,wallet_357
2025-12-17 03:45:15,wallet_047,0.04111234,Outgoing,1,2,wallet_386
2025-12-17 03:45:15,wallet_386,0.04111234,Incoming,1,2,wallet_047
2025-12-17 07:33:31,wallet_320,0.01205461,Outgoing,1,2,wallet_350
2025-12-17 07:33:31,wallet_350,0.01205461,Incoming,1,2,wallet_320
2025-12-17 08:02:21,wallet_187,0.26452276,Outgoing,1,2,wallet_210
2025-12-17 08:02:21,wallet_210,0.26452276,Incoming,1,2,wallet_187
2025-12-17 09:02:23,wallet_233,0.00870456,Outgoing,4,2,wallet_366
2025-12-17 09:02:23,wallet_366,0.00870456,Incoming,4,2,wallet_233
2025-12-17 10:25:47,wallet_001,0.03642592,Outgoing,1,2,wallet_194
2025-12-17 10:25:47,wallet_194,0.03642592,Incoming,1,2,wallet_001
2025-12-17 11:04:43,wallet_147,0.04618566,Outgoing,1,1,wallet_248
2025-12-17 11:04:43,wallet_248,0.04618566,Incoming,1,1,wallet_147
2025-12-17 12:07:46,wallet_025,0.10619428,Outgoing,4,2,wallet_010
2025-12-17 12:07:46,wallet_010,0.10619428,Incoming,4,2,wallet_025
2025-12-17 12:48:50,wallet_093,0.0188352,Outgoing,1,2,wallet_165
2025-12-17 12:48:50,wallet_165,0.0188352,Incoming,1,2,wallet_093
2025-12-17 13:24:12,wallet_063,0.02403748,Outgoing,2,3,wallet_221
2025-12-17 13:24:12,wallet_221,0.02403748,Incoming,2,3,wallet_063
2025-12-17 13:52:56,wallet_121,0.0307902,Outgoing,1,1,wallet_159
2025-12-17 13:52:56,wallet_159,0.0307902,Incoming,1,1,wallet_121
2025-12-17 15:20:08,wallet_351,0.03635775,Outgoing,1,1,wallet_202
2025-12-17 15:20:08,wallet_202,0.03635775,Incoming,1,1,wallet_351
2025-12-17 15:26:38,wallet_016,0.08091089,Outgoing,1,2,wallet_208
2025-12-17 15:26:38,wallet_208,0.08091089,Incoming,1,2,wallet_016
2025-12-17 15:53:01,wallet_097,0.04548184,Outgoing,1,2,wallet_061
2025-12-17 15:53:01,wallet_061,0.04548184,Incoming,1,2,wallet_097
2025-12-17 16:21:01,wallet_229,0.01482599,Outgoing,1,1,wallet_149
2025-12-17 16:21:01,wallet_149,0.01482599,Incoming,1,1,wallet_229
2025-12-17 17:39:55,wallet_269,0.02165218,Outgoing,1,1,wallet_359
2025-12-17 17:39:55,wallet_359,0.02165218,Incoming,1,1,wallet_269
2025-12-17 18:35:22,wallet_020,0.01749764,Outgoing,1,1,wallet_410
2025-12-17 18:35:22,wallet_410,0.01749764,Incoming,1,1,wallet_020
2025-12-17 18:49:24,wallet_135,0.02283233,Outgoing,4,3,wallet_375
2025-12-17 18:49:24,wallet_375,0.02283233,Incoming,4,3,wallet_135
2025-12-17 18:56:36,wallet_045,0.01143989,Outgoing,1,2,wallet_146
2025-12-17 18:56:36,wallet_146,0.01143989,Incoming,1,2,wallet_045
2025-12-17 19:28:10,wallet_334,0.0319474,Outgoing,1,2,wallet_219
2025-12-17 19:28:10,wallet_219,0.0319474,Incoming,1,2,wallet_334
2025-12-18 08:32:59,wallet_272,0.0367019,Outgoing,1,1,wallet_319
2025-12-18 08:32:59,wallet_319,0.0367019,Incoming,1,1,wallet_272
2025-12-18 08:56:09,wallet_166,0.01389108,Outgoing,4,2,wallet_072
2025-12-18 08:56:09,wallet_072,0.01389108,Incoming,4,2,wallet_166
2025-12-18 10:25:33,wallet_248,0.05894183,Outgoing,1,2,wallet_076
2025-12-18 10:25:33,wallet_076,0.05894183,Incoming,1,2,wallet_248
2025-12-18 11:22:21,wallet_107,0.055256,Outgoing,1,1,wallet_125
2025-12-18 11:22:21,wallet_125,0.055256,Incoming,1,1,wallet_107
2025-12-18 14:04:04,wallet_208,0.031148,Outgoing,1,1,wallet_228
2025-12-18 14:04:04,wallet_228,0.031148,Incoming,1,1,wallet_208
2025-12-18 15:17:21,wallet_255,0.01247303,Outgoing,1,3,wallet_333
2025-12-18 15:17:21,wallet_333,0.01247303,Incoming,1,3,wallet_255
2025-12-18 17:22:11,wallet_303,0.00286676,Outgoing,2,2,wallet_048
2025-12-18 17:22:11,wallet_048,0.00286676,Incoming,2,2,wallet_303
2025-12-18 18:01:18,wallet_078,0.00651443,Outgoing,1,2,wallet_187
2025-12-18 18:01:18,wallet_187,0.00651443,Incoming,1,2,wallet_078
2025-12-18 18:30:49,wallet_239,0.01100845,Outgoing,3,1,wallet_006
2025-12-18 18:30:49,wallet_006,0.01100845,Incoming,3,1,wallet_239
2025-12-19 02:20:43,wallet_288,0.02781074,Outgoing,1,1,wallet_124
2025-12-19 02:20:43,wallet_124,0.02781074,Incoming,1,1,wallet_288
2025-12-19 09:00:48,wallet_112,0.02132272,Outgoing,4,3,wallet_228
2025-12-19 09:00:48,wallet_228,0.02132272,Incoming,4,3,wallet_112
2025-12-19 09:00:56,wallet_027,0.10015321,Outgoing,1,1,wallet_011
2025-12-19 09:00:56,wallet_011,0.10015321,Incoming,1,1,wallet_027
2025-12-19 11:10:46,wallet_344,0.05735531,Outgoing,1,1,wallet_306
2025-12-19 11:10:46,wallet_306,0.05735531,Incoming,1,1,wallet_344
2025-12-19 11:54:22,wallet_248,0.09045251,Outgoing,2,2,wallet_365
2025-12-19 11:54:22,wallet_365,0.09045251,Incoming,2,2,wallet_248
2025-12-19 12:07:41,wallet_001,0.02949705,Outgoing,1,3,wallet_190
2025-12-19 12:07:41,wallet_190,0.02949705,Incoming,1,3,wallet_001
2025-12-19 12:25:08,wallet_307,0.20494381,Outgoing,1,2,wallet_112
2025-12-19 12:25:08,wallet_112,0.20494381,Incoming,1,2,wallet_307
2025-12-19 12:32:28,wallet_119,0.27477492,Outgoing,1,2,wallet_068
2025-12-19 12:32:28,wallet_068,0.27477492,Incoming,1,2,wallet_119
2025-12-19 12:37:59,wallet_010,0.0827824,Outgoing,1,2,wallet_124
2025-12-19 12:37:59,wallet_124,0.0827824,Incoming,1,2,wallet_010
2025-12-19 14:48:10,wallet_299,0.08337085,Outgoing,4,2,wallet_355
2025-12-19 14:48:10,wallet_355,0.08337085,Incoming,4,2,wallet_299
2025-12-19 15:29:46,wallet_370,0.13360214,Outgoing,1,1,wallet_221
2025-12-19 15:29:46,wallet_221,0.13360214,Incoming,1,1,wallet_370
2025-12-19 15:34:10,wallet_286,0.19282412,Outgoing,1,1,wallet_068
2025-12-19 15:34:10,wallet_068,0.19282412,Incoming,1,1,wallet_286
2025-12-19 15:49:05,wallet_253,0.035026,Outgoing,3,2,wallet_123
2025-12-19 15:49:05,wallet_123,0.035026,Incoming,3,2,wallet_253
2025-12-19 15:59:24,wallet_207,0.03333106,Outgoing,1,2,wallet_268
2025-12-19 15:59:24,wallet_268,0.03333106,Incoming,1,2,wallet_207
2025-12-19 16:26:59,wallet_396,0.04496851,Outgoing,1,3,wallet_052
2025-12-19 16:26:59,wallet_052,0.04496851,Incoming,1,3,wallet_396
2025-12-19 17:20:46,wallet_100,0.01951896,Outgoing,1,2,wallet_254
2025-12-19 17:20:46,wallet_254,0.01951896,Incoming,1,2,wallet_100
2025-12-19 18:25:32,wallet_186,0.04299281,Outgoing,3,1,wallet_093
2025-12-19 18:25:32,wallet_093,0.04299281,Incoming,3,1,wallet_186
2025-12-19 18:39:13,wallet_188,0.02322259,Outgoing,3,3,wallet_091
2025-12-19 18:39:13,wallet_091,0.02322259,Incoming,3,3,wallet_188
2025-12-20 07:36:28,wallet_210,0.23510136,Outgoing,1,2,wallet_034
2025-12-20 07:36:28,wallet_034,0.23510136,Incoming,1,2,wallet_210
2025-12-20 08:11:18,wallet_195,0.01172642,Outgoing,4,3,wallet_095
2025-12-20 08:11:18,wallet_095,0.01172642,Incoming,4,3,wallet_195
2025-12-20 11:31:01,wallet_063,0.03580209,Outgoing,2,3,wallet_152
2025-12-20 11:31:01,wallet_152,0.03580209,Incoming,2,3,wallet_063
2025-12-20 14:14:47,wallet_128,0.01850334,Outgoing,2,2,wallet_198
2025-12-20 14:14:47,wallet_198,0.01850334,Incoming,2,2,wallet_128
2025-12-20 14:20:42,wallet_122,0.15207288,Outgoing,1,3,wallet_046
2025-12-20 14:20:42,wallet_046,0.15207288,Incoming,1,3,wallet_122
2025-12-20 14:25:09,wallet_344,0.03546771,Outgoing,1,2,wallet_119
2025-12-20 14:25:09,wallet_119,0.03546771,Incoming,1,2,wallet_344
2025-12-20 15:29:56,wallet_367,0.05515348,Outgoing,2,2,wallet_182
2025-12-20 15:29:56,wallet_182,0.05515348,Incoming,2,2,wallet_367
2025-12-20 15:32:24,wallet_029,0.05138386,Outgoing,2,2,wallet_106
2025-12-20 15:32:24,wallet_106,0.05138386,Incoming,2,2,wallet_029
2025-12-20 16:59:34,wallet_144,0.10465701,Outgoing,1,2,wallet_183
2025-12-20 16:59:34,wallet_183,0.10465701,Incoming,1,2,wallet_144
2025-12-20 18:17:05,wallet_228,0.01417126,Outgoing,2,1,wallet_307
2025-12-20 18:17:05,wallet_307,0.01417126,Incoming,2,1,wallet_228
2025-12-20 20:30:31,wallet_129,0.08157389,Outgoing,1,2,wallet_256
2025-12-20 20:30:31,wallet_256,0.08157389,Incoming,1,2,wallet_129
2025-12-20 21:13:02,wallet_158,0.01215588,Outgoing,2,2,wallet_350
2025-12-20 21:13:02,wallet_350,0.01215588,Incoming,2,2,wallet_158
2025-12-21 06:47:28,wallet_082,0.02120632,Outgoing,2,1,wallet_032
2025-12-21 06:47:28,wallet_032,0.02120632,Incoming,2,1,wallet_082
2025-12-21 08:54:01,wallet_056,0.00824377,Outgoing,1,2,wallet_104
2025-12-21 08:54:01,wallet_104,0.00824377,Incoming,1,2,wallet_056
2025-12-21 12:39:50,wallet_119,0.0967498,Outgoing,3,1,wallet_244
2025-12-21 12:39:50,wallet_244,0.0967498,Incoming,3,1,wallet_119
2025-12-21 13:21:59,wallet_207,0.02079749,Outgoing,1,1,wallet_316
2025-12-21 13:21:59,wallet_316,0.02079749,Incoming,1,1,wallet_207
2025-12-21 13:45:12,wallet_324,0.08556172,Outgoing,2,2,wallet_056
2025-12-21 13:45:12,wallet_056,0.08556172,Incoming,2,2,wallet_324
2025-12-21 16:29:59,wallet_392,0.22094308,Outgoing,2,1,wallet_049
2025-12-21 16:29:59,wallet_049,0.22094308,Incoming,2,1,wallet_392
2025-12-21 20:29:28,wallet_041,0.06154202,Outgoing,1,2,wallet_174
2025-12-21 20:29:28,wallet_174,0.06154202,Incoming,1,2,wallet_041
2025-12-21 22:45:46,wallet_323,0.00670551,Outgoing,4,2,wallet_410
2025-12-21 22:45:46,wallet_410,0.00670551,Incoming,4,2,wallet_323
2025-12-22 06:25:51,wallet_070,2.63278599,Outgoing,1,2,wallet_243
2025-12-22 06:25:51,wallet_243,2.63278599,Incoming,1,2,wallet_070
2025-12-22 07:47:01,wallet_041,0.09892974,Outgoing,1,2,wallet_174
2025-12-22 07:47:01,wallet_174,0.09892974,Incoming,1,2,wallet_041
2025-12-22 11:43:12,wallet_225,0.03030063,Outgoing,4,2,wallet_340
2025-12-22 11:43:12,wallet_340,0.03030063,Incoming,4,2,wallet_225
2025-12-22 11:54:09,wallet_328,0.02476129,Outgoing,2,3,wallet_146
2025-12-22 11:54:09,wallet_146,0.02476129,Incoming,2,3,wallet_328
2025-12-22 14:39:58,wallet_254,0.15850173,Outgoing,1,2,wallet_262
2025-12-22 14:39:58,wallet_262,0.15850173,Incoming,1,2,wallet_254
2025-12-22 16:01:31,wallet_076,0.03828636,Outgoing,2,3,wallet_167
2025-12-22 16:01:31,wallet_167,0.03828636,Incoming,2,3,wallet_076
2025-12-22 16:44:15,wallet_254,0.03097963,Outgoing,3,2,wallet_100
2025-12-22 16:44:15,wallet_100,0.03097963,Incoming,3,2,wallet_254
2025-12-22 18:12:44,wallet_057,0.02572138,Outgoing,1,1,wallet_334
2025-12-22 18:12:44,wallet_334,0.02572138,Incoming,1,1,wallet_057
2025-12-22 18:14:15,wallet_004,0.02110566,Outgoing,2,3,wallet_118
2025-12-22 18:14:15,wallet_118,0.02110566,Incoming,2,3,wallet_004
2025-12-22 20:12:33,wallet_394,0.02186104,Outgoing,1,1,wallet_126
2025-12-22 20:12:33,wallet_126,0.02186104,Incoming,1,1,wallet_394
2025-12-22 21:57:34,wallet_105,0.01751203,Outgoing,4,2,wallet_384
2025-12-22 21:57:34,wallet_384,0.01751203,Incoming,4,2,wallet_105
2025-12-23 10:50:32,wallet_133,0.02675098,Outgoing,3,3,wallet_317
2025-12-23 10:50:32,wallet_317,0.02675098,Incoming,3,3,wallet_133
2025-12-23 11:58:17,wallet_269,0.0211442,Outgoing,3,1,wallet_149
2025-12-23 11:58:17,wallet_149,0.0211442,Incoming,3,1,wallet_269
2025-12-23 11:58:50,wallet_392,0.06067973,Outgoing,1,2,wallet_330
2025-12-23 11:58:50,wallet_330,0.06067973,Incoming,1,2,wallet_392
2025-12-23 13:31:23,wallet_036,0.07244736,Outgoing,1,2,wallet_146
2025-12-23 13:31:23,wallet_146,0.07244736,Incoming,1,2,wallet_036
2025-12-23 14:09:05,wallet_338,0.07075223,Outgoing,4,2,wallet_217
2025-12-23 14:09:05,wallet_217,0.07075223,Incoming,4,2,wallet_338
2025-12-23 14:55:55,wallet_256,0.20721422,Outgoing,2,2,wallet_360
2025-12-23 14:55:55,wallet_360,0.20721422,Incoming,2,2,wallet_256
2025-12-23 16:35:34,wallet_090,0.231004,Outgoing,1,3,wallet_351
2025-12-23 16:35:34,wallet_351,0.231004,Incoming,1,3,wallet_090
2025-12-23 17:54:01,wallet_068,0.1438212,Outgoing,1,1,wallet_111
2025-12-23 17:54:01,wallet_111,0.1438212,Incoming,1,1,wallet_068
2025-12-24 00:24:41,wallet_384,0.01208244,Outgoing,1,1,wallet_105
2025-12-24 00:24:41,wallet_105,0.01208244,Incoming,1,1,wallet_384
2025-12-24 07:15:58,wallet_054,0.14316721,Outgoing,1,2,wallet_185
2025-12-24 07:15:58,wallet_185,0.14316721,Incoming,1,2,wallet_054
2025-12-24 08:14:10,wallet_137,0.02984531,Outgoing,2,2,wallet_280
2025-12-24 08:14:10,wallet_280,0.02984531,Incoming,2,2,wallet_137
2025-12-24 08:39:59,wallet_262,0.10870985,Outgoing,3,1,wallet_100
2025-12-24 08:39:59,wallet_100,0.10870985,Incoming,3,1,wallet_262
2025-12-24 09:33:29,wallet_359,0.01300894,Outgoing,4,2,wallet_288
2025-12-24 09:33:29,wallet_288,0.01300894,Incoming,4,2,wallet_359
2025-12-24 11:00:37,wallet_021,0.03257912,Outgoing,1,1,wallet_261
2025-12-24 11:00:37,wallet_261,0.03257912,Incoming,1,1,wallet_021
2025-12-24 11:01:13,wallet_126,0.01457048,Outgoing,2,2,wallet_001
2025-12-24 11:01:13,wallet_001,0.01457048,Incoming,2,2,wallet_126
2025-12-24 11:05:52,wallet_041,0.03341387,Outgoing,1,1,wallet_385
2025-12-24 11:05:52,wallet_385,0.03341387,Incoming,1,1,wallet_041
2025-12-24 11:55:28,wallet_371,0.81326911,Outgoing,1,2,wallet_152
2025-12-24 11:55:28,wallet_152,0.81326911,Incoming,1,2,wallet_371
2025-12-24 12:04:16,wallet_068,6.07929788,Outgoing,2,1,wallet_306
2025-12-24 12:04:16,wallet_306,6.07929788,Incoming,2,1,wallet_068
2025-12-24 13:33:35,wallet_232,0.07261346,Outgoing,1,2,wallet_016
2025-12-24 13:33:35,wallet_016,0.07261346,Incoming,1,2,wallet_232
2025-12-24 14:45:37,wallet_140,0.02927875,Outgoing,1,1,wallet_159
2025-12-24 14:45:37,wallet_159,0.02927875,Incoming,1,1,wallet_140
2025-12-24 15:01:33,wallet_186,0.07141959,Outgoing,1,2,wallet_129
2025-12-24 15:01:33,wallet_129,0.07141959,Incoming,1,2,wallet_186
2025-12-24 16:19:05,wallet_285,0.06258474,Outgoing,1,1,wallet_381
2025-12-24 16:19:05,wallet_381,0.06258474,Incoming,1,1,wallet_285
2025-12-24 17:46:11,wallet_317,0.02067974,Outgoing,1,3,wallet_133
2025-12-24 17:46:11,wallet_133,0.02067974,Incoming,1,3,wallet_317
2025-12-24 21:14:26,wallet_217,0.07573919,Outgoing,1,3,wallet_262
2025-12-24 21:14:26,wallet_262,0.07573919,Incoming,1,3,wallet_217
2025-12-25 08:04:39,wallet_379,0.00552064,Outgoing,1,1,wallet_272
2025-12-25 08:04:39,wallet_272,0.00552064,Incoming,1,1,wallet_379
2025-12-25 11:21:45,wallet_288,0.47672496,Outgoing,2,2,wallet_371
2025-12-25 11:21:45,wallet_371,0.47672496,Incoming,2,2,wallet_288
2025-12-25 12:11:06,wallet_027,0.05182468,Outgoing,3,1,wallet_346
2025-12-25 12:11:06,wallet_346,0.05182468,Incoming,3,1,wallet_027
2025-12-25 12:19:08,wallet_202,0.05177173,Outgoing,1,2,wallet_346
2025-12-25 12:19:08,wallet_346,0.05177173,Incoming,1,2,wallet_202
2025-12-25 15:13:36,wallet_159,0.10913357,Outgoing,1,2,wallet_176
2025-12-25 15:13:36,wallet_176,0.10913357,Incoming,1,2,wallet_159
2025-12-25 15:15:26,wallet_378,0.01658586,Outgoing,1,2,wallet_169
2025-12-25 15:15:26,wallet_169,0.01658586,Incoming,1,2,wallet_378
2025-12-25 16:59:46,wallet_207,0.03406873,Outgoing,2,1,wallet_268
2025-12-25 16:59:46,wallet_268,0.03406873,Incoming,2,1,wallet_207
2025-12-26 05:27:10,wallet_231,0.02494602,Outgoing,1,2,wallet_361
2025-12-26 05:27:10,wallet_361,0.02494602,Incoming,1,2,wallet_231
2025-12-26 06:11:47,wallet_140,0.0258594,Outgoing,1,1,wallet_176
2025-12-26 06:11:47,wallet_176,0.0258594,Incoming,1,1,wallet_140
2025-12-26 12:06:23,wallet_189,0.01559931,Outgoing,2,1,wallet_042
2025-12-26 12:06:23,wallet_042,0.01559931,Incoming,2,1,wallet_189
2025-12-26 13:16:15,wallet_289,0.08365523,Outgoing,2,2,wallet_405
2025-12-26 13:16:15,wallet_405,0.08365523,Incoming,2,2,wallet_289
2025-12-26 14:24:52,wallet_124,0.01017157,Outgoing,2,1,wallet_234
2025-12-26 14:24:52,wallet_234,0.01017157,Incoming,2,1,wallet_124
2025-12-26 17:00:21,wallet_377,0.26635576,Outgoing,1,1,wallet_159
2025-12-26 17:00:21,wallet_159,0.26635576,Incoming,1,1,wallet_377
2025-12-26 17:15:58,wallet_172,0.03245045,Outgoing,2,3,wallet_225
2025-12-26 17:15:58,wallet_225,0.03245045,Incoming,2,3,wallet_172
2025-12-26 17:28:39,wallet_295,0.19337439,Outgoing,1,1,wallet_201
2025-12-26 17:28:39,wallet_201,0.19337439,Incoming,1,1,wallet_295
2025-12-26 17:31:55,wallet_318,0.62162878,Outgoing,1,1,wallet_070
2025-12-26 17:31:55,wallet_070,0.62162878,Incoming,1,1,wallet_318
2025-12-26 19:00:26,wallet_294,0.07851538,Outgoing,1,2,wallet_076
2025-12-26 19:00:26,wallet_076,0.07851538,Incoming,1,2,wallet_294
2025-12-26 20:02:53,wallet_022,0.03921618,Outgoing,1,1,wallet_014
2025-12-26 20:02:53,wallet_014,0.03921618,Incoming,1,1,wallet_022
2025-12-26 20:09:29,wallet_018,0.01027579,Outgoing,1,2,wallet_160
2025-12-26 20:09:29,wallet_160,0.01027579,Incoming,1,2,wallet_018
2025-12-26 22:03:40,wallet_209,0.03429443,Outgoing,3,3,wallet_238
2025-12-26 22:03:40,wallet_238,0.03429443,Incoming,3,3,wallet_209
2025-12-27 12:04:51,wallet_114,0.07777015,Outgoing,2,3,wallet_049
2025-12-27 12:04:51,wallet_049,0.07777015,Incoming,2,3,wallet_114
2025-12-27 12:30:50,wallet_119,0.04346715,Outgoing,2,2,wallet_102
2025-12-27 12:30:50,wallet_102,0.04346715,Incoming,2,2,wallet_119
2025-12-27 14:20:29,wallet_097,0.03747461,Outgoing,2,3,wallet_163
2025-12-27 14:20:29,wallet_163,0.03747461,Incoming,2,3,wallet_097
2025-12-27 17:00:16,wallet_006,0.03703763,Outgoing,1,1,wallet_239
2025-12-27 17:00:16,wallet_239,0.03703763,Incoming,1,1,wallet_006
2025-12-27 22:31:49,wallet_232,0.00385417,Outgoing,1,2,wallet_323
2025-12-27 22:31:49,wallet_323,0.00385417,Incoming,1,2,wallet_232
2025-12-28 04:41:50,wallet_091,0.01235715,Outgoing,1,1,wallet_265
2025-12-28 04:41:50,wallet_265,0.01235715,Incoming,1,1,wallet_091
2025-12-28 07:33:07,wallet_196,0.13243091,Outgoing,1,1,wallet_132
2025-12-28 07:33:07,wallet_132,0.13243091,Incoming,1,1,wallet_196
2025-12-28 08:04:01,wallet_391,0.1541461,Outgoing,1,3,wallet_267
2025-12-28 08:04:01,wallet_267,0.1541461,Incoming,1,3,wallet_391
2025-12-28 11:39:38,wallet_319,0.02057565,Outgoing,1,2,wallet_272
2025-12-28 11:39:38,wallet_272,0.02057565,Incoming,1,2,wallet_319
2025-12-28 17:20:06,wallet_089,0.11085333,Outgoing,2,2,wallet_360
2025-12-28 17:20:06,wallet_360,0.11085333,Incoming,2,2,wallet_089
2025-12-28 17:30:13,wallet_010,0.12325214,Outgoing,1,2,wallet_308
2025-12-28 17:30:13,wallet_308,0.12325214,Incoming,1,2,wallet_010
2025-12-28 18:40:42,wallet_130,0.06776282,Outgoing,1,2,wallet_163
2025-12-28 18:40:42,wallet_163,0.06776282,Incoming,1,2,wallet_130
2025-12-28 20:56:37,wallet_280,0.07666736,Outgoing,1,2,wallet_319
2025-12-28 20:56:37,wallet_319,0.07666736,Incoming,1,2,wallet_280
2025-12-29 02:05:54,wallet_261,0.09377714,Outgoing,2,2,wallet_049
2025-12-29 02:05:54,wallet_049,0.09377714,Incoming,2,2,wallet_261
2025-12-29 07:17:57,wallet_163,0.02610849,Outgoing,3,2,wallet_152
2025-12-29 07:17:57,wallet_152,0.02610849,Incoming,3,2,wallet_163
2025-12-29 07:53:26,wallet_095,0.00585287,Outgoing,3,2,wallet_047
2025-12-29 07:53:26,wallet_047,0.00585287,Incoming,3,2,wallet_095
2025-12-29 08:18:35,wallet_055,0.05346663,Outgoing,3,2,wallet_152
2025-12-29 08:18:35,wallet_152,0.05346663,Incoming,3,2,wallet_055
2025-12-29 09:31:29,wallet_073,0.06543662,Outgoing,1,2,wallet_165
2025-12-29 09:31:29,wallet_165,0.06543662,Incoming,1,2,wallet_073
2025-12-29 11:59:59,wallet_161,0.23514912,Outgoing,3,2,wallet_349
2025-12-29 11:59:59,wallet_349,0.23514912,Incoming,3,2,wallet_161
2025-12-29 12:35:14,wallet_295,0.0139364,Outgoing,1,3,wallet_244
2025-12-29 12:35:14,wallet_244,0.0139364,Incoming,1,3,wallet_295
2025-12-29 14:36:33,wallet_161,0.0904804,Outgoing,2,3,wallet_335
2025-12-29 14:36:33,wallet_335,0.0904804,Incoming,2,3,wallet_161
2025-12-29 15:37:28,wallet_237,0.01948418,Outgoing,2,1,wallet_197
2025-12-29 15:37:28,wallet_197,0.01948418,Incoming,2,1,wallet_237
2025-12-29 16:50:10,wallet_391,0.02460339,Outgoing,2,3,wallet_133
2025-12-29 16:50:10,wallet_133,0.02460339,Incoming,2,3,wallet_391
2025-12-29 17:59:49,wallet_405,0.04109644,Outgoing,2,1,wallet_289
2025-12-29 17:59:49,wallet_289,0.04109644,Incoming,2,1,wallet_405
2025-12-29 20:43:39,wallet_372,0.02752085,Outgoing,1,1,wallet_221
2025-12-29 20:43:39,wallet_221,0.02752085,Incoming,1,1,wallet_372
2025-12-30 00:53:31,wallet_063,0.02956471,Outgoing,2,2,wallet_338
2025-12-30 00:53:31,wallet_338,0.02956471,Incoming,2,2,wallet_063
2025-12-30 06:36:02,wallet_238,0.44100347,Outgoing,1,1,wallet_383
2025-12-30 06:36:02,wallet_383,0.44100347,Incoming,1,1,wallet_238
2025-12-30 07:00:11,wallet_186,0.06714675,Outgoing,1,1,wallet_218
2025-12-30 07:00:11,wallet_218,0.06714675,Incoming,1,1,wallet_186
2025-12-30 10:08:44,wallet_123,0.10015218,Outgoing,1,2,wallet_393
2025-12-30 10:08:44,wallet_393,0.10015218,Incoming,1,2,wallet_123
2025-12-30 10:31:01,wallet_186,0.11754356,Outgoing,2,2,wallet_279
2025-12-30 10:31:01,wallet_279,0.11754356,Incoming,2,2,wallet_186
2025-12-30 11:32:19,wallet_378,0.01393219,Outgoing,2,2,wallet_169
2025-12-30 11:32:19,wallet_169,0.01393219,Incoming,2,2,wallet_378
2025-12-30 13:11:20,wallet_338,0.05464509,Outgoing,2,1,wallet_117
2025-12-30 13:11:20,wallet_117,0.05464509,Incoming,2,1,wallet_338
2025-12-30 14:39:57,wallet_319,0.05786986,Outgoing,3,1,wallet_182
2025-12-30 14:39:57,wallet_182,0.05786986,Incoming,3,1,wallet_319
2025-12-30 14:43:36,wallet_089,0.0196213,Outgoing,1,2,wallet_094
2025-12-30 14:43:36,wallet_094,0.0196213,Incoming,1,2,wallet_089
2025-12-30 15:04:05,wallet_147,0.14116673,Outgoing,3,2,wallet_335
2025-12-30 15:04:05,wallet_335,0.14116673,Incoming,3,2,wallet_147
2025-12-30 17:55:21,wallet_324,0.06424298,Outgoing,2,3,wallet_368
2025-12-30 17:55:21,wallet_368,0.06424298,Incoming,2,3,wallet_324
2025-12-30 18:06:01,wallet_251,0.18992937,Outgoing,1,2,wallet_350
2025-12-30 18:06:01,wallet_350,0.18992937,Incoming,1,2,wallet_251
2025-12-30 20:10:09,wallet_198,0.0270888,Outgoing,3,2,wallet_128
2025-12-30 20:10:09,wallet_128,0.0270888,Incoming,3,2,wallet_198
2025-12-30 20:25:27,wallet_392,0.01452545,Outgoing,1,2,wallet_320
2025-12-30 20:25:27,wallet_320,0.01452545,Incoming,1,2,wallet_392
2025-12-30 21:46:39,wallet_292,0.11183811,Outgoing,4,2,wallet_289
2025-12-30 21:46:39,wallet_289,0.11183811,Incoming,4,2,wallet_292
2025-12-31 09:42:27,wallet_011,0.11434184,Outgoing,3,1,wallet_387
2025-12-31 09:42:27,wallet_387,0.11434184,Incoming,3,1,wallet_011
2025-12-31 10:15:13,wallet_064,0.0127179,Outgoing,1,2,wallet_396
2025-12-31 10:15:13,wallet_396,0.0127179,Incoming,1,2,wallet_064
2025-12-31 10:48:27,wallet_344,0.14825125,Outgoing,1,2,wallet_152
2025-12-31 10:48:27,wallet_152,0.14825125,Incoming,1,2,wallet_344
2025-12-31 12:05:36,wallet_300,0.17753639,Outgoing,1,2,wallet_131
2025-12-31 12:05:36,wallet_131,0.17753639,Incoming,1,2,wallet_300
2025-12-31 13:38:27,wallet_256,0.02682817,Outgoing,1,1,wallet_016
2025-12-31 13:38:27,wallet_016,0.02682817,Incoming,1,1,wallet_256
2025-12-31 13:41:19,wallet_156,0.02516295,Outgoing,3,1,wallet_018
2025-12-31 13:41:19,wallet_018,0.02516295,Incoming,3,1,wallet_156
2025-12-31 14:32:19,wallet_256,0.01672292,Outgoing,4,2,wallet_027
2025-12-31 14:32:19,wallet_027,0.01672292,Incoming,4,2,wallet_256
2025-12-31 14:39:21,wallet_099,0.02986225,Outgoing,2,1,wallet_225
2025-12-31 14:39:21,wallet_225,0.02986225,Incoming,2,1,wallet_099
2025-12-31 15:21:27,wallet_324,0.07088938,Outgoing,2,2,wallet_176
2025-12-31 15:21:27,wallet_176,0.07088938,Incoming,2,2,wallet_324
2025-12-31 15:24:55,wallet_308,0.23727597,Outgoing,2,1,wallet_099
2025-12-31 15:24:55,wallet_099,0.23727597,Incoming,2,1,wallet_308
2025-12-31 17:16:03,wallet_124,0.83453632,Outgoing,3,2,wallet_371
2025-12-31 17:16:03,wallet_371,0.83453632,Incoming,3,2,wallet_124
2025-12-31 17:38:15,wallet_392,0.27299903,Outgoing,1,2,wallet_049
2025-12-31 17:38:15,wallet_049,0.27299903,Incoming,1,2,wallet_392
2025-12-31 18:46:59,wallet_324,0.03701982,Outgoing,2,3,wallet_140
2025-12-31 18:46:59,wallet_140,0.03701982,Incoming,2,3,wallet_324
