wallet_address,anomaly_score,anomaly_prediction,rule_count,evidence_level,triggered_rules,explanation
wallet_001,0.357224,Normal,0,No specific rule triggered,none,No behavioural rule was triggered for this wallet.
wallet_002,0.670448,Anomalous,2,Multiple behavioural indicators,long_dormancy;incoming_outgoing_imbalance,"Long inactivity period between consecutive transactions (dormant-period indicator, in hours) (dormancy_duration=4.1e+03; above the population 90th percentile of 2.24e+03). Strong incoming/outgoing imbalance: much more BTC received than sent (incoming_outgoing_ratio=100, capped at 100; population 90th percentile=4.26)."
wallet_003,0.402581,Normal,1,Single behavioural indicator,incoming_outgoing_imbalance,"Strong incoming/outgoing imbalance: much more BTC received than sent (incoming_outgoing_ratio=11, capped at 100; population 90th percentile=4.26)."
wallet_004,0.365683,Normal,0,No specific rule triggered,none,No behavioural rule was triggered for this wallet.
wallet_005,0.468905,Normal,2,Multiple behavioural indicators,long_dormancy;incoming_outgoing_imbalance,"Long inactivity period between consecutive transactions (dormant-period indicator, in hours) (dormancy_duration=6.74e+03; above the population 90th percentile of 2.24e+03). Strong incoming/outgoing imbalance: much more BTC sent than received (incoming_outgoing_ratio=0.00591; population 10th percentile=0.217)."
wallet_006,0.368886,Normal,0,No specific rule triggered,none,No behavioural rule was triggered for this wallet.
wallet_007,0.363022,Normal,0,No specific rule triggered,none,No behavioural rule was triggered for this wallet.
wallet_008,0.370986,Normal,0,No specific rule triggered,none,No behavioural rule was triggered for this wallet.
wallet_009,0.419562,Normal,1,Single behavioural indicator,long_dormancy,"Long inactivity period between consecutive transactions (dormant-period indicator, in hours) (dormancy_duration=2.63e+03; above the population 90th percentile of 2.24e+03)."
wallet_010,0.370117,Normal,0,No specific rule triggered,none,No behavioural rule was triggered for this wallet.
wallet_011,0.386253,Normal,1,Single behavioural indicator,incoming_outgoing_imbalance,Strong incoming/outgoing imbalance: much more BTC sent than received (incoming_outgoing_ratio=0.125; population 10th percentile=0.217).
wallet_012,0.457765,Normal,0,No specific rule triggered,none,No behavioural rule was triggered for this wallet.
wallet_013,0.364204,Normal,1,Single behavioural indicator,incoming_outgoing_imbalance,Strong incoming/outgoing imbalance: much more BTC sent than received (incoming_outgoing_ratio=0.217; population 10th percentile=0.217).
wallet_014,0.448061,Normal,1,Single behavioural indicator,incoming_outgoing_imbalance,Strong incoming/outgoing imbalance: much more BTC sent than received (incoming_outgoing_ratio=0.104; population 10th percentile=0.217).
wallet_015,0.414373,Normal,2,Multiple behavioural indicators,high_received_volume;incoming_outgoing_imbalance,"Relatively high total BTC received (total_received_btc=8.15; above the population 90th percentile of 5.66). Strong incoming/outgoing imbalance: much more BTC received than sent (incoming_outgoing_ratio=7.32, capped at 100; population 90th percentile=4.26)."
wallet_016,0.389878,Normal,1,Single behavioural indicator,high_transaction_count,Relatively high transaction activity compared with other wallets (transaction_count=50; above the population 90th percentile of 43.1).
wallet_017,0.390781,Normal,0,No specific rule triggered,none,No behavioural rule was triggered for this wallet.
wallet_018,0.391065,Normal,1,Single behavioural indicator,high_sent_volume,Relatively high total BTC sent (total_sent_btc=6.73; above the population 90th percentile of 5.65).
wallet_019,0.440715,Normal,0,No specific rule triggered,none,No behavioural rule was triggered for this wallet.
wallet_020,0.395261,Normal,2,Multiple behavioural indicators,high_sent_volume;incoming_outgoing_imbalance,Relatively high total BTC sent (total_sent_btc=6.05; above the population 90th percentile of 5.65). Strong incoming/outgoing imbalance: much more BTC sent than received (incoming_outgoing_ratio=0.0235; population 10th percentile=0.217).
wallet_021,0.379745,Normal,0,No specific rule triggered,none,No behavioural rule was triggered for this wallet.
wallet_022,0.573712,Anomalous,2,Multiple behavioural indicators,long_dormancy;incoming_outgoing_imbalance,"Long inactivity period between consecutive transactions (dormant-period indicator, in hours) (dormancy_duration=3.73e+03; above the population 90th percentile of 2.24e+03). Strong incoming/outgoing imbalance: much more BTC sent than received (incoming_outgoing_ratio=0; population 10th percentile=0.217)."
wallet_023,0.364376,Normal,0,No specific rule triggered,none,No behavioural rule was triggered for this wallet.
wallet_024,0.43581,Normal,0,No specific rule triggered,none,No behavioural rule was triggered for this wallet.
wallet_025,0.39365,Normal,1,Single behavioural indicator,long_dormancy,"Long inactivity period between consecutive transactions (dormant-period indicator, in hours) (dormancy_duration=2.61e+03; above the population 90th percentile of 2.24e+03)."
wallet_026,0.476887,Normal,2,Multiple behavioural indicators,activity_burst;fan_in,Many transactions concentrated within a short (1-hour) period (activity_burst=4; above the population 90th percentile of 2). Funds are received through a relatively large number of incoming connections (fan_in=13; above the population 90th percentile of 12).
wallet_027,0.356179,Normal,0,No specific rule triggered,none,No behavioural rule was triggered for this wallet.
wallet_028,0.439942,Normal,0,No specific rule triggered,none,No behavioural rule was triggered for this wallet.
wallet_029,0.39672,Normal,0,No specific rule triggered,none,No behavioural rule was triggered for this wallet.
wallet_030,0.375924,Normal,0,No specific rule triggered,none,No behavioural rule was triggered for this wallet.
wallet_031,0.435388,Normal,0,No specific rule triggered,none,No behavioural rule was triggered for this wallet.
wallet_032,0.396034,Normal,0,No specific rule triggered,none,No behavioural rule was triggered for this wallet.
wallet_033,0.517901,Anomalous,2,Multiple behavioural indicators,high_transaction_frequency;activity_burst,Relatively high transaction frequency (transactions per day) (transaction_frequency=79.3; above the population 90th percentile of 48). Many transactions concentrated within a short (1-hour) period (activity_burst=5; above the population 90th percentile of 2).
wallet_034,0.439619,Normal,2,Multiple behavioural indicators,high_received_volume;incoming_outgoing_imbalance,"Relatively high total BTC received (total_received_btc=11.3; above the population 90th percentile of 5.66). Strong incoming/outgoing imbalance: much more BTC received than sent (incoming_outgoing_ratio=9.65, capped at 100; population 90th percentile=4.26)."
wallet_035,0.547841,Anomalous,5,Multiple strong behavioural indicators,high_transaction_frequency;activity_burst;fan_out;high_received_volume;high_sent_volume,Relatively high transaction frequency (transactions per day) (transaction_frequency=103; above the population 90th percentile of 48). Many transactions concentrated within a short (1-hour) period (activity_burst=6; above the population 90th percentile of 2). Funds are distributed across a relatively large number of outgoing connections (fan_out=13; above the population 90th percentile of 12). Relatively high total BTC received (total_received_btc=6.67; above the population 90th percentile of 5.66). Relatively high total BTC sent (total_sent_btc=6.65; above the population 90th percentile of 5.65).
wallet_036,0.358571,Normal,0,No specific rule triggered,none,No behavioural rule was triggered for this wallet.
wallet_037,0.382807,Normal,1,Single behavioural indicator,fan_in,Funds are received through a relatively large number of incoming connections (fan_in=13; above the population 90th percentile of 12).
wallet_038,0.384685,Normal,1,Single behavioural indicator,incoming_outgoing_imbalance,Strong incoming/outgoing imbalance: much more BTC sent than received (incoming_outgoing_ratio=0.111; population 10th percentile=0.217).
wallet_039,0.386783,Normal,1,Single behavioural indicator,long_dormancy,"Long inactivity period between consecutive transactions (dormant-period indicator, in hours) (dormancy_duration=2.44e+03; above the population 90th percentile of 2.24e+03)."
wallet_040,0.385549,Normal,2,Multiple behavioural indicators,high_received_volume;incoming_outgoing_imbalance,"Relatively high total BTC received (total_received_btc=6.56; above the population 90th percentile of 5.66). Strong incoming/outgoing imbalance: much more BTC received than sent (incoming_outgoing_ratio=7.1, capped at 100; population 90th percentile=4.26)."
wallet_041,0.400891,Normal,2,Multiple behavioural indicators,high_transaction_count;repeated_relationships,Relatively high transaction activity compared with other wallets (transaction_count=50; above the population 90th percentile of 43.1). Repeatedly transacts with the same counterparties more often than most wallets (repeated_connections=9; above the population 90th percentile of 7).
wallet_042,0.367528,Normal,0,No specific rule triggered,none,No behavioural rule was triggered for this wallet.
wallet_043,0.419396,Normal,2,Multiple behavioural indicators,fan_out;many_counterparties,Funds are distributed across a relatively large number of outgoing connections (fan_out=16; above the population 90th percentile of 12). Interacts with a relatively large number of distinct counterparty wallets (unique_counterparties=18; above the population 90th percentile of 17).
wallet_044,0.48031,Normal,0,No specific rule triggered,none,No behavioural rule was triggered for this wallet.
wallet_045,0.411429,Normal,1,Single behavioural indicator,high_transaction_count,Relatively high transaction activity compared with other wallets (transaction_count=54; above the population 90th percentile of 43.1).
wallet_046,0.376397,Normal,1,Single behavioural indicator,fan_in,Funds are received through a relatively large number of incoming connections (fan_in=13; above the population 90th percentile of 12).
wallet_047,0.456883,Normal,3,Multiple behavioural indicators,high_transaction_count;fan_in;repeated_relationships,Relatively high transaction activity compared with other wallets (transaction_count=58; above the population 90th percentile of 43.1). Funds are received through a relatively large number of incoming connections (fan_in=15; above the population 90th percentile of 12). Repeatedly transacts with the same counterparties more often than most wallets (repeated_connections=8; above the population 90th percentile of 7).
wallet_048,0.378234,Normal,1,Single behavioural indicator,incoming_outgoing_imbalance,"Strong incoming/outgoing imbalance: much more BTC received than sent (incoming_outgoing_ratio=5.64, capped at 100; population 90th percentile=4.26)."
wallet_049,0.435633,Normal,3,Multiple behavioural indicators,high_transaction_count;high_received_volume;high_sent_volume,Relatively high transaction activity compared with other wallets (transaction_count=54; above the population 90th percentile of 43.1). Relatively high total BTC received (total_received_btc=7.85; above the population 90th percentile of 5.66). Relatively high total BTC sent (total_sent_btc=6.33; above the population 90th percentile of 5.65).
wallet_050,0.375472,Normal,0,No specific rule triggered,none,No behavioural rule was triggered for this wallet.
wallet_051,0.406474,Normal,1,Single behavioural indicator,high_transaction_count,Relatively high transaction activity compared with other wallets (transaction_count=54; above the population 90th percentile of 43.1).
wallet_052,0.354758,Normal,0,No specific rule triggered,none,No behavioural rule was triggered for this wallet.
wallet_053,0.563336,Anomalous,2,Multiple behavioural indicators,long_dormancy;incoming_outgoing_imbalance,"Long inactivity period between consecutive transactions (dormant-period indicator, in hours) (dormancy_duration=3.1e+03; above the population 90th percentile of 2.24e+03). Strong incoming/outgoing imbalance: much more BTC received than sent (incoming_outgoing_ratio=41.8, capped at 100; population 90th percentile=4.26)."
wallet_054,0.386501,Normal,0,No specific rule triggered,none,No behavioural rule was triggered for this wallet.
wallet_055,0.360998,Normal,0,No specific rule triggered,none,No behavioural rule was triggered for this wallet.
wallet_056,0.368747,Normal,0,No specific rule triggered,none,No behavioural rule was triggered for this wallet.
wallet_057,0.42122,Normal,1,Single behavioural indicator,long_dormancy,"Long inactivity period between consecutive transactions (dormant-period indicator, in hours) (dormancy_duration=2.94e+03; above the population 90th percentile of 2.24e+03)."
wallet_058,0.450424,Normal,0,No specific rule triggered,none,No behavioural rule was triggered for this wallet.
wallet_059,0.370548,Normal,0,No specific rule triggered,none,No behavioural rule was triggered for this wallet.
wallet_060,0.509195,Anomalous,3,Multiple behavioural indicators,activity_burst;fan_in;many_counterparties,Many transactions concentrated within a short (1-hour) period (activity_burst=4; above the population 90th percentile of 2). Funds are received through a relatively large number of incoming connections (fan_in=17; above the population 90th percentile of 12). Interacts with a relatively large number of distinct counterparty wallets (unique_counterparties=18; above the population 90th percentile of 17).
wallet_061,0.385862,Normal,0,No specific rule triggered,none,No behavioural rule was triggered for this wallet.
wallet_062,0.408576,Normal,0,No specific rule triggered,none,No behavioural rule was triggered for this wallet.
wallet_063,0.394833,Normal,0,No specific rule triggered,none,No behavioural rule was triggered for this wallet.
wallet_064,0.385086,Normal,0,No specific rule triggered,none,No behavioural rule was triggered for this wallet.
wallet_065,0.410907,Normal,2,Multiple behavioural indicators,high_sent_volume;incoming_outgoing_imbalance,Relatively high total BTC sent (total_sent_btc=7.22; above the population 90th percentile of 5.65). Strong incoming/outgoing imbalance: much more BTC sent than received (incoming_outgoing_ratio=0.154; population 10th percentile=0.217).
wallet_066,0.471176,Normal,2,Multiple behavioural indicators,long_dormancy;incoming_outgoing_imbalance,"Long inactivity period between consecutive transactions (dormant-period indicator, in hours) (dormancy_duration=7.14e+03; above the population 90th percentile of 2.24e+03). Strong incoming/outgoing imbalance: much more BTC sent than received (incoming_outgoing_ratio=0.0141; population 10th percentile=0.217)."
wallet_067,0.540347,Anomalous,2,Multiple behavioural indicators,high_received_volume;high_sent_volume,Relatively high total BTC received (total_received_btc=7.81; above the population 90th percentile of 5.66). Relatively high total BTC sent (total_sent_btc=7.76; above the population 90th percentile of 5.65).
wallet_068,0.520072,Anomalous,4,Multiple strong behavioural indicators,high_transaction_count;repeated_relationships;high_received_volume;high_sent_volume,Relatively high transaction activity compared with other wallets (transaction_count=63; above the population 90th percentile of 43.1). Repeatedly transacts with the same counterparties more often than most wallets (repeated_connections=8; above the population 90th percentile of 7). Relatively high total BTC received (total_received_btc=7.33; above the population 90th percentile of 5.66). Relatively high total BTC sent (total_sent_btc=16.9; above the population 90th percentile of 5.65).
wallet_069,0.429677,Normal,5,Multiple strong behavioural indicators,high_transaction_count;fan_out;many_counterparties;repeated_relationships;high_received_volume,Relatively high transaction activity compared with other wallets (transaction_count=56; above the population 90th percentile of 43.1). Funds are distributed across a relatively large number of outgoing connections (fan_out=13; above the population 90th percentile of 12). Interacts with a relatively large number of distinct counterparty wallets (unique_counterparties=18; above the population 90th percentile of 17). Repeatedly transacts with the same counterparties more often than most wallets (repeated_connections=8; above the population 90th percentile of 7). Relatively high total BTC received (total_received_btc=6.5; above the population 90th percentile of 5.66).
wallet_070,0.367408,Normal,0,No specific rule triggered,none,No behavioural rule was triggered for this wallet.
wallet_071,0.349697,Normal,0,No specific rule triggered,none,No behavioural rule was triggered for this wallet.
wallet_072,0.431133,Normal,2,Multiple behavioural indicators,high_received_volume;high_sent_volume,Relatively high total BTC received (total_received_btc=10.1; above the population 90th percentile of 5.66). Relatively high total BTC sent (total_sent_btc=7.41; above the population 90th percentile of 5.65).
wallet_073,0.401594,Normal,1,Single behavioural indicator,long_dormancy,"Long inactivity period between consecutive transactions (dormant-period indicator, in hours) (dormancy_duration=3.25e+03; above the population 90th percentile of 2.24e+03)."
wallet_074,0.361818,Normal,0,No specific rule triggered,none,No behavioural rule was triggered for this wallet.
wallet_075,0.519698,Anomalous,3,Multiple behavioural indicators,high_transaction_frequency;activity_burst;fan_out,Relatively high transaction frequency (transactions per day) (transaction_frequency=81.9; above the population 90th percentile of 48). Many transactions concentrated within a short (1-hour) period (activity_burst=5; above the population 90th percentile of 2). Funds are distributed across a relatively large number of outgoing connections (fan_out=15; above the population 90th percentile of 12).
wallet_076,0.383141,Normal,1,Single behavioural indicator,high_transaction_count,Relatively high transaction activity compared with other wallets (transaction_count=44; above the population 90th percentile of 43.1).
wallet_077,0.432846,Normal,0,No specific rule triggered,none,No behavioural rule was triggered for this wallet.
wallet_078,0.461584,Normal,4,Multiple strong behavioural indicators,high_transaction_count;fan_out;repeated_relationships;high_received_volume,Relatively high transaction activity compared with other wallets (transaction_count=64; above the population 90th percentile of 43.1). Funds are distributed across a relatively large number of outgoing connections (fan_out=13; above the population 90th percentile of 12). Repeatedly transacts with the same counterparties more often than most wallets (repeated_connections=8; above the population 90th percentile of 7). Relatively high total BTC received (total_received_btc=8.59; above the population 90th percentile of 5.66).
wallet_079,0.4412,Normal,0,No specific rule triggered,none,No behavioural rule was triggered for this wallet.
wallet_080,0.468659,Normal,0,No specific rule triggered,none,No behavioural rule was triggered for this wallet.
wallet_081,0.513552,Anomalous,3,Multiple behavioural indicators,high_transaction_frequency;activity_burst;fan_in,Relatively high transaction frequency (transactions per day) (transaction_frequency=50.6; above the population 90th percentile of 48). Many transactions concentrated within a short (1-hour) period (activity_burst=5; above the population 90th percentile of 2). Funds are received through a relatively large number of incoming connections (fan_in=15; above the population 90th percentile of 12).
wallet_082,0.378235,Normal,0,No specific rule triggered,none,No behavioural rule was triggered for this wallet.
wallet_083,0.470409,Normal,1,Single behavioural indicator,incoming_outgoing_imbalance,"Strong incoming/outgoing imbalance: much more BTC received than sent (incoming_outgoing_ratio=37.3, capped at 100; population 90th percentile=4.26)."
wallet_084,0.479215,Normal,3,Multiple behavioural indicators,long_dormancy;high_sent_volume;incoming_outgoing_imbalance,"Long inactivity period between consecutive transactions (dormant-period indicator, in hours) (dormancy_duration=7.03e+03; above the population 90th percentile of 2.24e+03). Relatively high total BTC sent (total_sent_btc=6.55; above the population 90th percentile of 5.65). Strong incoming/outgoing imbalance: much more BTC sent than received (incoming_outgoing_ratio=0.00813; population 10th percentile=0.217)."
wallet_085,0.385517,Normal,1,Single behavioural indicator,incoming_outgoing_imbalance,Strong incoming/outgoing imbalance: much more BTC sent than received (incoming_outgoing_ratio=0.168; population 10th percentile=0.217).
wallet_086,0.373459,Normal,0,No specific rule triggered,none,No behavioural rule was triggered for this wallet.
wallet_087,0.468257,Normal,2,Multiple behavioural indicators,activity_burst;many_counterparties,Many transactions concentrated within a short (1-hour) period (activity_burst=12; above the population 90th percentile of 2). Interacts with a relatively large number of distinct counterparty wallets (unique_counterparties=19; above the population 90th percentile of 17).
wallet_088,0.367836,Normal,0,No specific rule triggered,none,No behavioural rule was triggered for this wallet.
wallet_089,0.414308,Normal,2,Multiple behavioural indicators,high_received_volume;incoming_outgoing_imbalance,"Relatively high total BTC received (total_received_btc=6.87; above the population 90th percentile of 5.66). Strong incoming/outgoing imbalance: much more BTC received than sent (incoming_outgoing_ratio=6.61, capped at 100; population 90th percentile=4.26)."
wallet_090,0.36357,Normal,1,Single behavioural indicator,many_counterparties,Interacts with a relatively large number of distinct counterparty wallets (unique_counterparties=18; above the population 90th percentile of 17).
wallet_091,0.416131,Normal,1,Single behavioural indicator,repeated_relationships,Repeatedly transacts with the same counterparties more often than most wallets (repeated_connections=10; above the population 90th percentile of 7).
wallet_092,0.4598,Normal,0,No specific rule triggered,none,No behavioural rule was triggered for this wallet.
wallet_093,0.397697,Normal,2,Multiple behavioural indicators,high_received_volume;incoming_outgoing_imbalance,"Relatively high total BTC received (total_received_btc=6.72; above the population 90th percentile of 5.66). Strong incoming/outgoing imbalance: much more BTC received than sent (incoming_outgoing_ratio=6.6, capped at 100; population 90th percentile=4.26)."
wallet_094,0.375035,Normal,0,No specific rule triggered,none,No behavioural rule was triggered for this wallet.
wallet_095,0.371373,Normal,0,No specific rule triggered,none,No behavioural rule was triggered for this wallet.
wallet_096,0.456722,Normal,0,No specific rule triggered,none,No behavioural rule was triggered for this wallet.
wallet_097,0.381842,Normal,1,Single behavioural indicator,high_transaction_count,Relatively high transaction activity compared with other wallets (transaction_count=47; above the population 90th percentile of 43.1).
wallet_098,0.514295,Anomalous,4,Multiple strong behavioural indicators,activity_burst;long_dormancy;high_sent_volume;incoming_outgoing_imbalance,"Many transactions concentrated within a short (1-hour) period (activity_burst=3; above the population 90th percentile of 2). Long inactivity period between consecutive transactions (dormant-period indicator, in hours) (dormancy_duration=7.65e+03; above the population 90th percentile of 2.24e+03). Relatively high total BTC sent (total_sent_btc=6.07; above the population 90th percentile of 5.65). Strong incoming/outgoing imbalance: much more BTC sent than received (incoming_outgoing_ratio=0; population 10th percentile=0.217)."
wallet_099,0.365705,Normal,0,No specific rule triggered,none,No behavioural rule was triggered for this wallet.
wallet_100,0.492184,Anomalous,5,Multiple strong behavioural indicators,high_transaction_count;fan_out;many_counterparties;repeated_relationships;high_received_volume,Relatively high transaction activity compared with other wallets (transaction_count=60; above the population 90th percentile of 43.1). Funds are distributed across a relatively large number of outgoing connections (fan_out=14; above the population 90th percentile of 12). Interacts with a relatively large number of distinct counterparty wallets (unique_counterparties=18; above the population 90th percentile of 17). Repeatedly transacts with the same counterparties more often than most wallets (repeated_connections=10; above the population 90th percentile of 7). Relatively high total BTC received (total_received_btc=11; above the population 90th percentile of 5.66).
wallet_101,0.504806,Anomalous,3,Multiple behavioural indicators,high_transaction_frequency;activity_burst;fan_in,Relatively high transaction frequency (transactions per day) (transaction_frequency=48.1; above the population 90th percentile of 48). Many transactions concentrated within a short (1-hour) period (activity_burst=4; above the population 90th percentile of 2). Funds are received through a relatively large number of incoming connections (fan_in=15; above the population 90th percentile of 12).
wallet_102,0.39435,Normal,0,No specific rule triggered,none,No behavioural rule was triggered for this wallet.
wallet_103,0.502183,Anomalous,2,Multiple behavioural indicators,high_received_volume;high_sent_volume,Relatively high total BTC received (total_received_btc=6.13; above the population 90th percentile of 5.66). Relatively high total BTC sent (total_sent_btc=6.05; above the population 90th percentile of 5.65).
wallet_104,0.432895,Normal,5,Multiple strong behavioural indicators,high_transaction_count;fan_in;many_counterparties;repeated_relationships;high_received_volume,Relatively high transaction activity compared with other wallets (transaction_count=49; above the population 90th percentile of 43.1). Funds are received through a relatively large number of incoming connections (fan_in=13; above the population 90th percentile of 12). Interacts with a relatively large number of distinct counterparty wallets (unique_counterparties=20; above the population 90th percentile of 17). Repeatedly transacts with the same counterparties more often than most wallets (repeated_connections=9; above the population 90th percentile of 7). Relatively high total BTC received (total_received_btc=6.4; above the population 90th percentile of 5.66).
wallet_105,0.388985,Normal,1,Single behavioural indicator,fan_in,Funds are received through a relatively large number of incoming connections (fan_in=13; above the population 90th percentile of 12).
wallet_106,0.46522,Normal,1,Single behavioural indicator,long_dormancy,"Long inactivity period between consecutive transactions (dormant-period indicator, in hours) (dormancy_duration=3.67e+03; above the population 90th percentile of 2.24e+03)."
wallet_107,0.509595,Anomalous,4,Multiple strong behavioural indicators,activity_burst;fan_out;fan_in;many_counterparties,Many transactions concentrated within a short (1-hour) period (activity_burst=12; above the population 90th percentile of 2). Funds are distributed across a relatively large number of outgoing connections (fan_out=15; above the population 90th percentile of 12). Funds are received through a relatively large number of incoming connections (fan_in=13; above the population 90th percentile of 12). Interacts with a relatively large number of distinct counterparty wallets (unique_counterparties=23; above the population 90th percentile of 17).
wallet_108,0.536177,Anomalous,2,Multiple behavioural indicators,high_received_volume;high_sent_volume,Relatively high total BTC received (total_received_btc=6.65; above the population 90th percentile of 5.66). Relatively high total BTC sent (total_sent_btc=6.46; above the population 90th percentile of 5.65).
wallet_109,0.375286,Normal,1,Single behavioural indicator,incoming_outgoing_imbalance,"Strong incoming/outgoing imbalance: much more BTC received than sent (incoming_outgoing_ratio=6.18, capped at 100; population 90th percentile=4.26)."
wallet_110,0.395336,Normal,0,No specific rule triggered,none,No behavioural rule was triggered for this wallet.
wallet_111,0.383039,Normal,0,No specific rule triggered,none,No behavioural rule was triggered for this wallet.
wallet_112,0.358836,Normal,0,No specific rule triggered,none,No behavioural rule was triggered for this wallet.
wallet_113,0.409338,Normal,2,Multiple behavioural indicators,high_sent_volume;incoming_outgoing_imbalance,Relatively high total BTC sent (total_sent_btc=6.54; above the population 90th percentile of 5.65). Strong incoming/outgoing imbalance: much more BTC sent than received (incoming_outgoing_ratio=0.187; population 10th percentile=0.217).
wallet_114,0.453365,Normal,1,Single behavioural indicator,long_dormancy,"Long inactivity period between consecutive transactions (dormant-period indicator, in hours) (dormancy_duration=3.53e+03; above the population 90th percentile of 2.24e+03)."
wallet_115,0.432022,Normal,0,No specific rule triggered,none,No behavioural rule was triggered for this wallet.
wallet_116,0.382007,Normal,0,No specific rule triggered,none,No behavioural rule was triggered for this wallet.
wallet_117,0.398876,Normal,1,Single behavioural indicator,long_dormancy,"Long inactivity period between consecutive transactions (dormant-period indicator, in hours) (dormancy_duration=2.92e+03; above the population 90th percentile of 2.24e+03)."
wallet_118,0.368336,Normal,0,No specific rule triggered,none,No behavioural rule was triggered for this wallet.
wallet_119,0.386127,Normal,1,Single behavioural indicator,high_transaction_count,Relatively high transaction activity compared with other wallets (transaction_count=49; above the population 90th percentile of 43.1).
wallet_120,0.432688,Normal,0,No specific rule triggered,none,No behavioural rule was triggered for this wallet.
wallet_121,0.372372,Normal,1,Single behavioural indicator,incoming_outgoing_imbalance,Strong incoming/outgoing imbalance: much more BTC sent than received (incoming_outgoing_ratio=0.208; population 10th percentile=0.217).
wallet_122,0.357026,Normal,0,No specific rule triggered,none,No behavioural rule was triggered for this wallet.
wallet_123,0.379681,Normal,0,No specific rule triggered,none,No behavioural rule was triggered for this wallet.
wallet_124,0.359125,Normal,0,No specific rule triggered,none,No behavioural rule was triggered for this wallet.
wallet_125,0.490055,Normal,1,Single behavioural indicator,incoming_outgoing_imbalance,"Strong incoming/outgoing imbalance: much more BTC received than sent (incoming_outgoing_ratio=25.1, capped at 100; population 90th percentile=4.26)."
wallet_126,0.372421,Normal,0,No specific rule triggered,none,No behavioural rule was triggered for this wallet.
wallet_127,0.408912,Normal,1,Single behavioural indicator,incoming_outgoing_imbalance,"Strong incoming/outgoing imbalance: much more BTC received than sent (incoming_outgoing_ratio=10.6, capped at 100; population 90th percentile=4.26)."
wallet_128,0.365372,Normal,0,No specific rule triggered,none,No behavioural rule was triggered for this wallet.
wallet_129,0.43157,Normal,3,Multiple behavioural indicators,fan_out;many_counterparties;repeated_relationships,Funds are distributed across a relatively large number of outgoing connections (fan_out=15; above the population 90th percentile of 12). Interacts with a relatively large number of distinct counterparty wallets (unique_counterparties=20; above the population 90th percentile of 17). Repeatedly transacts with the same counterparties more often than most wallets (repeated_connections=9; above the population 90th percentile of 7).
wallet_130,0.390859,Normal,1,Single behavioural indicator,incoming_outgoing_imbalance,Strong incoming/outgoing imbalance: much more BTC sent than received (incoming_outgoing_ratio=0.0893; population 10th percentile=0.217).
wallet_131,0.392465,Normal,2,Multiple behavioural indicators,high_sent_volume;incoming_outgoing_imbalance,Relatively high total BTC sent (total_sent_btc=9.28; above the population 90th percentile of 5.65). Strong incoming/outgoing imbalance: much more BTC sent than received (incoming_outgoing_ratio=0.138; population 10th percentile=0.217).
wallet_132,0.359299,Normal,0,No specific rule triggered,none,No behavioural rule was triggered for this wallet.
wallet_133,0.415878,Normal,2,Multiple behavioural indicators,fan_in;many_counterparties,Funds are received through a relatively large number of incoming connections (fan_in=15; above the population 90th percentile of 12). Interacts with a relatively large number of distinct counterparty wallets (unique_counterparties=21; above the population 90th percentile of 17).
wallet_134,0.477034,Normal,0,No specific rule triggered,none,No behavioural rule was triggered for this wallet.
wallet_135,0.432201,Normal,1,Single behavioural indicator,long_dormancy,"Long inactivity period between consecutive transactions (dormant-period indicator, in hours) (dormancy_duration=4.94e+03; above the population 90th percentile of 2.24e+03)."
wallet_136,0.487154,Normal,0,No specific rule triggered,none,No behavioural rule was triggered for this wallet.
wallet_137,0.369947,Normal,0,No specific rule triggered,none,No behavioural rule was triggered for this wallet.
wallet_138,0.452424,Normal,0,No specific rule triggered,none,No behavioural rule was triggered for this wallet.
wallet_139,0.389473,Normal,0,No specific rule triggered,none,No behavioural rule was triggered for this wallet.
wallet_140,0.437368,Normal,4,Multiple strong behavioural indicators,fan_out;many_counterparties;repeated_relationships;high_sent_volume,Funds are distributed across a relatively large number of outgoing connections (fan_out=15; above the population 90th percentile of 12). Interacts with a relatively large number of distinct counterparty wallets (unique_counterparties=20; above the population 90th percentile of 17). Repeatedly transacts with the same counterparties more often than most wallets (repeated_connections=8; above the population 90th percentile of 7). Relatively high total BTC sent (total_sent_btc=8.63; above the population 90th percentile of 5.65).
wallet_141,0.47557,Normal,0,No specific rule triggered,none,No behavioural rule was triggered for this wallet.
wallet_142,0.430512,Normal,2,Multiple behavioural indicators,high_transaction_count;repeated_relationships,Relatively high transaction activity compared with other wallets (transaction_count=53; above the population 90th percentile of 43.1). Repeatedly transacts with the same counterparties more often than most wallets (repeated_connections=10; above the population 90th percentile of 7).
wallet_143,0.366176,Normal,0,No specific rule triggered,none,No behavioural rule was triggered for this wallet.
wallet_144,0.469905,Normal,1,Single behavioural indicator,incoming_outgoing_imbalance,"Strong incoming/outgoing imbalance: much more BTC received than sent (incoming_outgoing_ratio=4.54, capped at 100; population 90th percentile=4.26)."
wallet_145,0.363386,Normal,0,No specific rule triggered,none,No behavioural rule was triggered for this wallet.
wallet_146,0.756773,Anomalous,6,Multiple strong behavioural indicators,high_transaction_count;fan_in;many_counterparties;repeated_relationships;high_received_volume;incoming_outgoing_imbalance,"Relatively high transaction activity compared with other wallets (transaction_count=100; above the population 90th percentile of 43.1). Funds are received through a relatively large number of incoming connections (fan_in=81; above the population 90th percentile of 12). Interacts with a relatively large number of distinct counterparty wallets (unique_counterparties=81; above the population 90th percentile of 17). Repeatedly transacts with the same counterparties more often than most wallets (repeated_connections=18; above the population 90th percentile of 7). Relatively high total BTC received (total_received_btc=8.35; above the population 90th percentile of 5.66). Strong incoming/outgoing imbalance: much more BTC received than sent (incoming_outgoing_ratio=100, capped at 100; population 90th percentile=4.26)."
wallet_147,0.438224,Normal,3,Multiple behavioural indicators,fan_out;many_counterparties;repeated_relationships,Funds are distributed across a relatively large number of outgoing connections (fan_out=16; above the population 90th percentile of 12). Interacts with a relatively large number of distinct counterparty wallets (unique_counterparties=21; above the population 90th percentile of 17). Repeatedly transacts with the same counterparties more often than most wallets (repeated_connections=9; above the population 90th percentile of 7).
wallet_148,0.429711,Normal,0,No specific rule triggered,none,No behavioural rule was triggered for this wallet.
wallet_149,0.35929,Normal,0,No specific rule triggered,none,No behavioural rule was triggered for this wallet.
wallet_150,0.477169,Normal,3,Multiple behavioural indicators,activity_burst;long_dormancy;incoming_outgoing_imbalance,"Many transactions concentrated within a short (1-hour) period (activity_burst=3; above the population 90th percentile of 2). Long inactivity period between consecutive transactions (dormant-period indicator, in hours) (dormancy_duration=6.77e+03; above the population 90th percentile of 2.24e+03). Strong incoming/outgoing imbalance: much more BTC sent than received (incoming_outgoing_ratio=0.00792; population 10th percentile=0.217)."
wallet_151,0.375719,Normal,1,Single behavioural indicator,long_dormancy,"Long inactivity period between consecutive transactions (dormant-period indicator, in hours) (dormancy_duration=2.56e+03; above the population 90th percentile of 2.24e+03)."
wallet_152,0.754728,Anomalous,6,Multiple strong behavioural indicators,high_transaction_count;fan_in;many_counterparties;repeated_relationships;high_received_volume;incoming_outgoing_imbalance,"Relatively high transaction activity compared with other wallets (transaction_count=100; above the population 90th percentile of 43.1). Funds are received through a relatively large number of incoming connections (fan_in=78; above the population 90th percentile of 12). Interacts with a relatively large number of distinct counterparty wallets (unique_counterparties=78; above the population 90th percentile of 17). Repeatedly transacts with the same counterparties more often than most wallets (repeated_connections=17; above the population 90th percentile of 7). Relatively high total BTC received (total_received_btc=7.1; above the population 90th percentile of 5.66). Strong incoming/outgoing imbalance: much more BTC received than sent (incoming_outgoing_ratio=100, capped at 100; population 90th percentile=4.26)."
wallet_153,0.419381,Normal,2,Multiple behavioural indicators,high_sent_volume;incoming_outgoing_imbalance,Relatively high total BTC sent (total_sent_btc=10.2; above the population 90th percentile of 5.65). Strong incoming/outgoing imbalance: much more BTC sent than received (incoming_outgoing_ratio=0.0712; population 10th percentile=0.217).
wallet_154,0.460686,Normal,0,No specific rule triggered,none,No behavioural rule was triggered for this wallet.
wallet_155,0.470576,Normal,3,Multiple behavioural indicators,activity_burst;long_dormancy;incoming_outgoing_imbalance,"Many transactions concentrated within a short (1-hour) period (activity_burst=3; above the population 90th percentile of 2). Long inactivity period between consecutive transactions (dormant-period indicator, in hours) (dormancy_duration=6.79e+03; above the population 90th percentile of 2.24e+03). Strong incoming/outgoing imbalance: much more BTC sent than received (incoming_outgoing_ratio=0.0333; population 10th percentile=0.217)."
wallet_156,0.374889,Normal,0,No specific rule triggered,none,No behavioural rule was triggered for this wallet.
wallet_157,0.490598,Anomalous,2,Multiple behavioural indicators,high_received_volume;high_sent_volume,Relatively high total BTC received (total_received_btc=6.46; above the population 90th percentile of 5.66). Relatively high total BTC sent (total_sent_btc=6.39; above the population 90th percentile of 5.65).
wallet_158,0.372988,Normal,0,No specific rule triggered,none,No behavioural rule was triggered for this wallet.
wallet_159,0.437441,Normal,4,Multiple strong behavioural indicators,high_transaction_count;fan_out;many_counterparties;repeated_relationships,Relatively high transaction activity compared with other wallets (transaction_count=45; above the population 90th percentile of 43.1). Funds are distributed across a relatively large number of outgoing connections (fan_out=15; above the population 90th percentile of 12). Interacts with a relatively large number of distinct counterparty wallets (unique_counterparties=21; above the population 90th percentile of 17). Repeatedly transacts with the same counterparties more often than most wallets (repeated_connections=10; above the population 90th percentile of 7).
wallet_160,0.397115,Normal,2,Multiple behavioural indicators,high_sent_volume;incoming_outgoing_imbalance,Relatively high total BTC sent (total_sent_btc=8.99; above the population 90th percentile of 5.65). Strong incoming/outgoing imbalance: much more BTC sent than received (incoming_outgoing_ratio=0.044; population 10th percentile=0.217).
wallet_161,0.396667,Normal,1,Single behavioural indicator,incoming_outgoing_imbalance,Strong incoming/outgoing imbalance: much more BTC sent than received (incoming_outgoing_ratio=0.0959; population 10th percentile=0.217).
wallet_162,0.364923,Normal,0,No specific rule triggered,none,No behavioural rule was triggered for this wallet.
wallet_163,0.366719,Normal,0,No specific rule triggered,none,No behavioural rule was triggered for this wallet.
wallet_164,0.37328,Normal,0,No specific rule triggered,none,No behavioural rule was triggered for this wallet.
wallet_165,0.51297,Anomalous,3,Multiple behavioural indicators,activity_burst;fan_out;many_counterparties,Many transactions concentrated within a short (1-hour) period (activity_burst=13; above the population 90th percentile of 2). Funds are distributed across a relatively large number of outgoing connections (fan_out=19; above the population 90th percentile of 12). Interacts with a relatively large number of distinct counterparty wallets (unique_counterparties=23; above the population 90th percentile of 17).
wallet_166,0.372953,Normal,0,No specific rule triggered,none,No behavioural rule was triggered for this wallet.
wallet_167,0.375264,Normal,1,Single behavioural indicator,incoming_outgoing_imbalance,Strong incoming/outgoing imbalance: much more BTC sent than received (incoming_outgoing_ratio=0.128; population 10th percentile=0.217).
wallet_168,0.373965,Normal,0,No specific rule triggered,none,No behavioural rule was triggered for this wallet.
wallet_169,0.588569,Anomalous,4,Multiple strong behavioural indicators,high_transaction_count;fan_out;fan_in;many_counterparties,Relatively high transaction activity compared with other wallets (transaction_count=101; above the population 90th percentile of 43.1). Funds are distributed across a relatively large number of outgoing connections (fan_out=14; above the population 90th percentile of 12). Funds are received through a relatively large number of incoming connections (fan_in=23; above the population 90th percentile of 12). Interacts with a relatively large number of distinct counterparty wallets (unique_counterparties=31; above the population 90th percentile of 17).
wallet_170,0.43514,Normal,2,Multiple behavioural indicators,fan_out;high_sent_volume,Funds are distributed across a relatively large number of outgoing connections (fan_out=13; above the population 90th percentile of 12). Relatively high total BTC sent (total_sent_btc=10.3; above the population 90th percentile of 5.65).
wallet_171,0.436949,Normal,0,No specific rule triggered,none,No behavioural rule was triggered for this wallet.
wallet_172,0.460514,Normal,2,Multiple behavioural indicators,long_dormancy;incoming_outgoing_imbalance,"Long inactivity period between consecutive transactions (dormant-period indicator, in hours) (dormancy_duration=3.24e+03; above the population 90th percentile of 2.24e+03). Strong incoming/outgoing imbalance: much more BTC received than sent (incoming_outgoing_ratio=5.74, capped at 100; population 90th percentile=4.26)."
wallet_173,0.566076,Anomalous,4,Multiple strong behavioural indicators,activity_burst;fan_out;fan_in;many_counterparties,Many transactions concentrated within a short (1-hour) period (activity_burst=13; above the population 90th percentile of 2). Funds are distributed across a relatively large number of outgoing connections (fan_out=20; above the population 90th percentile of 12). Funds are received through a relatively large number of incoming connections (fan_in=14; above the population 90th percentile of 12). Interacts with a relatively large number of distinct counterparty wallets (unique_counterparties=29; above the population 90th percentile of 17).
wallet_174,0.358642,Normal,0,No specific rule triggered,none,No behavioural rule was triggered for this wallet.
wallet_175,0.570191,Anomalous,3,Multiple behavioural indicators,activity_burst;fan_out;many_counterparties,Many transactions concentrated within a short (1-hour) period (activity_burst=14; above the population 90th percentile of 2). Funds are distributed across a relatively large number of outgoing connections (fan_out=19; above the population 90th percentile of 12). Interacts with a relatively large number of distinct counterparty wallets (unique_counterparties=23; above the population 90th percentile of 17).
wallet_176,0.404113,Normal,2,Multiple behavioural indicators,high_sent_volume;incoming_outgoing_imbalance,Relatively high total BTC sent (total_sent_btc=9; above the population 90th percentile of 5.65). Strong incoming/outgoing imbalance: much more BTC sent than received (incoming_outgoing_ratio=0.139; population 10th percentile=0.217).
wallet_177,0.383225,Normal,0,No specific rule triggered,none,No behavioural rule was triggered for this wallet.
wallet_178,0.492044,Anomalous,2,Multiple behavioural indicators,high_received_volume;high_sent_volume,Relatively high total BTC received (total_received_btc=6.05; above the population 90th percentile of 5.66). Relatively high total BTC sent (total_sent_btc=5.99; above the population 90th percentile of 5.65).
wallet_179,0.358002,Normal,0,No specific rule triggered,none,No behavioural rule was triggered for this wallet.
wallet_180,0.482996,Normal,2,Multiple behavioural indicators,high_received_volume;high_sent_volume,Relatively high total BTC received (total_received_btc=6.24; above the population 90th percentile of 5.66). Relatively high total BTC sent (total_sent_btc=6.13; above the population 90th percentile of 5.65).
wallet_181,0.37476,Normal,0,No specific rule triggered,none,No behavioural rule was triggered for this wallet.
wallet_182,0.382124,Normal,1,Single behavioural indicator,repeated_relationships,Repeatedly transacts with the same counterparties more often than most wallets (repeated_connections=8; above the population 90th percentile of 7).
wallet_183,0.412066,Normal,1,Single behavioural indicator,incoming_outgoing_imbalance,"Strong incoming/outgoing imbalance: much more BTC received than sent (incoming_outgoing_ratio=8.36, capped at 100; population 90th percentile=4.26)."
wallet_184,0.373579,Normal,0,No specific rule triggered,none,No behavioural rule was triggered for this wallet.
wallet_185,0.550217,Anomalous,4,Multiple strong behavioural indicators,activity_burst;fan_out;fan_in;many_counterparties,Many transactions concentrated within a short (1-hour) period (activity_burst=11; above the population 90th percentile of 2). Funds are distributed across a relatively large number of outgoing connections (fan_out=19; above the population 90th percentile of 12). Funds are received through a relatively large number of incoming connections (fan_in=13; above the population 90th percentile of 12). Interacts with a relatively large number of distinct counterparty wallets (unique_counterparties=29; above the population 90th percentile of 17).
wallet_186,0.387523,Normal,0,No specific rule triggered,none,No behavioural rule was triggered for this wallet.
wallet_187,0.36403,Normal,0,No specific rule triggered,none,No behavioural rule was triggered for this wallet.
wallet_188,0.422469,Normal,5,Multiple strong behavioural indicators,fan_out;many_counterparties;repeated_relationships;high_received_volume;incoming_outgoing_imbalance,"Funds are distributed across a relatively large number of outgoing connections (fan_out=13; above the population 90th percentile of 12). Interacts with a relatively large number of distinct counterparty wallets (unique_counterparties=18; above the population 90th percentile of 17). Repeatedly transacts with the same counterparties more often than most wallets (repeated_connections=8; above the population 90th percentile of 7). Relatively high total BTC received (total_received_btc=6.53; above the population 90th percentile of 5.66). Strong incoming/outgoing imbalance: much more BTC received than sent (incoming_outgoing_ratio=7.21, capped at 100; population 90th percentile=4.26)."
wallet_189,0.370745,Normal,0,No specific rule triggered,none,No behavioural rule was triggered for this wallet.
wallet_190,0.368288,Normal,0,No specific rule triggered,none,No behavioural rule was triggered for this wallet.
wallet_191,0.42892,Normal,0,No specific rule triggered,none,No behavioural rule was triggered for this wallet.
wallet_192,0.365576,Normal,0,No specific rule triggered,none,No behavioural rule was triggered for this wallet.
wallet_193,0.362346,Normal,0,No specific rule triggered,none,No behavioural rule was triggered for this wallet.
wallet_194,0.358554,Normal,0,No specific rule triggered,none,No behavioural rule was triggered for this wallet.
wallet_195,0.36129,Normal,0,No specific rule triggered,none,No behavioural rule was triggered for this wallet.
wallet_196,0.380191,Normal,0,No specific rule triggered,none,No behavioural rule was triggered for this wallet.
wallet_197,0.369384,Normal,0,No specific rule triggered,none,No behavioural rule was triggered for this wallet.
wallet_198,0.381793,Normal,0,No specific rule triggered,none,No behavioural rule was triggered for this wallet.
wallet_199,0.419005,Normal,3,Multiple behavioural indicators,long_dormancy;high_sent_volume;incoming_outgoing_imbalance,"Long inactivity period between consecutive transactions (dormant-period indicator, in hours) (dormancy_duration=3.46e+03; above the population 90th percentile of 2.24e+03). Relatively high total BTC sent (total_sent_btc=5.86; above the population 90th percentile of 5.65). Strong incoming/outgoing imbalance: much more BTC sent than received (incoming_outgoing_ratio=0.0729; population 10th percentile=0.217)."
wallet_200,0.454125,Normal,0,No specific rule triggered,none,No behavioural rule was triggered for this wallet.
wallet_201,0.368185,Normal,0,No specific rule triggered,none,No behavioural rule was triggered for this wallet.
wallet_202,0.383869,Normal,2,Multiple behavioural indicators,fan_in;many_counterparties,Funds are received through a relatively large number of incoming connections (fan_in=13; above the population 90th percentile of 12). Interacts with a relatively large number of distinct counterparty wallets (unique_counterparties=18; above the population 90th percentile of 17).
wallet_203,0.467587,Normal,0,No specific rule triggered,none,No behavioural rule was triggered for this wallet.
wallet_204,0.55493,Anomalous,2,Multiple behavioural indicators,high_received_volume;high_sent_volume,Relatively high total BTC received (total_received_btc=7.76; above the population 90th percentile of 5.66). Relatively high total BTC sent (total_sent_btc=7.65; above the population 90th percentile of 5.65).
wallet_205,0.446203,Normal,3,Multiple behavioural indicators,long_dormancy;high_sent_volume;incoming_outgoing_imbalance,"Long inactivity period between consecutive transactions (dormant-period indicator, in hours) (dormancy_duration=2.9e+03; above the population 90th percentile of 2.24e+03). Relatively high total BTC sent (total_sent_btc=7.68; above the population 90th percentile of 5.65). Strong incoming/outgoing imbalance: much more BTC sent than received (incoming_outgoing_ratio=0.029; population 10th percentile=0.217)."
wallet_206,0.443119,Normal,0,No specific rule triggered,none,No behavioural rule was triggered for this wallet.
wallet_207,0.570642,Anomalous,5,Multiple strong behavioural indicators,high_transaction_count;activity_burst;fan_out;fan_in;many_counterparties,Relatively high transaction activity compared with other wallets (transaction_count=51; above the population 90th percentile of 43.1). Many transactions concentrated within a short (1-hour) period (activity_burst=14; above the population 90th percentile of 2). Funds are distributed across a relatively large number of outgoing connections (fan_out=19; above the population 90th percentile of 12). Funds are received through a relatively large number of incoming connections (fan_in=16; above the population 90th percentile of 12). Interacts with a relatively large number of distinct counterparty wallets (unique_counterparties=31; above the population 90th percentile of 17).
wallet_208,0.372214,Normal,0,No specific rule triggered,none,No behavioural rule was triggered for this wallet.
wallet_209,0.398842,Normal,1,Single behavioural indicator,long_dormancy,"Long inactivity period between consecutive transactions (dormant-period indicator, in hours) (dormancy_duration=2.26e+03; above the population 90th percentile of 2.24e+03)."
wallet_210,0.407487,Normal,1,Single behavioural indicator,long_dormancy,"Long inactivity period between consecutive transactions (dormant-period indicator, in hours) (dormancy_duration=2.53e+03; above the population 90th percentile of 2.24e+03)."
wallet_211,0.451549,Normal,0,No specific rule triggered,none,No behavioural rule was triggered for this wallet.
wallet_212,0.374837,Normal,0,No specific rule triggered,none,No behavioural rule was triggered for this wallet.
wallet_213,0.446669,Normal,0,No specific rule triggered,none,No behavioural rule was triggered for this wallet.
wallet_214,0.44763,Normal,0,No specific rule triggered,none,No behavioural rule was triggered for this wallet.
wallet_215,0.406754,Normal,0,No specific rule triggered,none,No behavioural rule was triggered for this wallet.
wallet_216,0.383519,Normal,0,No specific rule triggered,none,No behavioural rule was triggered for this wallet.
wallet_217,0.386061,Normal,2,Multiple behavioural indicators,fan_out;many_counterparties,Funds are distributed across a relatively large number of outgoing connections (fan_out=13; above the population 90th percentile of 12). Interacts with a relatively large number of distinct counterparty wallets (unique_counterparties=19; above the population 90th percentile of 17).
wallet_218,0.386817,Normal,1,Single behavioural indicator,incoming_outgoing_imbalance,"Strong incoming/outgoing imbalance: much more BTC received than sent (incoming_outgoing_ratio=6.51, capped at 100; population 90th percentile=4.26)."
wallet_219,0.361998,Normal,0,No specific rule triggered,none,No behavioural rule was triggered for this wallet.
wallet_220,0.369266,Normal,0,No specific rule triggered,none,No behavioural rule was triggered for this wallet.
wallet_221,0.362172,Normal,0,No specific rule triggered,none,No behavioural rule was triggered for this wallet.
wallet_222,0.554852,Anomalous,3,Multiple behavioural indicators,high_transaction_frequency;activity_burst;fan_out,Relatively high transaction frequency (transactions per day) (transaction_frequency=94.6; above the population 90th percentile of 48). Many transactions concentrated within a short (1-hour) period (activity_burst=7; above the population 90th percentile of 2). Funds are distributed across a relatively large number of outgoing connections (fan_out=14; above the population 90th percentile of 12).
wallet_223,0.466605,Normal,0,No specific rule triggered,none,No behavioural rule was triggered for this wallet.
wallet_224,0.403982,Normal,0,No specific rule triggered,none,No behavioural rule was triggered for this wallet.
wallet_225,0.380031,Normal,1,Single behavioural indicator,long_dormancy,"Long inactivity period between consecutive transactions (dormant-period indicator, in hours) (dormancy_duration=2.32e+03; above the population 90th percentile of 2.24e+03)."
wallet_226,0.458843,Normal,2,Multiple behavioural indicators,long_dormancy;incoming_outgoing_imbalance,"Long inactivity period between consecutive transactions (dormant-period indicator, in hours) (dormancy_duration=6.8e+03; above the population 90th percentile of 2.24e+03). Strong incoming/outgoing imbalance: much more BTC sent than received (incoming_outgoing_ratio=0.0214; population 10th percentile=0.217)."
wallet_227,0.356207,Normal,0,No specific rule triggered,none,No behavioural rule was triggered for this wallet.
wallet_228,0.521657,Anomalous,4,Multiple strong behavioural indicators,high_transaction_count;fan_out;many_counterparties;repeated_relationships,Relatively high transaction activity compared with other wallets (transaction_count=70; above the population 90th percentile of 43.1). Funds are distributed across a relatively large number of outgoing connections (fan_out=17; above the population 90th percentile of 12). Interacts with a relatively large number of distinct counterparty wallets (unique_counterparties=23; above the population 90th percentile of 17). Repeatedly transacts with the same counterparties more often than most wallets (repeated_connections=11; above the population 90th percentile of 7).
wallet_229,0.360621,Normal,0,No specific rule triggered,none,No behavioural rule was triggered for this wallet.
wallet_230,0.364143,Normal,0,No specific rule triggered,none,No behavioural rule was triggered for this wallet.
wallet_231,0.389583,Normal,1,Single behavioural indicator,incoming_outgoing_imbalance,"Strong incoming/outgoing imbalance: much more BTC received than sent (incoming_outgoing_ratio=6.36, capped at 100; population 90th percentile=4.26)."
wallet_232,0.395748,Normal,1,Single behavioural indicator,incoming_outgoing_imbalance,"Strong incoming/outgoing imbalance: much more BTC received than sent (incoming_outgoing_ratio=4.59, capped at 100; population 90th percentile=4.26)."
wallet_233,0.410288,Normal,2,Multiple behavioural indicators,repeated_relationships;incoming_outgoing_imbalance,"Repeatedly transacts with the same counterparties more often than most wallets (repeated_connections=8; above the population 90th percentile of 7). Strong incoming/outgoing imbalance: much more BTC received than sent (incoming_outgoing_ratio=8.06, capped at 100; population 90th percentile=4.26)."
wallet_234,0.386494,Normal,0,No specific rule triggered,none,No behavioural rule was triggered for this wallet.
wallet_235,0.416701,Normal,1,Single behavioural indicator,high_received_volume,Relatively high total BTC received (total_received_btc=8.45; above the population 90th percentile of 5.66).
wallet_236,0.483339,Normal,3,Multiple behavioural indicators,activity_burst;fan_out;many_counterparties,Many transactions concentrated within a short (1-hour) period (activity_burst=12; above the population 90th percentile of 2). Funds are distributed across a relatively large number of outgoing connections (fan_out=17; above the population 90th percentile of 12). Interacts with a relatively large number of distinct counterparty wallets (unique_counterparties=22; above the population 90th percentile of 17).
wallet_237,0.407178,Normal,1,Single behavioural indicator,incoming_outgoing_imbalance,"Strong incoming/outgoing imbalance: much more BTC received than sent (incoming_outgoing_ratio=8.13, capped at 100; population 90th percentile=4.26)."
wallet_238,0.467739,Normal,4,Multiple strong behavioural indicators,high_transaction_count;fan_out;repeated_relationships;high_sent_volume,Relatively high transaction activity compared with other wallets (transaction_count=51; above the population 90th percentile of 43.1). Funds are distributed across a relatively large number of outgoing connections (fan_out=13; above the population 90th percentile of 12). Repeatedly transacts with the same counterparties more often than most wallets (repeated_connections=10; above the population 90th percentile of 7). Relatively high total BTC sent (total_sent_btc=10.5; above the population 90th percentile of 5.65).
wallet_239,0.364941,Normal,0,No specific rule triggered,none,No behavioural rule was triggered for this wallet.
wallet_240,0.427743,Normal,0,No specific rule triggered,none,No behavioural rule was triggered for this wallet.
wallet_241,0.360458,Normal,0,No specific rule triggered,none,No behavioural rule was triggered for this wallet.
wallet_242,0.371188,Normal,0,No specific rule triggered,none,No behavioural rule was triggered for this wallet.
wallet_243,0.375227,Normal,0,No specific rule triggered,none,No behavioural rule was triggered for this wallet.
wallet_244,0.360182,Normal,0,No specific rule triggered,none,No behavioural rule was triggered for this wallet.
wallet_245,0.559221,Anomalous,5,Multiple strong behavioural indicators,high_transaction_frequency;activity_burst;fan_out;high_received_volume;high_sent_volume,Relatively high transaction frequency (transactions per day) (transaction_frequency=97.6; above the population 90th percentile of 48). Many transactions concentrated within a short (1-hour) period (activity_burst=6; above the population 90th percentile of 2). Funds are distributed across a relatively large number of outgoing connections (fan_out=14; above the population 90th percentile of 12). Relatively high total BTC received (total_received_btc=7.6; above the population 90th percentile of 5.66). Relatively high total BTC sent (total_sent_btc=7.54; above the population 90th percentile of 5.65).
wallet_246,0.425471,Normal,0,No specific rule triggered,none,No behavioural rule was triggered for this wallet.
wallet_247,0.451242,Normal,0,No specific rule triggered,none,No behavioural rule was triggered for this wallet.
wallet_248,0.532252,Anomalous,6,Multiple strong behavioural indicators,high_transaction_count;fan_out;many_counterparties;repeated_relationships;high_received_volume;incoming_outgoing_imbalance,"Relatively high transaction activity compared with other wallets (transaction_count=80; above the population 90th percentile of 43.1). Funds are distributed across a relatively large number of outgoing connections (fan_out=16; above the population 90th percentile of 12). Interacts with a relatively large number of distinct counterparty wallets (unique_counterparties=20; above the population 90th percentile of 17). Repeatedly transacts with the same counterparties more often than most wallets (repeated_connections=8; above the population 90th percentile of 7). Relatively high total BTC received (total_received_btc=9.7; above the population 90th percentile of 5.66). Strong incoming/outgoing imbalance: much more BTC received than sent (incoming_outgoing_ratio=4.29, capped at 100; population 90th percentile=4.26)."
wallet_249,0.400799,Normal,1,Single behavioural indicator,long_dormancy,"Long inactivity period between consecutive transactions (dormant-period indicator, in hours) (dormancy_duration=3.22e+03; above the population 90th percentile of 2.24e+03)."
wallet_250,0.447956,Normal,0,No specific rule triggered,none,No behavioural rule was triggered for this wallet.
wallet_251,0.381625,Normal,1,Single behavioural indicator,fan_out,Funds are distributed across a relatively large number of outgoing connections (fan_out=13; above the population 90th percentile of 12).
wallet_252,0.371465,Normal,0,No specific rule triggered,none,No behavioural rule was triggered for this wallet.
wallet_253,0.392632,Normal,0,No specific rule triggered,none,No behavioural rule was triggered for this wallet.
wallet_254,0.355193,Normal,0,No specific rule triggered,none,No behavioural rule was triggered for this wallet.
wallet_255,0.389799,Normal,1,Single behavioural indicator,incoming_outgoing_imbalance,"Strong incoming/outgoing imbalance: much more BTC received than sent (incoming_outgoing_ratio=10.5, capped at 100; population 90th percentile=4.26)."
wallet_256,0.427182,Normal,2,Multiple behavioural indicators,high_received_volume;incoming_outgoing_imbalance,"Relatively high total BTC received (total_received_btc=9.69; above the population 90th percentile of 5.66). Strong incoming/outgoing imbalance: much more BTC received than sent (incoming_outgoing_ratio=9.08, capped at 100; population 90th percentile=4.26)."
wallet_257,0.37421,Normal,0,No specific rule triggered,none,No behavioural rule was triggered for this wallet.
wallet_258,0.414397,Normal,1,Single behavioural indicator,incoming_outgoing_imbalance,Strong incoming/outgoing imbalance: much more BTC sent than received (incoming_outgoing_ratio=0.0573; population 10th percentile=0.217).
wallet_259,0.431801,Normal,0,No specific rule triggered,none,No behavioural rule was triggered for this wallet.
wallet_260,0.368398,Normal,0,No specific rule triggered,none,No behavioural rule was triggered for this wallet.
wallet_261,0.362703,Normal,0,No specific rule triggered,none,No behavioural rule was triggered for this wallet.
wallet_262,0.406504,Normal,2,Multiple behavioural indicators,high_transaction_count;many_counterparties,Relatively high transaction activity compared with other wallets (transaction_count=53; above the population 90th percentile of 43.1). Interacts with a relatively large number of distinct counterparty wallets (unique_counterparties=18; above the population 90th percentile of 17).
wallet_263,0.368173,Normal,1,Single behavioural indicator,incoming_outgoing_imbalance,"Strong incoming/outgoing imbalance: much more BTC received than sent (incoming_outgoing_ratio=5.48, capped at 100; population 90th percentile=4.26)."
wallet_264,0.526437,Anomalous,3,Multiple behavioural indicators,long_dormancy;high_sent_volume;incoming_outgoing_imbalance,"Long inactivity period between consecutive transactions (dormant-period indicator, in hours) (dormancy_duration=7.11e+03; above the population 90th percentile of 2.24e+03). Relatively high total BTC sent (total_sent_btc=11.9; above the population 90th percentile of 5.65). Strong incoming/outgoing imbalance: much more BTC sent than received (incoming_outgoing_ratio=0.00942; population 10th percentile=0.217)."
wallet_265,0.393728,Normal,1,Single behavioural indicator,repeated_relationships,Repeatedly transacts with the same counterparties more often than most wallets (repeated_connections=8; above the population 90th percentile of 7).
wallet_266,0.397414,Normal,1,Single behavioural indicator,repeated_relationships,Repeatedly transacts with the same counterparties more often than most wallets (repeated_connections=8; above the population 90th percentile of 7).
wallet_267,0.380459,Normal,2,Multiple behavioural indicators,fan_out;many_counterparties,Funds are distributed across a relatively large number of outgoing connections (fan_out=13; above the population 90th percentile of 12). Interacts with a relatively large number of distinct counterparty wallets (unique_counterparties=18; above the population 90th percentile of 17).
wallet_268,0.46672,Normal,7,Multiple strong behavioural indicators,high_transaction_count;fan_out;fan_in;many_counterparties;repeated_relationships;high_sent_volume;incoming_outgoing_imbalance,Relatively high transaction activity compared with other wallets (transaction_count=53; above the population 90th percentile of 43.1). Funds are distributed across a relatively large number of outgoing connections (fan_out=16; above the population 90th percentile of 12). Funds are received through a relatively large number of incoming connections (fan_in=13; above the population 90th percentile of 12). Interacts with a relatively large number of distinct counterparty wallets (unique_counterparties=20; above the population 90th percentile of 17). Repeatedly transacts with the same counterparties more often than most wallets (repeated_connections=10; above the population 90th percentile of 7). Relatively high total BTC sent (total_sent_btc=7.44; above the population 90th percentile of 5.65). Strong incoming/outgoing imbalance: much more BTC sent than received (incoming_outgoing_ratio=0.206; population 10th percentile=0.217).
wallet_269,0.373903,Normal,0,No specific rule triggered,none,No behavioural rule was triggered for this wallet.
wallet_270,0.358912,Normal,0,No specific rule triggered,none,No behavioural rule was triggered for this wallet.
wallet_271,0.355726,Normal,0,No specific rule triggered,none,No behavioural rule was triggered for this wallet.
wallet_272,0.393912,Normal,0,No specific rule triggered,none,No behavioural rule was triggered for this wallet.
wallet_273,0.501183,Anomalous,2,Multiple behavioural indicators,activity_burst;fan_in,Many transactions concentrated within a short (1-hour) period (activity_burst=5; above the population 90th percentile of 2). Funds are received through a relatively large number of incoming connections (fan_in=15; above the population 90th percentile of 12).
wallet_274,0.360642,Normal,0,No specific rule triggered,none,No behavioural rule was triggered for this wallet.
wallet_275,0.396654,Normal,1,Single behavioural indicator,incoming_outgoing_imbalance,"Strong incoming/outgoing imbalance: much more BTC received than sent (incoming_outgoing_ratio=11.6, capped at 100; population 90th percentile=4.26)."
wallet_276,0.454628,Normal,0,No specific rule triggered,none,No behavioural rule was triggered for this wallet.
wallet_277,0.365621,Normal,0,No specific rule triggered,none,No behavioural rule was triggered for this wallet.
wallet_278,0.381803,Normal,0,No specific rule triggered,none,No behavioural rule was triggered for this wallet.
wallet_279,0.39283,Normal,1,Single behavioural indicator,high_received_volume,Relatively high total BTC received (total_received_btc=6.23; above the population 90th percentile of 5.66).
wallet_280,0.385535,Normal,0,No specific rule triggered,none,No behavioural rule was triggered for this wallet.
wallet_281,0.418906,Normal,0,No specific rule triggered,none,No behavioural rule was triggered for this wallet.
wallet_282,0.377724,Normal,0,No specific rule triggered,none,No behavioural rule was triggered for this wallet.
wallet_283,0.419542,Normal,1,Single behavioural indicator,high_sent_volume,Relatively high total BTC sent (total_sent_btc=9.74; above the population 90th percentile of 5.65).
wallet_284,0.410792,Normal,2,Multiple behavioural indicators,long_dormancy;incoming_outgoing_imbalance,"Long inactivity period between consecutive transactions (dormant-period indicator, in hours) (dormancy_duration=2.58e+03; above the population 90th percentile of 2.24e+03). Strong incoming/outgoing imbalance: much more BTC sent than received (incoming_outgoing_ratio=0.0985; population 10th percentile=0.217)."
wallet_285,0.446856,Normal,3,Multiple behavioural indicators,long_dormancy;high_sent_volume;incoming_outgoing_imbalance,"Long inactivity period between consecutive transactions (dormant-period indicator, in hours) (dormancy_duration=3.03e+03; above the population 90th percentile of 2.24e+03). Relatively high total BTC sent (total_sent_btc=9.18; above the population 90th percentile of 5.65). Strong incoming/outgoing imbalance: much more BTC sent than received (incoming_outgoing_ratio=0.0368; population 10th percentile=0.217)."
wallet_286,0.378029,Normal,0,No specific rule triggered,none,No behavioural rule was triggered for this wallet.
wallet_287,0.354331,Normal,0,No specific rule triggered,none,No behavioural rule was triggered for this wallet.
wallet_288,0.491248,Anomalous,3,Multiple behavioural indicators,high_transaction_count;high_received_volume;incoming_outgoing_imbalance,"Relatively high transaction activity compared with other wallets (transaction_count=50; above the population 90th percentile of 43.1). Relatively high total BTC received (total_received_btc=15.6; above the population 90th percentile of 5.66). Strong incoming/outgoing imbalance: much more BTC received than sent (incoming_outgoing_ratio=14.7, capped at 100; population 90th percentile=4.26)."
wallet_289,0.422843,Normal,3,Multiple behavioural indicators,high_transaction_count;fan_in;high_received_volume,Relatively high transaction activity compared with other wallets (transaction_count=50; above the population 90th percentile of 43.1). Funds are received through a relatively large number of incoming connections (fan_in=13; above the population 90th percentile of 12). Relatively high total BTC received (total_received_btc=7.31; above the population 90th percentile of 5.66).
wallet_290,0.489815,Normal,3,Multiple behavioural indicators,activity_burst;long_dormancy;incoming_outgoing_imbalance,"Many transactions concentrated within a short (1-hour) period (activity_burst=3; above the population 90th percentile of 2). Long inactivity period between consecutive transactions (dormant-period indicator, in hours) (dormancy_duration=7.03e+03; above the population 90th percentile of 2.24e+03). Strong incoming/outgoing imbalance: much more BTC sent than received (incoming_outgoing_ratio=0; population 10th percentile=0.217)."
wallet_291,0.432039,Normal,0,No specific rule triggered,none,No behavioural rule was triggered for this wallet.
wallet_292,0.376655,Normal,0,No specific rule triggered,none,No behavioural rule was triggered for this wallet.
wallet_293,0.504912,Anomalous,2,Multiple behavioural indicators,high_received_volume;high_sent_volume,Relatively high total BTC received (total_received_btc=6.72; above the population 90th percentile of 5.66). Relatively high total BTC sent (total_sent_btc=6.65; above the population 90th percentile of 5.65).
wallet_294,0.359933,Normal,0,No specific rule triggered,none,No behavioural rule was triggered for this wallet.
wallet_295,0.367404,Normal,1,Single behavioural indicator,long_dormancy,"Long inactivity period between consecutive transactions (dormant-period indicator, in hours) (dormancy_duration=2.4e+03; above the population 90th percentile of 2.24e+03)."
wallet_296,0.576168,Anomalous,5,Multiple strong behavioural indicators,high_transaction_count;activity_burst;repeated_relationships;high_sent_volume;incoming_outgoing_imbalance,Relatively high transaction activity compared with other wallets (transaction_count=96; above the population 90th percentile of 43.1). Many transactions concentrated within a short (1-hour) period (activity_burst=3; above the population 90th percentile of 2). Repeatedly transacts with the same counterparties more often than most wallets (repeated_connections=8; above the population 90th percentile of 7). Relatively high total BTC sent (total_sent_btc=7.19; above the population 90th percentile of 5.65). Strong incoming/outgoing imbalance: much more BTC sent than received (incoming_outgoing_ratio=0; population 10th percentile=0.217).
wallet_297,0.373143,Normal,0,No specific rule triggered,none,No behavioural rule was triggered for this wallet.
wallet_298,0.368773,Normal,0,No specific rule triggered,none,No behavioural rule was triggered for this wallet.
wallet_299,0.406352,Normal,0,No specific rule triggered,none,No behavioural rule was triggered for this wallet.
wallet_300,0.382746,Normal,0,No specific rule triggered,none,No behavioural rule was triggered for this wallet.
wallet_301,0.414058,Normal,2,Multiple behavioural indicators,high_sent_volume;incoming_outgoing_imbalance,Relatively high total BTC sent (total_sent_btc=7.42; above the population 90th percentile of 5.65). Strong incoming/outgoing imbalance: much more BTC sent than received (incoming_outgoing_ratio=0.0608; population 10th percentile=0.217).
wallet_302,0.435266,Normal,0,No specific rule triggered,none,No behavioural rule was triggered for this wallet.
wallet_303,0.412025,Normal,1,Single behavioural indicator,incoming_outgoing_imbalance,"Strong incoming/outgoing imbalance: much more BTC received than sent (incoming_outgoing_ratio=11.5, capped at 100; population 90th percentile=4.26)."
wallet_304,0.361427,Normal,0,No specific rule triggered,none,No behavioural rule was triggered for this wallet.
wallet_305,0.454179,Normal,0,No specific rule triggered,none,No behavioural rule was triggered for this wallet.
wallet_306,0.478247,Normal,3,Multiple behavioural indicators,high_transaction_count;high_received_volume;incoming_outgoing_imbalance,"Relatively high transaction activity compared with other wallets (transaction_count=45; above the population 90th percentile of 43.1). Relatively high total BTC received (total_received_btc=15.8; above the population 90th percentile of 5.66). Strong incoming/outgoing imbalance: much more BTC received than sent (incoming_outgoing_ratio=4.42, capped at 100; population 90th percentile=4.26)."
wallet_307,0.370003,Normal,0,No specific rule triggered,none,No behavioural rule was triggered for this wallet.
wallet_308,0.411347,Normal,1,Single behavioural indicator,high_received_volume,Relatively high total BTC received (total_received_btc=8.47; above the population 90th percentile of 5.66).
wallet_309,0.361373,Normal,0,No specific rule triggered,none,No behavioural rule was triggered for this wallet.
wallet_310,0.429799,Normal,0,No specific rule triggered,none,No behavioural rule was triggered for this wallet.
wallet_311,0.439778,Normal,0,No specific rule triggered,none,No behavioural rule was triggered for this wallet.
wallet_312,0.436487,Normal,0,No specific rule triggered,none,No behavioural rule was triggered for this wallet.
wallet_313,0.385912,Normal,0,No specific rule triggered,none,No behavioural rule was triggered for this wallet.
wallet_314,0.359203,Normal,0,No specific rule triggered,none,No behavioural rule was triggered for this wallet.
wallet_315,0.469762,Normal,1,Single behavioural indicator,high_received_volume,Relatively high total BTC received (total_received_btc=5.7; above the population 90th percentile of 5.66).
wallet_316,0.381663,Normal,0,No specific rule triggered,none,No behavioural rule was triggered for this wallet.
wallet_317,0.511296,Anomalous,5,Multiple strong behavioural indicators,high_transaction_count;fan_out;fan_in;many_counterparties;high_sent_volume,Relatively high transaction activity compared with other wallets (transaction_count=77; above the population 90th percentile of 43.1). Funds are distributed across a relatively large number of outgoing connections (fan_out=15; above the population 90th percentile of 12). Funds are received through a relatively large number of incoming connections (fan_in=14; above the population 90th percentile of 12). Interacts with a relatively large number of distinct counterparty wallets (unique_counterparties=22; above the population 90th percentile of 17). Relatively high total BTC sent (total_sent_btc=8.07; above the population 90th percentile of 5.65).
wallet_318,0.410176,Normal,1,Single behavioural indicator,high_received_volume,Relatively high total BTC received (total_received_btc=7.58; above the population 90th percentile of 5.66).
wallet_319,0.416306,Normal,1,Single behavioural indicator,high_transaction_count,Relatively high transaction activity compared with other wallets (transaction_count=58; above the population 90th percentile of 43.1).
wallet_320,0.375971,Normal,0,No specific rule triggered,none,No behavioural rule was triggered for this wallet.
wallet_321,0.371385,Normal,0,No specific rule triggered,none,No behavioural rule was triggered for this wallet.
wallet_322,0.438529,Normal,0,No specific rule triggered,none,No behavioural rule was triggered for this wallet.
wallet_323,0.418005,Normal,4,Multiple strong behavioural indicators,high_transaction_count;fan_in;many_counterparties;incoming_outgoing_imbalance,"Relatively high transaction activity compared with other wallets (transaction_count=51; above the population 90th percentile of 43.1). Funds are received through a relatively large number of incoming connections (fan_in=14; above the population 90th percentile of 12). Interacts with a relatively large number of distinct counterparty wallets (unique_counterparties=20; above the population 90th percentile of 17). Strong incoming/outgoing imbalance: much more BTC received than sent (incoming_outgoing_ratio=5.04, capped at 100; population 90th percentile=4.26)."
wallet_324,0.396246,Normal,2,Multiple behavioural indicators,many_counterparties;repeated_relationships,Interacts with a relatively large number of distinct counterparty wallets (unique_counterparties=18; above the population 90th percentile of 17). Repeatedly transacts with the same counterparties more often than most wallets (repeated_connections=8; above the population 90th percentile of 7).
wallet_325,0.462765,Normal,0,No specific rule triggered,none,No behavioural rule was triggered for this wallet.
wallet_326,0.47004,Normal,2,Multiple behavioural indicators,long_dormancy;incoming_outgoing_imbalance,"Long inactivity period between consecutive transactions (dormant-period indicator, in hours) (dormancy_duration=6.89e+03; above the population 90th percentile of 2.24e+03). Strong incoming/outgoing imbalance: much more BTC sent than received (incoming_outgoing_ratio=0.00859; population 10th percentile=0.217)."
wallet_327,0.482292,Normal,2,Multiple behavioural indicators,activity_burst;fan_in,Many transactions concentrated within a short (1-hour) period (activity_burst=4; above the population 90th percentile of 2). Funds are received through a relatively large number of incoming connections (fan_in=13; above the population 90th percentile of 12).
wallet_328,0.423114,Normal,1,Single behavioural indicator,incoming_outgoing_imbalance,"Strong incoming/outgoing imbalance: much more BTC received than sent (incoming_outgoing_ratio=21.4, capped at 100; population 90th percentile=4.26)."
wallet_329,0.421187,Normal,0,No specific rule triggered,none,No behavioural rule was triggered for this wallet.
wallet_330,0.36982,Normal,0,No specific rule triggered,none,No behavioural rule was triggered for this wallet.
wallet_331,0.388234,Normal,0,No specific rule triggered,none,No behavioural rule was triggered for this wallet.
wallet_332,0.382853,Normal,0,No specific rule triggered,none,No behavioural rule was triggered for this wallet.
wallet_333,0.42289,Normal,2,Multiple behavioural indicators,high_received_volume;incoming_outgoing_imbalance,"Relatively high total BTC received (total_received_btc=6.26; above the population 90th percentile of 5.66). Strong incoming/outgoing imbalance: much more BTC received than sent (incoming_outgoing_ratio=13.3, capped at 100; population 90th percentile=4.26)."
wallet_334,0.361495,Normal,0,No specific rule triggered,none,No behavioural rule was triggered for this wallet.
wallet_335,0.35156,Normal,0,No specific rule triggered,none,No behavioural rule was triggered for this wallet.
wallet_336,0.462965,Normal,1,Single behavioural indicator,long_dormancy,"Long inactivity period between consecutive transactions (dormant-period indicator, in hours) (dormancy_duration=2.54e+03; above the population 90th percentile of 2.24e+03)."
wallet_337,0.44945,Normal,0,No specific rule triggered,none,No behavioural rule was triggered for this wallet.
wallet_338,0.388405,Normal,1,Single behavioural indicator,incoming_outgoing_imbalance,Strong incoming/outgoing imbalance: much more BTC sent than received (incoming_outgoing_ratio=0.105; population 10th percentile=0.217).
wallet_339,0.435706,Normal,0,No specific rule triggered,none,No behavioural rule was triggered for this wallet.
wallet_340,0.374981,Normal,0,No specific rule triggered,none,No behavioural rule was triggered for this wallet.
wallet_341,0.471164,Normal,0,No specific rule triggered,none,No behavioural rule was triggered for this wallet.
wallet_342,0.379321,Normal,0,No specific rule triggered,none,No behavioural rule was triggered for this wallet.
wallet_343,0.400548,Normal,2,Multiple behavioural indicators,high_transaction_count;repeated_relationships,Relatively high transaction activity compared with other wallets (transaction_count=45; above the population 90th percentile of 43.1). Repeatedly transacts with the same counterparties more often than most wallets (repeated_connections=8; above the population 90th percentile of 7).
wallet_344,0.557568,Anomalous,4,Multiple strong behavioural indicators,high_transaction_count;fan_out;fan_in;many_counterparties,Relatively high transaction activity compared with other wallets (transaction_count=85; above the population 90th percentile of 43.1). Funds are distributed across a relatively large number of outgoing connections (fan_out=16; above the population 90th percentile of 12). Funds are received through a relatively large number of incoming connections (fan_in=17; above the population 90th percentile of 12). Interacts with a relatively large number of distinct counterparty wallets (unique_counterparties=26; above the population 90th percentile of 17).
wallet_345,0.365112,Normal,0,No specific rule triggered,none,No behavioural rule was triggered for this wallet.
wallet_346,0.393385,Normal,2,Multiple behavioural indicators,high_received_volume;incoming_outgoing_imbalance,"Relatively high total BTC received (total_received_btc=6.4; above the population 90th percentile of 5.66). Strong incoming/outgoing imbalance: much more BTC received than sent (incoming_outgoing_ratio=4.58, capped at 100; population 90th percentile=4.26)."
wallet_347,0.473144,Normal,2,Multiple behavioural indicators,long_dormancy;incoming_outgoing_imbalance,"Long inactivity period between consecutive transactions (dormant-period indicator, in hours) (dormancy_duration=7.33e+03; above the population 90th percentile of 2.24e+03). Strong incoming/outgoing imbalance: much more BTC sent than received (incoming_outgoing_ratio=0.00982; population 10th percentile=0.217)."
wallet_348,0.378039,Normal,0,No specific rule triggered,none,No behavioural rule was triggered for this wallet.
wallet_349,0.38015,Normal,1,Single behavioural indicator,repeated_relationships,Repeatedly transacts with the same counterparties more often than most wallets (repeated_connections=8; above the population 90th percentile of 7).
wallet_350,0.757542,Anomalous,6,Multiple strong behavioural indicators,high_transaction_count;fan_in;many_counterparties;repeated_relationships;high_received_volume;incoming_outgoing_imbalance,"Relatively high transaction activity compared with other wallets (transaction_count=100; above the population 90th percentile of 43.1). Funds are received through a relatively large number of incoming connections (fan_in=79; above the population 90th percentile of 12). Interacts with a relatively large number of distinct counterparty wallets (unique_counterparties=79; above the population 90th percentile of 17). Repeatedly transacts with the same counterparties more often than most wallets (repeated_connections=20; above the population 90th percentile of 7). Relatively high total BTC received (total_received_btc=7.73; above the population 90th percentile of 5.66). Strong incoming/outgoing imbalance: much more BTC received than sent (incoming_outgoing_ratio=100, capped at 100; population 90th percentile=4.26)."
wallet_351,0.369382,Normal,1,Single behavioural indicator,long_dormancy,"Long inactivity period between consecutive transactions (dormant-period indicator, in hours) (dormancy_duration=2.81e+03; above the population 90th percentile of 2.24e+03)."
wallet_352,0.375209,Normal,1,Single behavioural indicator,repeated_relationships,Repeatedly transacts with the same counterparties more often than most wallets (repeated_connections=8; above the population 90th percentile of 7).
wallet_353,0.446609,Normal,0,No specific rule triggered,none,No behavioural rule was triggered for this wallet.
wallet_354,0.401248,Normal,0,No specific rule triggered,none,No behavioural rule was triggered for this wallet.
wallet_355,0.370241,Normal,0,No specific rule triggered,none,No behavioural rule was triggered for this wallet.
wallet_356,0.446891,Normal,0,No specific rule triggered,none,No behavioural rule was triggered for this wallet.
wallet_357,0.43844,Normal,1,Single behavioural indicator,long_dormancy,"Long inactivity period between consecutive transactions (dormant-period indicator, in hours) (dormancy_duration=3.39e+03; above the population 90th percentile of 2.24e+03)."
wallet_358,0.475522,Normal,3,Multiple behavioural indicators,activity_burst;long_dormancy;incoming_outgoing_imbalance,"Many transactions concentrated within a short (1-hour) period (activity_burst=3; above the population 90th percentile of 2). Long inactivity period between consecutive transactions (dormant-period indicator, in hours) (dormancy_duration=7.05e+03; above the population 90th percentile of 2.24e+03). Strong incoming/outgoing imbalance: much more BTC sent than received (incoming_outgoing_ratio=0.0115; population 10th percentile=0.217)."
wallet_359,0.365693,Normal,0,No specific rule triggered,none,No behavioural rule was triggered for this wallet.
wallet_360,0.428671,Normal,3,Multiple behavioural indicators,high_transaction_count;many_counterparties;high_sent_volume,Relatively high transaction activity compared with other wallets (transaction_count=55; above the population 90th percentile of 43.1). Interacts with a relatively large number of distinct counterparty wallets (unique_counterparties=19; above the population 90th percentile of 17). Relatively high total BTC sent (total_sent_btc=7.98; above the population 90th percentile of 5.65).
wallet_361,0.380196,Normal,1,Single behavioural indicator,incoming_outgoing_imbalance,"Strong incoming/outgoing imbalance: much more BTC received than sent (incoming_outgoing_ratio=5.72, capped at 100; population 90th percentile=4.26)."
wallet_362,0.35859,Normal,0,No specific rule triggered,none,No behavioural rule was triggered for this wallet.
wallet_363,0.53194,Anomalous,2,Multiple behavioural indicators,high_transaction_frequency;activity_burst,Relatively high transaction frequency (transactions per day) (transaction_frequency=101; above the population 90th percentile of 48). Many transactions concentrated within a short (1-hour) period (activity_burst=7; above the population 90th percentile of 2).
wallet_364,0.40287,Normal,0,No specific rule triggered,none,No behavioural rule was triggered for this wallet.
wallet_365,0.396054,Normal,0,No specific rule triggered,none,No behavioural rule was triggered for this wallet.
wallet_366,0.361066,Normal,1,Single behavioural indicator,incoming_outgoing_imbalance,Strong incoming/outgoing imbalance: much more BTC sent than received (incoming_outgoing_ratio=0.215; population 10th percentile=0.217).
wallet_367,0.381818,Normal,0,No specific rule triggered,none,No behavioural rule was triggered for this wallet.
wallet_368,0.39278,Normal,2,Multiple behavioural indicators,high_received_volume;incoming_outgoing_imbalance,"Relatively high total BTC received (total_received_btc=6.74; above the population 90th percentile of 5.66). Strong incoming/outgoing imbalance: much more BTC received than sent (incoming_outgoing_ratio=5.98, capped at 100; population 90th percentile=4.26)."
wallet_369,0.595256,Anomalous,5,Multiple strong behavioural indicators,high_transaction_count;activity_burst;repeated_relationships;high_sent_volume;incoming_outgoing_imbalance,Relatively high transaction activity compared with other wallets (transaction_count=96; above the population 90th percentile of 43.1). Many transactions concentrated within a short (1-hour) period (activity_burst=5; above the population 90th percentile of 2). Repeatedly transacts with the same counterparties more often than most wallets (repeated_connections=8; above the population 90th percentile of 7). Relatively high total BTC sent (total_sent_btc=8.78; above the population 90th percentile of 5.65). Strong incoming/outgoing imbalance: much more BTC sent than received (incoming_outgoing_ratio=0; population 10th percentile=0.217).
wallet_370,0.40319,Normal,0,No specific rule triggered,none,No behavioural rule was triggered for this wallet.
wallet_371,0.450956,Normal,2,Multiple behavioural indicators,repeated_relationships;high_sent_volume,Repeatedly transacts with the same counterparties more often than most wallets (repeated_connections=8; above the population 90th percentile of 7). Relatively high total BTC sent (total_sent_btc=13.6; above the population 90th percentile of 5.65).
wallet_372,0.357303,Normal,0,No specific rule triggered,none,No behavioural rule was triggered for this wallet.
wallet_373,0.473535,Normal,0,No specific rule triggered,none,No behavioural rule was triggered for this wallet.
wallet_374,0.375814,Normal,1,Single behavioural indicator,high_sent_volume,Relatively high total BTC sent (total_sent_btc=7.04; above the population 90th percentile of 5.65).
wallet_375,0.372381,Normal,0,No specific rule triggered,none,No behavioural rule was triggered for this wallet.
wallet_376,0.404556,Normal,2,Multiple behavioural indicators,high_transaction_count;high_received_volume,Relatively high transaction activity compared with other wallets (transaction_count=51; above the population 90th percentile of 43.1). Relatively high total BTC received (total_received_btc=5.79; above the population 90th percentile of 5.66).
wallet_377,0.398921,Normal,1,Single behavioural indicator,many_counterparties,Interacts with a relatively large number of distinct counterparty wallets (unique_counterparties=18; above the population 90th percentile of 17).
wallet_378,0.365539,Normal,0,No specific rule triggered,none,No behavioural rule was triggered for this wallet.
wallet_379,0.369649,Normal,0,No specific rule triggered,none,No behavioural rule was triggered for this wallet.
wallet_380,0.388123,Normal,0,No specific rule triggered,none,No behavioural rule was triggered for this wallet.
wallet_381,0.437272,Normal,1,Single behavioural indicator,long_dormancy,"Long inactivity period between consecutive transactions (dormant-period indicator, in hours) (dormancy_duration=2.28e+03; above the population 90th percentile of 2.24e+03)."
wallet_382,0.38668,Normal,0,No specific rule triggered,none,No behavioural rule was triggered for this wallet.
wallet_383,0.420394,Normal,1,Single behavioural indicator,high_sent_volume,Relatively high total BTC sent (total_sent_btc=8.45; above the population 90th percentile of 5.65).
wallet_384,0.358118,Normal,0,No specific rule triggered,none,No behavioural rule was triggered for this wallet.
wallet_385,0.355876,Normal,0,No specific rule triggered,none,No behavioural rule was triggered for this wallet.
wallet_386,0.411074,Normal,1,Single behavioural indicator,incoming_outgoing_imbalance,"Strong incoming/outgoing imbalance: much more BTC received than sent (incoming_outgoing_ratio=10.3, capped at 100; population 90th percentile=4.26)."
wallet_387,0.375699,Normal,1,Single behavioural indicator,incoming_outgoing_imbalance,Strong incoming/outgoing imbalance: much more BTC sent than received (incoming_outgoing_ratio=0.185; population 10th percentile=0.217).
wallet_388,0.378658,Normal,0,No specific rule triggered,none,No behavioural rule was triggered for this wallet.
wallet_389,0.439707,Normal,1,Single behavioural indicator,long_dormancy,"Long inactivity period between consecutive transactions (dormant-period indicator, in hours) (dormancy_duration=3.66e+03; above the population 90th percentile of 2.24e+03)."
wallet_390,0.431635,Normal,1,Single behavioural indicator,incoming_outgoing_imbalance,"Strong incoming/outgoing imbalance: much more BTC received than sent (incoming_outgoing_ratio=7.3, capped at 100; population 90th percentile=4.26)."
wallet_391,0.358564,Normal,0,No specific rule triggered,none,No behavioural rule was triggered for this wallet.
wallet_392,0.401422,Normal,3,Multiple behavioural indicators,fan_out;fan_in;many_counterparties,Funds are distributed across a relatively large number of outgoing connections (fan_out=13; above the population 90th percentile of 12). Funds are received through a relatively large number of incoming connections (fan_in=13; above the population 90th percentile of 12). Interacts with a relatively large number of distinct counterparty wallets (unique_counterparties=19; above the population 90th percentile of 17).
wallet_393,0.410905,Normal,4,Multiple strong behavioural indicators,high_transaction_count;fan_out;many_counterparties;high_received_volume,Relatively high transaction activity compared with other wallets (transaction_count=47; above the population 90th percentile of 43.1). Funds are distributed across a relatively large number of outgoing connections (fan_out=13; above the population 90th percentile of 12). Interacts with a relatively large number of distinct counterparty wallets (unique_counterparties=19; above the population 90th percentile of 17). Relatively high total BTC received (total_received_btc=6; above the population 90th percentile of 5.66).
wallet_394,0.356276,Normal,0,No specific rule triggered,none,No behavioural rule was triggered for this wallet.
wallet_395,0.4599,Normal,0,No specific rule triggered,none,No behavioural rule was triggered for this wallet.
wallet_396,0.39684,Normal,1,Single behavioural indicator,high_transaction_count,Relatively high transaction activity compared with other wallets (transaction_count=51; above the population 90th percentile of 43.1).
wallet_397,0.354004,Normal,0,No specific rule triggered,none,No behavioural rule was triggered for this wallet.
wallet_398,0.36132,Normal,0,No specific rule triggered,none,No behavioural rule was triggered for this wallet.
wallet_399,0.45401,Normal,0,No specific rule triggered,none,No behavioural rule was triggered for this wallet.
wallet_400,0.362311,Normal,0,No specific rule triggered,none,No behavioural rule was triggered for this wallet.
wallet_401,0.35555,Normal,0,No specific rule triggered,none,No behavioural rule was triggered for this wallet.
wallet_402,0.369384,Normal,0,No specific rule triggered,none,No behavioural rule was triggered for this wallet.
wallet_403,0.367373,Normal,0,No specific rule triggered,none,No behavioural rule was triggered for this wallet.
wallet_404,0.366313,Normal,0,No specific rule triggered,none,No behavioural rule was triggered for this wallet.
wallet_405,0.441058,Normal,3,Multiple behavioural indicators,high_transaction_count;many_counterparties;high_sent_volume,Relatively high transaction activity compared with other wallets (transaction_count=62; above the population 90th percentile of 43.1). Interacts with a relatively large number of distinct counterparty wallets (unique_counterparties=19; above the population 90th percentile of 17). Relatively high total BTC sent (total_sent_btc=6.05; above the population 90th percentile of 5.65).
wallet_406,0.425578,Normal,0,No specific rule triggered,none,No behavioural rule was triggered for this wallet.
wallet_407,0.364991,Normal,1,Single behavioural indicator,long_dormancy,"Long inactivity period between consecutive transactions (dormant-period indicator, in hours) (dormancy_duration=2.37e+03; above the population 90th percentile of 2.24e+03)."
wallet_408,0.363727,Normal,0,No specific rule triggered,none,No behavioural rule was triggered for this wallet.
wallet_409,0.454819,Normal,0,No specific rule triggered,none,No behavioural rule was triggered for this wallet.
wallet_410,0.360442,Normal,0,No specific rule triggered,none,No behavioural rule was triggered for this wallet.
