wallet_address,forensic_score,forensic_rule_count,forensic_evidence_level,forensic_triggered_rules,forensic_findings,ml_anomaly_score,ml_anomaly_prediction,combined_score,forensic_weight,ml_weight,valid,warnings,errors
wallet_001,0.0,0,No specific rule triggered,none,No behavioural rule was triggered for this wallet.,0.363548,Normal,0.218129,0.4,0.6,True,,
wallet_002,0.181818,2,Multiple behavioural indicators,long_dormancy;incoming_outgoing_imbalance,"Long inactivity period between consecutive transactions (dormant-period indicator, in hours) (dormancy_duration=4.06e+03; above the population 90th percentile of 2.21e+03). Strong incoming/outgoing imbalance: much more BTC received than sent (incoming_outgoing_ratio=100, capped at 100; population 90th percentile=4.26).",0.671791,Anomalous,0.475802,0.4,0.6,True,,
wallet_003,0.090909,1,Single behavioural indicator,incoming_outgoing_imbalance,"Strong incoming/outgoing imbalance: much more BTC received than sent (incoming_outgoing_ratio=11, capped at 100; population 90th percentile=4.26).",0.399085,Normal,0.275815,0.4,0.6,True,,
wallet_004,0.0,0,No specific rule triggered,none,No behavioural rule was triggered for this wallet.,0.368562,Normal,0.221137,0.4,0.6,True,,
wallet_005,0.181818,2,Multiple behavioural indicators,long_dormancy;incoming_outgoing_imbalance,"Long inactivity period between consecutive transactions (dormant-period indicator, in hours) (dormancy_duration=6.67e+03; above the population 90th percentile of 2.21e+03). Strong incoming/outgoing imbalance: much more BTC sent than received (incoming_outgoing_ratio=0.00591; population 10th percentile=0.217).",0.475552,Normal,0.358058,0.4,0.6,True,,
wallet_006,0.0,0,No specific rule triggered,none,No behavioural rule was triggered for this wallet.,0.369513,Normal,0.221708,0.4,0.6,True,,
wallet_007,0.0,0,No specific rule triggered,none,No behavioural rule was triggered for this wallet.,0.362378,Normal,0.217427,0.4,0.6,True,,
wallet_008,0.0,0,No specific rule triggered,none,No behavioural rule was triggered for this wallet.,0.363048,Normal,0.217829,0.4,0.6,True,,
wallet_009,0.090909,1,Single behavioural indicator,long_dormancy,"Long inactivity period between consecutive transactions (dormant-period indicator, in hours) (dormancy_duration=2.65e+03; above the population 90th percentile of 2.21e+03).",0.415415,Normal,0.285613,0.4,0.6,True,,
wallet_010,0.0,0,No specific rule triggered,none,No behavioural rule was triggered for this wallet.,0.369902,Normal,0.221941,0.4,0.6,True,,
wallet_011,0.090909,1,Single behavioural indicator,incoming_outgoing_imbalance,Strong incoming/outgoing imbalance: much more BTC sent than received (incoming_outgoing_ratio=0.125; population 10th percentile=0.217).,0.384551,Normal,0.267094,0.4,0.6,True,,
wallet_012,0.0,0,No specific rule triggered,none,No behavioural rule was triggered for this wallet.,0.462402,Normal,0.277441,0.4,0.6,True,,
wallet_013,0.090909,1,Single behavioural indicator,incoming_outgoing_imbalance,Strong incoming/outgoing imbalance: much more BTC sent than received (incoming_outgoing_ratio=0.217; population 10th percentile=0.217).,0.362114,Normal,0.253632,0.4,0.6,True,,
wallet_014,0.090909,1,Single behavioural indicator,incoming_outgoing_imbalance,Strong incoming/outgoing imbalance: much more BTC sent than received (incoming_outgoing_ratio=0.104; population 10th percentile=0.217).,0.452463,Normal,0.307841,0.4,0.6,True,,
wallet_015,0.181818,2,Multiple behavioural indicators,high_received_volume;incoming_outgoing_imbalance,"Relatively high total BTC received (total_received_btc=8.15; above the population 90th percentile of 5.66). Strong incoming/outgoing imbalance: much more BTC received than sent (incoming_outgoing_ratio=7.32, capped at 100; population 90th percentile=4.26).",0.420335,Normal,0.324928,0.4,0.6,True,,
wallet_016,0.090909,1,Single behavioural indicator,high_transaction_count,Relatively high transaction activity compared with other wallets (transaction_count=50; above the population 90th percentile of 43.1).,0.388597,Normal,0.269522,0.4,0.6,True,,
wallet_017,0.0,0,No specific rule triggered,none,No behavioural rule was triggered for this wallet.,0.384431,Normal,0.230659,0.4,0.6,True,,
wallet_018,0.090909,1,Single behavioural indicator,high_sent_volume,Relatively high total BTC sent (total_sent_btc=6.73; above the population 90th percentile of 5.65).,0.386811,Normal,0.26845,0.4,0.6,True,,
wallet_019,0.0,0,No specific rule triggered,none,No behavioural rule was triggered for this wallet.,0.440311,Normal,0.264187,0.4,0.6,True,,
wallet_020,0.181818,2,Multiple behavioural indicators,high_sent_volume;incoming_outgoing_imbalance,Relatively high total BTC sent (total_sent_btc=6.05; above the population 90th percentile of 5.65). Strong incoming/outgoing imbalance: much more BTC sent than received (incoming_outgoing_ratio=0.0235; population 10th percentile=0.217).,0.396705,Normal,0.31075,0.4,0.6,True,,
wallet_021,0.0,0,No specific rule triggered,none,No behavioural rule was triggered for this wallet.,0.380271,Normal,0.228163,0.4,0.6,True,,
wallet_022,0.181818,2,Multiple behavioural indicators,long_dormancy;incoming_outgoing_imbalance,"Long inactivity period between consecutive transactions (dormant-period indicator, in hours) (dormancy_duration=3.9e+03; above the population 90th percentile of 2.21e+03). Strong incoming/outgoing imbalance: much more BTC sent than received (incoming_outgoing_ratio=0; population 10th percentile=0.217).",0.580304,Anomalous,0.42091,0.4,0.6,True,,
wallet_023,0.0,0,No specific rule triggered,none,No behavioural rule was triggered for this wallet.,0.364086,Normal,0.218452,0.4,0.6,True,,
wallet_024,0.0,0,No specific rule triggered,none,No behavioural rule was triggered for this wallet.,0.432731,Normal,0.259639,0.4,0.6,True,,
wallet_025,0.090909,1,Single behavioural indicator,long_dormancy,"Long inactivity period between consecutive transactions (dormant-period indicator, in hours) (dormancy_duration=2.56e+03; above the population 90th percentile of 2.21e+03).",0.391343,Normal,0.271169,0.4,0.6,True,,
wallet_026,0.181818,2,Multiple behavioural indicators,activity_burst;fan_in,Many transactions concentrated within a short (1-hour) period (activity_burst=4; above the population 90th percentile of 2). Funds are received through a relatively large number of incoming connections (fan_in=13; above the population 90th percentile of 12).,0.475536,Normal,0.358049,0.4,0.6,True,,
wallet_027,0.0,0,No specific rule triggered,none,No behavioural rule was triggered for this wallet.,0.357806,Normal,0.214684,0.4,0.6,True,,
wallet_028,0.0,0,No specific rule triggered,none,No behavioural rule was triggered for this wallet.,0.439314,Normal,0.263588,0.4,0.6,True,,
wallet_029,0.0,0,No specific rule triggered,none,No behavioural rule was triggered for this wallet.,0.396018,Normal,0.237611,0.4,0.6,True,,
wallet_030,0.0,0,No specific rule triggered,none,No behavioural rule was triggered for this wallet.,0.375522,Normal,0.225313,0.4,0.6,True,,
wallet_031,0.0,0,No specific rule triggered,none,No behavioural rule was triggered for this wallet.,0.434742,Normal,0.260845,0.4,0.6,True,,
wallet_032,0.0,0,No specific rule triggered,none,No behavioural rule was triggered for this wallet.,0.393422,Normal,0.236053,0.4,0.6,True,,
wallet_033,0.181818,2,Multiple behavioural indicators,high_transaction_frequency;activity_burst,Relatively high transaction frequency (transactions per day) (transaction_frequency=79.3; above the population 90th percentile of 48). Many transactions concentrated within a short (1-hour) period (activity_burst=5; above the population 90th percentile of 2).,0.517713,Anomalous,0.383355,0.4,0.6,True,,
wallet_034,0.181818,2,Multiple behavioural indicators,high_received_volume;incoming_outgoing_imbalance,"Relatively high total BTC received (total_received_btc=11.3; above the population 90th percentile of 5.66). Strong incoming/outgoing imbalance: much more BTC received than sent (incoming_outgoing_ratio=9.65, capped at 100; population 90th percentile=4.26).",0.439135,Normal,0.336208,0.4,0.6,True,,
wallet_035,0.454545,5,Multiple strong behavioural indicators,high_transaction_frequency;activity_burst;fan_out;high_received_volume;high_sent_volume,Relatively high transaction frequency (transactions per day) (transaction_frequency=103; above the population 90th percentile of 48). Many transactions concentrated within a short (1-hour) period (activity_burst=6; above the population 90th percentile of 2). Funds are distributed across a relatively large number of outgoing connections (fan_out=13; above the population 90th percentile of 12). Relatively high total BTC received (total_received_btc=6.67; above the population 90th percentile of 5.66). Relatively high total BTC sent (total_sent_btc=6.65; above the population 90th percentile of 5.65).,0.548871,Anomalous,0.511141,0.4,0.6,True,,
wallet_036,0.0,0,No specific rule triggered,none,No behavioural rule was triggered for this wallet.,0.359363,Normal,0.215618,0.4,0.6,True,,
wallet_037,0.090909,1,Single behavioural indicator,fan_in,Funds are received through a relatively large number of incoming connections (fan_in=13; above the population 90th percentile of 12).,0.383551,Normal,0.266494,0.4,0.6,True,,
wallet_038,0.090909,1,Single behavioural indicator,incoming_outgoing_imbalance,Strong incoming/outgoing imbalance: much more BTC sent than received (incoming_outgoing_ratio=0.111; population 10th percentile=0.217).,0.382065,Normal,0.265603,0.4,0.6,True,,
wallet_039,0.090909,1,Single behavioural indicator,long_dormancy,"Long inactivity period between consecutive transactions (dormant-period indicator, in hours) (dormancy_duration=2.47e+03; above the population 90th percentile of 2.21e+03).",0.384701,Normal,0.267184,0.4,0.6,True,,
wallet_040,0.181818,2,Multiple behavioural indicators,high_received_volume;incoming_outgoing_imbalance,"Relatively high total BTC received (total_received_btc=6.56; above the population 90th percentile of 5.66). Strong incoming/outgoing imbalance: much more BTC received than sent (incoming_outgoing_ratio=7.1, capped at 100; population 90th percentile=4.26).",0.381901,Normal,0.301868,0.4,0.6,True,,
wallet_041,0.181818,2,Multiple behavioural indicators,high_transaction_count;repeated_relationships,Relatively high transaction activity compared with other wallets (transaction_count=50; above the population 90th percentile of 43.1). Repeatedly transacts with the same counterparties more often than most wallets (repeated_connections=9; above the population 90th percentile of 7).,0.406855,Normal,0.31684,0.4,0.6,True,,
wallet_042,0.0,0,No specific rule triggered,none,No behavioural rule was triggered for this wallet.,0.379777,Normal,0.227866,0.4,0.6,True,,
wallet_043,0.181818,2,Multiple behavioural indicators,fan_out;many_counterparties,Funds are distributed across a relatively large number of outgoing connections (fan_out=16; above the population 90th percentile of 12). Interacts with a relatively large number of distinct counterparty wallets (unique_counterparties=18; above the population 90th percentile of 17).,0.416523,Normal,0.322641,0.4,0.6,True,,
wallet_044,0.0,0,No specific rule triggered,none,No behavioural rule was triggered for this wallet.,0.482383,Normal,0.28943,0.4,0.6,True,,
wallet_045,0.090909,1,Single behavioural indicator,high_transaction_count,Relatively high transaction activity compared with other wallets (transaction_count=54; above the population 90th percentile of 43.1).,0.414429,Normal,0.285021,0.4,0.6,True,,
wallet_046,0.090909,1,Single behavioural indicator,fan_in,Funds are received through a relatively large number of incoming connections (fan_in=13; above the population 90th percentile of 12).,0.381077,Normal,0.26501,0.4,0.6,True,,
wallet_047,0.272727,3,Multiple behavioural indicators,high_transaction_count;fan_in;repeated_relationships,Relatively high transaction activity compared with other wallets (transaction_count=58; above the population 90th percentile of 43.1). Funds are received through a relatively large number of incoming connections (fan_in=15; above the population 90th percentile of 12). Repeatedly transacts with the same counterparties more often than most wallets (repeated_connections=8; above the population 90th percentile of 7).,0.452586,Normal,0.380642,0.4,0.6,True,,
wallet_048,0.090909,1,Single behavioural indicator,incoming_outgoing_imbalance,"Strong incoming/outgoing imbalance: much more BTC received than sent (incoming_outgoing_ratio=5.64, capped at 100; population 90th percentile=4.26).",0.381306,Normal,0.265147,0.4,0.6,True,,
wallet_049,0.272727,3,Multiple behavioural indicators,high_transaction_count;high_received_volume;high_sent_volume,Relatively high transaction activity compared with other wallets (transaction_count=54; above the population 90th percentile of 43.1). Relatively high total BTC received (total_received_btc=7.85; above the population 90th percentile of 5.66). Relatively high total BTC sent (total_sent_btc=6.33; above the population 90th percentile of 5.65).,0.439178,Normal,0.372598,0.4,0.6,True,,
wallet_050,0.0,0,No specific rule triggered,none,No behavioural rule was triggered for this wallet.,0.374317,Normal,0.22459,0.4,0.6,True,,
wallet_051,0.090909,1,Single behavioural indicator,high_transaction_count,Relatively high transaction activity compared with other wallets (transaction_count=54; above the population 90th percentile of 43.1).,0.409445,Normal,0.282031,0.4,0.6,True,,
wallet_052,0.0,0,No specific rule triggered,none,No behavioural rule was triggered for this wallet.,0.354042,Normal,0.212425,0.4,0.6,True,,
wallet_053,0.181818,2,Multiple behavioural indicators,long_dormancy;incoming_outgoing_imbalance,"Long inactivity period between consecutive transactions (dormant-period indicator, in hours) (dormancy_duration=3.12e+03; above the population 90th percentile of 2.21e+03). Strong incoming/outgoing imbalance: much more BTC received than sent (incoming_outgoing_ratio=41.8, capped at 100; population 90th percentile=4.26).",0.552405,Anomalous,0.40417,0.4,0.6,True,,
wallet_054,0.0,0,No specific rule triggered,none,No behavioural rule was triggered for this wallet.,0.388741,Normal,0.233245,0.4,0.6,True,,
wallet_055,0.0,0,No specific rule triggered,none,No behavioural rule was triggered for this wallet.,0.367857,Normal,0.220714,0.4,0.6,True,,
wallet_056,0.0,0,No specific rule triggered,none,No behavioural rule was triggered for this wallet.,0.373706,Normal,0.224224,0.4,0.6,True,,
wallet_057,0.090909,1,Single behavioural indicator,long_dormancy,"Long inactivity period between consecutive transactions (dormant-period indicator, in hours) (dormancy_duration=2.97e+03; above the population 90th percentile of 2.21e+03).",0.425667,Normal,0.291764,0.4,0.6,True,,
wallet_058,0.0,0,No specific rule triggered,none,No behavioural rule was triggered for this wallet.,0.44954,Normal,0.269724,0.4,0.6,True,,
wallet_059,0.0,0,No specific rule triggered,none,No behavioural rule was triggered for this wallet.,0.363056,Normal,0.217834,0.4,0.6,True,,
wallet_060,0.272727,3,Multiple behavioural indicators,activity_burst;fan_in;many_counterparties,Many transactions concentrated within a short (1-hour) period (activity_burst=4; above the population 90th percentile of 2). Funds are received through a relatively large number of incoming connections (fan_in=17; above the population 90th percentile of 12). Interacts with a relatively large number of distinct counterparty wallets (unique_counterparties=18; above the population 90th percentile of 17).,0.510143,Anomalous,0.415177,0.4,0.6,True,,
wallet_061,0.0,0,No specific rule triggered,none,No behavioural rule was triggered for this wallet.,0.387628,Normal,0.232577,0.4,0.6,True,,
wallet_062,0.0,0,No specific rule triggered,none,No behavioural rule was triggered for this wallet.,0.40706,Normal,0.244236,0.4,0.6,True,,
wallet_063,0.0,0,No specific rule triggered,none,No behavioural rule was triggered for this wallet.,0.395561,Normal,0.237337,0.4,0.6,True,,
wallet_064,0.0,0,No specific rule triggered,none,No behavioural rule was triggered for this wallet.,0.392788,Normal,0.235673,0.4,0.6,True,,
wallet_065,0.181818,2,Multiple behavioural indicators,high_sent_volume;incoming_outgoing_imbalance,Relatively high total BTC sent (total_sent_btc=7.22; above the population 90th percentile of 5.65). Strong incoming/outgoing imbalance: much more BTC sent than received (incoming_outgoing_ratio=0.154; population 10th percentile=0.217).,0.409633,Normal,0.318507,0.4,0.6,True,,
wallet_066,0.181818,2,Multiple behavioural indicators,long_dormancy;incoming_outgoing_imbalance,"Long inactivity period between consecutive transactions (dormant-period indicator, in hours) (dormancy_duration=7.02e+03; above the population 90th percentile of 2.21e+03). Strong incoming/outgoing imbalance: much more BTC sent than received (incoming_outgoing_ratio=0.0141; population 10th percentile=0.217).",0.476939,Normal,0.358891,0.4,0.6,True,,
wallet_067,0.181818,2,Multiple behavioural indicators,high_received_volume;high_sent_volume,Relatively high total BTC received (total_received_btc=7.81; above the population 90th percentile of 5.66). Relatively high total BTC sent (total_sent_btc=7.76; above the population 90th percentile of 5.65).,0.54444,Anomalous,0.399391,0.4,0.6,True,,
wallet_068,0.363636,4,Multiple strong behavioural indicators,high_transaction_count;repeated_relationships;high_received_volume;high_sent_volume,Relatively high transaction activity compared with other wallets (transaction_count=63; above the population 90th percentile of 43.1). Repeatedly transacts with the same counterparties more often than most wallets (repeated_connections=8; above the population 90th percentile of 7). Relatively high total BTC received (total_received_btc=7.33; above the population 90th percentile of 5.66). Relatively high total BTC sent (total_sent_btc=16.9; above the population 90th percentile of 5.65).,0.523126,Anomalous,0.45933,0.4,0.6,True,,
wallet_069,0.454545,5,Multiple strong behavioural indicators,high_transaction_count;fan_out;many_counterparties;repeated_relationships;high_received_volume,Relatively high transaction activity compared with other wallets (transaction_count=56; above the population 90th percentile of 43.1). Funds are distributed across a relatively large number of outgoing connections (fan_out=13; above the population 90th percentile of 12). Interacts with a relatively large number of distinct counterparty wallets (unique_counterparties=18; above the population 90th percentile of 17). Repeatedly transacts with the same counterparties more often than most wallets (repeated_connections=8; above the population 90th percentile of 7). Relatively high total BTC received (total_received_btc=6.5; above the population 90th percentile of 5.66).,0.428758,Normal,0.439073,0.4,0.6,True,,
wallet_070,0.0,0,No specific rule triggered,none,No behavioural rule was triggered for this wallet.,0.369168,Normal,0.221501,0.4,0.6,True,,
wallet_071,0.0,0,No specific rule triggered,none,No behavioural rule was triggered for this wallet.,0.348638,Normal,0.209183,0.4,0.6,True,,
wallet_072,0.181818,2,Multiple behavioural indicators,high_received_volume;high_sent_volume,Relatively high total BTC received (total_received_btc=10.1; above the population 90th percentile of 5.66). Relatively high total BTC sent (total_sent_btc=7.41; above the population 90th percentile of 5.65).,0.429743,Normal,0.330573,0.4,0.6,True,,
wallet_073,0.090909,1,Single behavioural indicator,long_dormancy,"Long inactivity period between consecutive transactions (dormant-period indicator, in hours) (dormancy_duration=3.2e+03; above the population 90th percentile of 2.21e+03).",0.401791,Normal,0.277438,0.4,0.6,True,,
wallet_074,0.0,0,No specific rule triggered,none,No behavioural rule was triggered for this wallet.,0.362375,Normal,0.217425,0.4,0.6,True,,
wallet_075,0.272727,3,Multiple behavioural indicators,high_transaction_frequency;activity_burst;fan_out,Relatively high transaction frequency (transactions per day) (transaction_frequency=81.9; above the population 90th percentile of 48). Many transactions concentrated within a short (1-hour) period (activity_burst=5; above the population 90th percentile of 2). Funds are distributed across a relatively large number of outgoing connections (fan_out=15; above the population 90th percentile of 12).,0.519761,Anomalous,0.420947,0.4,0.6,True,,
wallet_076,0.090909,1,Single behavioural indicator,high_transaction_count,Relatively high transaction activity compared with other wallets (transaction_count=44; above the population 90th percentile of 43.1).,0.381515,Normal,0.265273,0.4,0.6,True,,
wallet_077,0.0,0,No specific rule triggered,none,No behavioural rule was triggered for this wallet.,0.432349,Normal,0.259409,0.4,0.6,True,,
wallet_078,0.363636,4,Multiple strong behavioural indicators,high_transaction_count;fan_out;repeated_relationships;high_received_volume,Relatively high transaction activity compared with other wallets (transaction_count=64; above the population 90th percentile of 43.1). Funds are distributed across a relatively large number of outgoing connections (fan_out=13; above the population 90th percentile of 12). Repeatedly transacts with the same counterparties more often than most wallets (repeated_connections=8; above the population 90th percentile of 7). Relatively high total BTC received (total_received_btc=8.59; above the population 90th percentile of 5.66).,0.463294,Normal,0.423431,0.4,0.6,True,,
wallet_079,0.0,0,No specific rule triggered,none,No behavioural rule was triggered for this wallet.,0.43912,Normal,0.263472,0.4,0.6,True,,
wallet_080,0.0,0,No specific rule triggered,none,No behavioural rule was triggered for this wallet.,0.472829,Normal,0.283697,0.4,0.6,True,,
wallet_081,0.272727,3,Multiple behavioural indicators,high_transaction_frequency;activity_burst;fan_in,Relatively high transaction frequency (transactions per day) (transaction_frequency=50.6; above the population 90th percentile of 48). Many transactions concentrated within a short (1-hour) period (activity_burst=5; above the population 90th percentile of 2). Funds are received through a relatively large number of incoming connections (fan_in=15; above the population 90th percentile of 12).,0.514689,Anomalous,0.417904,0.4,0.6,True,,
wallet_082,0.0,0,No specific rule triggered,none,No behavioural rule was triggered for this wallet.,0.370588,Normal,0.222353,0.4,0.6,True,,
wallet_083,0.090909,1,Single behavioural indicator,incoming_outgoing_imbalance,"Strong incoming/outgoing imbalance: much more BTC received than sent (incoming_outgoing_ratio=37.3, capped at 100; population 90th percentile=4.26).",0.470824,Normal,0.318858,0.4,0.6,True,,
wallet_084,0.272727,3,Multiple behavioural indicators,long_dormancy;high_sent_volume;incoming_outgoing_imbalance,"Long inactivity period between consecutive transactions (dormant-period indicator, in hours) (dormancy_duration=6.93e+03; above the population 90th percentile of 2.21e+03). Relatively high total BTC sent (total_sent_btc=6.55; above the population 90th percentile of 5.65). Strong incoming/outgoing imbalance: much more BTC sent than received (incoming_outgoing_ratio=0.00813; population 10th percentile=0.217).",0.482132,Normal,0.39837,0.4,0.6,True,,
wallet_085,0.090909,1,Single behavioural indicator,incoming_outgoing_imbalance,Strong incoming/outgoing imbalance: much more BTC sent than received (incoming_outgoing_ratio=0.168; population 10th percentile=0.217).,0.386911,Normal,0.26851,0.4,0.6,True,,
wallet_086,0.0,0,No specific rule triggered,none,No behavioural rule was triggered for this wallet.,0.375179,Normal,0.225107,0.4,0.6,True,,
wallet_087,0.181818,2,Multiple behavioural indicators,activity_burst;many_counterparties,Many transactions concentrated within a short (1-hour) period (activity_burst=12; above the population 90th percentile of 2). Interacts with a relatively large number of distinct counterparty wallets (unique_counterparties=19; above the population 90th percentile of 17).,0.465928,Normal,0.352284,0.4,0.6,True,,
wallet_088,0.0,0,No specific rule triggered,none,No behavioural rule was triggered for this wallet.,0.366689,Normal,0.220013,0.4,0.6,True,,
wallet_089,0.181818,2,Multiple behavioural indicators,high_received_volume;incoming_outgoing_imbalance,"Relatively high total BTC received (total_received_btc=6.87; above the population 90th percentile of 5.66). Strong incoming/outgoing imbalance: much more BTC received than sent (incoming_outgoing_ratio=6.61, capped at 100; population 90th percentile=4.26).",0.418322,Normal,0.32372,0.4,0.6,True,,
wallet_090,0.090909,1,Single behavioural indicator,many_counterparties,Interacts with a relatively large number of distinct counterparty wallets (unique_counterparties=18; above the population 90th percentile of 17).,0.364003,Normal,0.254765,0.4,0.6,True,,
wallet_091,0.090909,1,Single behavioural indicator,repeated_relationships,Repeatedly transacts with the same counterparties more often than most wallets (repeated_connections=10; above the population 90th percentile of 7).,0.417444,Normal,0.28683,0.4,0.6,True,,
wallet_092,0.0,0,No specific rule triggered,none,No behavioural rule was triggered for this wallet.,0.459791,Normal,0.275875,0.4,0.6,True,,
wallet_093,0.181818,2,Multiple behavioural indicators,high_received_volume;incoming_outgoing_imbalance,"Relatively high total BTC received (total_received_btc=6.72; above the population 90th percentile of 5.66). Strong incoming/outgoing imbalance: much more BTC received than sent (incoming_outgoing_ratio=6.6, capped at 100; population 90th percentile=4.26).",0.398275,Normal,0.311692,0.4,0.6,True,,
wallet_094,0.0,0,No specific rule triggered,none,No behavioural rule was triggered for this wallet.,0.375455,Normal,0.225273,0.4,0.6,True,,
wallet_095,0.0,0,No specific rule triggered,none,No behavioural rule was triggered for this wallet.,0.373939,Normal,0.224363,0.4,0.6,True,,
wallet_096,0.0,0,No specific rule triggered,none,No behavioural rule was triggered for this wallet.,0.458974,Normal,0.275384,0.4,0.6,True,,
wallet_097,0.090909,1,Single behavioural indicator,high_transaction_count,Relatively high transaction activity compared with other wallets (transaction_count=47; above the population 90th percentile of 43.1).,0.386652,Normal,0.268355,0.4,0.6,True,,
wallet_098,0.363636,4,Multiple strong behavioural indicators,activity_burst;long_dormancy;high_sent_volume;incoming_outgoing_imbalance,"Many transactions concentrated within a short (1-hour) period (activity_burst=3; above the population 90th percentile of 2). Long inactivity period between consecutive transactions (dormant-period indicator, in hours) (dormancy_duration=7.49e+03; above the population 90th percentile of 2.21e+03). Relatively high total BTC sent (total_sent_btc=6.07; above the population 90th percentile of 5.65). Strong incoming/outgoing imbalance: much more BTC sent than received (incoming_outgoing_ratio=0; population 10th percentile=0.217).",0.52148,Anomalous,0.458342,0.4,0.6,True,,
wallet_099,0.0,0,No specific rule triggered,none,No behavioural rule was triggered for this wallet.,0.371606,Normal,0.222964,0.4,0.6,True,,
wallet_100,0.454545,5,Multiple strong behavioural indicators,high_transaction_count;fan_out;many_counterparties;repeated_relationships;high_received_volume,Relatively high transaction activity compared with other wallets (transaction_count=60; above the population 90th percentile of 43.1). Funds are distributed across a relatively large number of outgoing connections (fan_out=14; above the population 90th percentile of 12). Interacts with a relatively large number of distinct counterparty wallets (unique_counterparties=18; above the population 90th percentile of 17). Repeatedly transacts with the same counterparties more often than most wallets (repeated_connections=10; above the population 90th percentile of 7). Relatively high total BTC received (total_received_btc=11; above the population 90th percentile of 5.66).,0.48502,Normal,0.47283,0.4,0.6,True,,
wallet_101,0.272727,3,Multiple behavioural indicators,high_transaction_frequency;activity_burst;fan_in,Relatively high transaction frequency (transactions per day) (transaction_frequency=48.1; above the population 90th percentile of 48). Many transactions concentrated within a short (1-hour) period (activity_burst=4; above the population 90th percentile of 2). Funds are received through a relatively large number of incoming connections (fan_in=15; above the population 90th percentile of 12).,0.507366,Anomalous,0.41351,0.4,0.6,True,,
wallet_102,0.0,0,No specific rule triggered,none,No behavioural rule was triggered for this wallet.,0.397207,Normal,0.238324,0.4,0.6,True,,
wallet_103,0.181818,2,Multiple behavioural indicators,high_received_volume;high_sent_volume,Relatively high total BTC received (total_received_btc=6.13; above the population 90th percentile of 5.66). Relatively high total BTC sent (total_sent_btc=6.05; above the population 90th percentile of 5.65).,0.503835,Anomalous,0.375028,0.4,0.6,True,,
wallet_104,0.454545,5,Multiple strong behavioural indicators,high_transaction_count;fan_in;many_counterparties;repeated_relationships;high_received_volume,Relatively high transaction activity compared with other wallets (transaction_count=49; above the population 90th percentile of 43.1). Funds are received through a relatively large number of incoming connections (fan_in=13; above the population 90th percentile of 12). Interacts with a relatively large number of distinct counterparty wallets (unique_counterparties=20; above the population 90th percentile of 17). Repeatedly transacts with the same counterparties more often than most wallets (repeated_connections=9; above the population 90th percentile of 7). Relatively high total BTC received (total_received_btc=6.4; above the population 90th percentile of 5.66).,0.44382,Normal,0.44811,0.4,0.6,True,,
wallet_105,0.090909,1,Single behavioural indicator,fan_in,Funds are received through a relatively large number of incoming connections (fan_in=13; above the population 90th percentile of 12).,0.380712,Normal,0.264791,0.4,0.6,True,,
wallet_106,0.090909,1,Single behavioural indicator,long_dormancy,"Long inactivity period between consecutive transactions (dormant-period indicator, in hours) (dormancy_duration=3.64e+03; above the population 90th percentile of 2.21e+03).",0.468479,Normal,0.317451,0.4,0.6,True,,
wallet_107,0.363636,4,Multiple strong behavioural indicators,activity_burst;fan_out;fan_in;many_counterparties,Many transactions concentrated within a short (1-hour) period (activity_burst=12; above the population 90th percentile of 2). Funds are distributed across a relatively large number of outgoing connections (fan_out=15; above the population 90th percentile of 12). Funds are received through a relatively large number of incoming connections (fan_in=13; above the population 90th percentile of 12). Interacts with a relatively large number of distinct counterparty wallets (unique_counterparties=23; above the population 90th percentile of 17).,0.508116,Anomalous,0.450324,0.4,0.6,True,,
wallet_108,0.181818,2,Multiple behavioural indicators,high_received_volume;high_sent_volume,Relatively high total BTC received (total_received_btc=6.65; above the population 90th percentile of 5.66). Relatively high total BTC sent (total_sent_btc=6.46; above the population 90th percentile of 5.65).,0.53751,Anomalous,0.395233,0.4,0.6,True,,
wallet_109,0.090909,1,Single behavioural indicator,incoming_outgoing_imbalance,"Strong incoming/outgoing imbalance: much more BTC received than sent (incoming_outgoing_ratio=6.18, capped at 100; population 90th percentile=4.26).",0.37949,Normal,0.264058,0.4,0.6,True,,
wallet_110,0.0,0,No specific rule triggered,none,No behavioural rule was triggered for this wallet.,0.389508,Normal,0.233705,0.4,0.6,True,,
wallet_111,0.0,0,No specific rule triggered,none,No behavioural rule was triggered for this wallet.,0.376793,Normal,0.226076,0.4,0.6,True,,
wallet_112,0.0,0,No specific rule triggered,none,No behavioural rule was triggered for this wallet.,0.361472,Normal,0.216883,0.4,0.6,True,,
wallet_113,0.181818,2,Multiple behavioural indicators,high_sent_volume;incoming_outgoing_imbalance,Relatively high total BTC sent (total_sent_btc=6.54; above the population 90th percentile of 5.65). Strong incoming/outgoing imbalance: much more BTC sent than received (incoming_outgoing_ratio=0.187; population 10th percentile=0.217).,0.40924,Normal,0.318271,0.4,0.6,True,,
wallet_114,0.090909,1,Single behavioural indicator,long_dormancy,"Long inactivity period between consecutive transactions (dormant-period indicator, in hours) (dormancy_duration=3.53e+03; above the population 90th percentile of 2.21e+03).",0.458643,Normal,0.311549,0.4,0.6,True,,
wallet_115,0.0,0,No specific rule triggered,none,No behavioural rule was triggered for this wallet.,0.430215,Normal,0.258129,0.4,0.6,True,,
wallet_116,0.0,0,No specific rule triggered,none,No behavioural rule was triggered for this wallet.,0.38476,Normal,0.230856,0.4,0.6,True,,
wallet_117,0.090909,1,Single behavioural indicator,long_dormancy,"Long inactivity period between consecutive transactions (dormant-period indicator, in hours) (dormancy_duration=2.9e+03; above the population 90th percentile of 2.21e+03).",0.402808,Normal,0.278048,0.4,0.6,True,,
wallet_118,0.0,0,No specific rule triggered,none,No behavioural rule was triggered for this wallet.,0.373063,Normal,0.223838,0.4,0.6,True,,
wallet_119,0.090909,1,Single behavioural indicator,high_transaction_count,Relatively high transaction activity compared with other wallets (transaction_count=49; above the population 90th percentile of 43.1).,0.387682,Normal,0.268973,0.4,0.6,True,,
wallet_120,0.0,0,No specific rule triggered,none,No behavioural rule was triggered for this wallet.,0.43143,Normal,0.258858,0.4,0.6,True,,
wallet_121,0.090909,1,Single behavioural indicator,incoming_outgoing_imbalance,Strong incoming/outgoing imbalance: much more BTC sent than received (incoming_outgoing_ratio=0.208; population 10th percentile=0.217).,0.364126,Normal,0.254839,0.4,0.6,True,,
wallet_122,0.0,0,No specific rule triggered,none,No behavioural rule was triggered for this wallet.,0.359,Normal,0.2154,0.4,0.6,True,,
wallet_123,0.0,0,No specific rule triggered,none,No behavioural rule was triggered for this wallet.,0.376591,Normal,0.225955,0.4,0.6,True,,
wallet_124,0.0,0,No specific rule triggered,none,No behavioural rule was triggered for this wallet.,0.358987,Normal,0.215392,0.4,0.6,True,,
wallet_125,0.090909,1,Single behavioural indicator,incoming_outgoing_imbalance,"Strong incoming/outgoing imbalance: much more BTC received than sent (incoming_outgoing_ratio=25.1, capped at 100; population 90th percentile=4.26).",0.492975,Anomalous,0.332149,0.4,0.6,True,,
wallet_126,0.0,0,No specific rule triggered,none,No behavioural rule was triggered for this wallet.,0.371908,Normal,0.223145,0.4,0.6,True,,
wallet_127,0.090909,1,Single behavioural indicator,incoming_outgoing_imbalance,"Strong incoming/outgoing imbalance: much more BTC received than sent (incoming_outgoing_ratio=10.6, capped at 100; population 90th percentile=4.26).",0.409283,Normal,0.281933,0.4,0.6,True,,
wallet_128,0.0,0,No specific rule triggered,none,No behavioural rule was triggered for this wallet.,0.36563,Normal,0.219378,0.4,0.6,True,,
wallet_129,0.272727,3,Multiple behavioural indicators,fan_out;many_counterparties;repeated_relationships,Funds are distributed across a relatively large number of outgoing connections (fan_out=15; above the population 90th percentile of 12). Interacts with a relatively large number of distinct counterparty wallets (unique_counterparties=20; above the population 90th percentile of 17). Repeatedly transacts with the same counterparties more often than most wallets (repeated_connections=9; above the population 90th percentile of 7).,0.429796,Normal,0.366968,0.4,0.6,True,,
wallet_130,0.090909,1,Single behavioural indicator,incoming_outgoing_imbalance,Strong incoming/outgoing imbalance: much more BTC sent than received (incoming_outgoing_ratio=0.0893; population 10th percentile=0.217).,0.400556,Normal,0.276697,0.4,0.6,True,,
wallet_131,0.181818,2,Multiple behavioural indicators,high_sent_volume;incoming_outgoing_imbalance,Relatively high total BTC sent (total_sent_btc=9.28; above the population 90th percentile of 5.65). Strong incoming/outgoing imbalance: much more BTC sent than received (incoming_outgoing_ratio=0.138; population 10th percentile=0.217).,0.395862,Normal,0.310244,0.4,0.6,True,,
wallet_132,0.0,0,No specific rule triggered,none,No behavioural rule was triggered for this wallet.,0.362643,Normal,0.217586,0.4,0.6,True,,
wallet_133,0.181818,2,Multiple behavioural indicators,fan_in;many_counterparties,Funds are received through a relatively large number of incoming connections (fan_in=15; above the population 90th percentile of 12). Interacts with a relatively large number of distinct counterparty wallets (unique_counterparties=21; above the population 90th percentile of 17).,0.410638,Normal,0.31911,0.4,0.6,True,,
wallet_134,0.0,0,No specific rule triggered,none,No behavioural rule was triggered for this wallet.,0.47931,Normal,0.287586,0.4,0.6,True,,
wallet_135,0.090909,1,Single behavioural indicator,long_dormancy,"Long inactivity period between consecutive transactions (dormant-period indicator, in hours) (dormancy_duration=4.91e+03; above the population 90th percentile of 2.21e+03).",0.430968,Normal,0.294944,0.4,0.6,True,,
wallet_136,0.0,0,No specific rule triggered,none,No behavioural rule was triggered for this wallet.,0.489156,Normal,0.293494,0.4,0.6,True,,
wallet_137,0.0,0,No specific rule triggered,none,No behavioural rule was triggered for this wallet.,0.369667,Normal,0.2218,0.4,0.6,True,,
wallet_138,0.0,0,No specific rule triggered,none,No behavioural rule was triggered for this wallet.,0.449889,Normal,0.269933,0.4,0.6,True,,
wallet_139,0.0,0,No specific rule triggered,none,No behavioural rule was triggered for this wallet.,0.388506,Normal,0.233104,0.4,0.6,True,,
wallet_140,0.363636,4,Multiple strong behavioural indicators,fan_out;many_counterparties;repeated_relationships;high_sent_volume,Funds are distributed across a relatively large number of outgoing connections (fan_out=15; above the population 90th percentile of 12). Interacts with a relatively large number of distinct counterparty wallets (unique_counterparties=20; above the population 90th percentile of 17). Repeatedly transacts with the same counterparties more often than most wallets (repeated_connections=8; above the population 90th percentile of 7). Relatively high total BTC sent (total_sent_btc=8.63; above the population 90th percentile of 5.65).,0.431035,Normal,0.404075,0.4,0.6,True,,
wallet_141,0.0,0,No specific rule triggered,none,No behavioural rule was triggered for this wallet.,0.475799,Normal,0.285479,0.4,0.6,True,,
wallet_142,0.181818,2,Multiple behavioural indicators,high_transaction_count;repeated_relationships,Relatively high transaction activity compared with other wallets (transaction_count=53; above the population 90th percentile of 43.1). Repeatedly transacts with the same counterparties more often than most wallets (repeated_connections=10; above the population 90th percentile of 7).,0.429362,Normal,0.330344,0.4,0.6,True,,
wallet_143,0.0,0,No specific rule triggered,none,No behavioural rule was triggered for this wallet.,0.367403,Normal,0.220442,0.4,0.6,True,,
wallet_144,0.090909,1,Single behavioural indicator,incoming_outgoing_imbalance,"Strong incoming/outgoing imbalance: much more BTC received than sent (incoming_outgoing_ratio=4.54, capped at 100; population 90th percentile=4.26).",0.47162,Normal,0.319336,0.4,0.6,True,,
wallet_145,0.0,0,No specific rule triggered,none,No behavioural rule was triggered for this wallet.,0.375376,Normal,0.225226,0.4,0.6,True,,
wallet_146,0.545455,6,Multiple strong behavioural indicators,high_transaction_count;fan_in;many_counterparties;repeated_relationships;high_received_volume;incoming_outgoing_imbalance,"Relatively high transaction activity compared with other wallets (transaction_count=100; above the population 90th percentile of 43.1). Funds are received through a relatively large number of incoming connections (fan_in=81; above the population 90th percentile of 12). Interacts with a relatively large number of distinct counterparty wallets (unique_counterparties=81; above the population 90th percentile of 17). Repeatedly transacts with the same counterparties more often than most wallets (repeated_connections=18; above the population 90th percentile of 7). Relatively high total BTC received (total_received_btc=8.35; above the population 90th percentile of 5.66). Strong incoming/outgoing imbalance: much more BTC received than sent (incoming_outgoing_ratio=100, capped at 100; population 90th percentile=4.26).",0.756726,Anomalous,0.672218,0.4,0.6,True,,
wallet_147,0.272727,3,Multiple behavioural indicators,fan_out;many_counterparties;repeated_relationships,Funds are distributed across a relatively large number of outgoing connections (fan_out=16; above the population 90th percentile of 12). Interacts with a relatively large number of distinct counterparty wallets (unique_counterparties=21; above the population 90th percentile of 17). Repeatedly transacts with the same counterparties more often than most wallets (repeated_connections=9; above the population 90th percentile of 7).,0.429143,Normal,0.366577,0.4,0.6,True,,
wallet_148,0.0,0,No specific rule triggered,none,No behavioural rule was triggered for this wallet.,0.426401,Normal,0.255841,0.4,0.6,True,,
wallet_149,0.0,0,No specific rule triggered,none,No behavioural rule was triggered for this wallet.,0.371475,Normal,0.222885,0.4,0.6,True,,
wallet_150,0.272727,3,Multiple behavioural indicators,activity_burst;long_dormancy;incoming_outgoing_imbalance,"Many transactions concentrated within a short (1-hour) period (activity_burst=3; above the population 90th percentile of 2). Long inactivity period between consecutive transactions (dormant-period indicator, in hours) (dormancy_duration=6.65e+03; above the population 90th percentile of 2.21e+03). Strong incoming/outgoing imbalance: much more BTC sent than received (incoming_outgoing_ratio=0.00792; population 10th percentile=0.217).",0.48323,Normal,0.399029,0.4,0.6,True,,
wallet_151,0.090909,1,Single behavioural indicator,long_dormancy,"Long inactivity period between consecutive transactions (dormant-period indicator, in hours) (dormancy_duration=2.56e+03; above the population 90th percentile of 2.21e+03).",0.378719,Normal,0.263595,0.4,0.6,True,,
wallet_152,0.545455,6,Multiple strong behavioural indicators,high_transaction_count;fan_in;many_counterparties;repeated_relationships;high_received_volume;incoming_outgoing_imbalance,"Relatively high transaction activity compared with other wallets (transaction_count=100; above the population 90th percentile of 43.1). Funds are received through a relatively large number of incoming connections (fan_in=78; above the population 90th percentile of 12). Interacts with a relatively large number of distinct counterparty wallets (unique_counterparties=78; above the population 90th percentile of 17). Repeatedly transacts with the same counterparties more often than most wallets (repeated_connections=17; above the population 90th percentile of 7). Relatively high total BTC received (total_received_btc=7.1; above the population 90th percentile of 5.66). Strong incoming/outgoing imbalance: much more BTC received than sent (incoming_outgoing_ratio=100, capped at 100; population 90th percentile=4.26).",0.754171,Anomalous,0.670685,0.4,0.6,True,,
wallet_153,0.181818,2,Multiple behavioural indicators,high_sent_volume;incoming_outgoing_imbalance,Relatively high total BTC sent (total_sent_btc=10.2; above the population 90th percentile of 5.65). Strong incoming/outgoing imbalance: much more BTC sent than received (incoming_outgoing_ratio=0.0712; population 10th percentile=0.217).,0.416329,Normal,0.322525,0.4,0.6,True,,
wallet_154,0.0,0,No specific rule triggered,none,No behavioural rule was triggered for this wallet.,0.461348,Normal,0.276809,0.4,0.6,True,,
wallet_155,0.272727,3,Multiple behavioural indicators,activity_burst;long_dormancy;incoming_outgoing_imbalance,"Many transactions concentrated within a short (1-hour) period (activity_burst=3; above the population 90th percentile of 2). Long inactivity period between consecutive transactions (dormant-period indicator, in hours) (dormancy_duration=6.69e+03; above the population 90th percentile of 2.21e+03). Strong incoming/outgoing imbalance: much more BTC sent than received (incoming_outgoing_ratio=0.0333; population 10th percentile=0.217).",0.478885,Normal,0.396422,0.4,0.6,True,,
wallet_156,0.0,0,No specific rule triggered,none,No behavioural rule was triggered for this wallet.,0.378811,Normal,0.227287,0.4,0.6,True,,
wallet_157,0.181818,2,Multiple behavioural indicators,high_received_volume;high_sent_volume,Relatively high total BTC received (total_received_btc=6.46; above the population 90th percentile of 5.66). Relatively high total BTC sent (total_sent_btc=6.39; above the population 90th percentile of 5.65).,0.491561,Anomalous,0.367664,0.4,0.6,True,,
wallet_158,0.0,0,No specific rule triggered,none,No behavioural rule was triggered for this wallet.,0.371213,Normal,0.222728,0.4,0.6,True,,
wallet_159,0.363636,4,Multiple strong behavioural indicators,high_transaction_count;fan_out;many_counterparties;repeated_relationships,Relatively high transaction activity compared with other wallets (transaction_count=45; above the population 90th percentile of 43.1). Funds are distributed across a relatively large number of outgoing connections (fan_out=15; above the population 90th percentile of 12). Interacts with a relatively large number of distinct counterparty wallets (unique_counterparties=21; above the population 90th percentile of 17). Repeatedly transacts with the same counterparties more often than most wallets (repeated_connections=10; above the population 90th percentile of 7).,0.429475,Normal,0.403139,0.4,0.6,True,,
wallet_160,0.181818,2,Multiple behavioural indicators,high_sent_volume;incoming_outgoing_imbalance,Relatively high total BTC sent (total_sent_btc=8.99; above the population 90th percentile of 5.65). Strong incoming/outgoing imbalance: much more BTC sent than received (incoming_outgoing_ratio=0.044; population 10th percentile=0.217).,0.400052,Normal,0.312758,0.4,0.6,True,,
wallet_161,0.090909,1,Single behavioural indicator,incoming_outgoing_imbalance,Strong incoming/outgoing imbalance: much more BTC sent than received (incoming_outgoing_ratio=0.0959; population 10th percentile=0.217).,0.39875,Normal,0.275614,0.4,0.6,True,,
wallet_162,0.0,0,No specific rule triggered,none,No behavioural rule was triggered for this wallet.,0.368347,Normal,0.221008,0.4,0.6,True,,
wallet_163,0.0,0,No specific rule triggered,none,No behavioural rule was triggered for this wallet.,0.364932,Normal,0.218959,0.4,0.6,True,,
wallet_164,0.0,0,No specific rule triggered,none,No behavioural rule was triggered for this wallet.,0.376368,Normal,0.225821,0.4,0.6,True,,
wallet_165,0.272727,3,Multiple behavioural indicators,activity_burst;fan_out;many_counterparties,Many transactions concentrated within a short (1-hour) period (activity_burst=13; above the population 90th percentile of 2). Funds are distributed across a relatively large number of outgoing connections (fan_out=19; above the population 90th percentile of 12). Interacts with a relatively large number of distinct counterparty wallets (unique_counterparties=23; above the population 90th percentile of 17).,0.5164,Anomalous,0.418931,0.4,0.6,True,,
wallet_166,0.0,0,No specific rule triggered,none,No behavioural rule was triggered for this wallet.,0.372909,Normal,0.223745,0.4,0.6,True,,
wallet_167,0.090909,1,Single behavioural indicator,incoming_outgoing_imbalance,Strong incoming/outgoing imbalance: much more BTC sent than received (incoming_outgoing_ratio=0.128; population 10th percentile=0.217).,0.384158,Normal,0.266858,0.4,0.6,True,,
wallet_168,0.0,0,No specific rule triggered,none,No behavioural rule was triggered for this wallet.,0.371111,Normal,0.222667,0.4,0.6,True,,
wallet_169,0.363636,4,Multiple strong behavioural indicators,high_transaction_count;fan_out;fan_in;many_counterparties,Relatively high transaction activity compared with other wallets (transaction_count=101; above the population 90th percentile of 43.1). Funds are distributed across a relatively large number of outgoing connections (fan_out=14; above the population 90th percentile of 12). Funds are received through a relatively large number of incoming connections (fan_in=23; above the population 90th percentile of 12). Interacts with a relatively large number of distinct counterparty wallets (unique_counterparties=31; above the population 90th percentile of 17).,0.593144,Anomalous,0.501341,0.4,0.6,True,,
wallet_170,0.181818,2,Multiple behavioural indicators,fan_out;high_sent_volume,Funds are distributed across a relatively large number of outgoing connections (fan_out=13; above the population 90th percentile of 12). Relatively high total BTC sent (total_sent_btc=10.3; above the population 90th percentile of 5.65).,0.436998,Normal,0.334926,0.4,0.6,True,,
wallet_171,0.0,0,No specific rule triggered,none,No behavioural rule was triggered for this wallet.,0.43527,Normal,0.261162,0.4,0.6,True,,
wallet_172,0.181818,2,Multiple behavioural indicators,long_dormancy;incoming_outgoing_imbalance,"Long inactivity period between consecutive transactions (dormant-period indicator, in hours) (dormancy_duration=3.36e+03; above the population 90th percentile of 2.21e+03). Strong incoming/outgoing imbalance: much more BTC received than sent (incoming_outgoing_ratio=5.74, capped at 100; population 90th percentile=4.26).",0.460839,Normal,0.349231,0.4,0.6,True,,
wallet_173,0.363636,4,Multiple strong behavioural indicators,activity_burst;fan_out;fan_in;many_counterparties,Many transactions concentrated within a short (1-hour) period (activity_burst=13; above the population 90th percentile of 2). Funds are distributed across a relatively large number of outgoing connections (fan_out=20; above the population 90th percentile of 12). Funds are received through a relatively large number of incoming connections (fan_in=14; above the population 90th percentile of 12). Interacts with a relatively large number of distinct counterparty wallets (unique_counterparties=29; above the population 90th percentile of 17).,0.572589,Anomalous,0.489008,0.4,0.6,True,,
wallet_174,0.0,0,No specific rule triggered,none,No behavioural rule was triggered for this wallet.,0.35091,Normal,0.210546,0.4,0.6,True,,
wallet_175,0.272727,3,Multiple behavioural indicators,activity_burst;fan_out;many_counterparties,Many transactions concentrated within a short (1-hour) period (activity_burst=14; above the population 90th percentile of 2). Funds are distributed across a relatively large number of outgoing connections (fan_out=19; above the population 90th percentile of 12). Interacts with a relatively large number of distinct counterparty wallets (unique_counterparties=23; above the population 90th percentile of 17).,0.562404,Anomalous,0.446533,0.4,0.6,True,,
wallet_176,0.181818,2,Multiple behavioural indicators,high_sent_volume;incoming_outgoing_imbalance,Relatively high total BTC sent (total_sent_btc=9; above the population 90th percentile of 5.65). Strong incoming/outgoing imbalance: much more BTC sent than received (incoming_outgoing_ratio=0.139; population 10th percentile=0.217).,0.405032,Normal,0.315746,0.4,0.6,True,,
wallet_177,0.0,0,No specific rule triggered,none,No behavioural rule was triggered for this wallet.,0.37617,Normal,0.225702,0.4,0.6,True,,
wallet_178,0.181818,2,Multiple behavioural indicators,high_received_volume;high_sent_volume,Relatively high total BTC received (total_received_btc=6.05; above the population 90th percentile of 5.66). Relatively high total BTC sent (total_sent_btc=5.99; above the population 90th percentile of 5.65).,0.494669,Anomalous,0.369529,0.4,0.6,True,,
wallet_179,0.0,0,No specific rule triggered,none,No behavioural rule was triggered for this wallet.,0.356947,Normal,0.214168,0.4,0.6,True,,
wallet_180,0.181818,2,Multiple behavioural indicators,high_received_volume;high_sent_volume,Relatively high total BTC received (total_received_btc=6.24; above the population 90th percentile of 5.66). Relatively high total BTC sent (total_sent_btc=6.13; above the population 90th percentile of 5.65).,0.485929,Normal,0.364285,0.4,0.6,True,,
wallet_181,0.0,0,No specific rule triggered,none,No behavioural rule was triggered for this wallet.,0.378415,Normal,0.227049,0.4,0.6,True,,
wallet_182,0.090909,1,Single behavioural indicator,repeated_relationships,Repeatedly transacts with the same counterparties more often than most wallets (repeated_connections=8; above the population 90th percentile of 7).,0.37935,Normal,0.263974,0.4,0.6,True,,
wallet_183,0.090909,1,Single behavioural indicator,incoming_outgoing_imbalance,"Strong incoming/outgoing imbalance: much more BTC received than sent (incoming_outgoing_ratio=8.36, capped at 100; population 90th percentile=4.26).",0.412334,Normal,0.283764,0.4,0.6,True,,
wallet_184,0.0,0,No specific rule triggered,none,No behavioural rule was triggered for this wallet.,0.371172,Normal,0.222703,0.4,0.6,True,,
wallet_185,0.363636,4,Multiple strong behavioural indicators,activity_burst;fan_out;fan_in;many_counterparties,Many transactions concentrated within a short (1-hour) period (activity_burst=11; above the population 90th percentile of 2). Funds are distributed across a relatively large number of outgoing connections (fan_out=19; above the population 90th percentile of 12). Funds are received through a relatively large number of incoming connections (fan_in=13; above the population 90th percentile of 12). Interacts with a relatively large number of distinct counterparty wallets (unique_counterparties=29; above the population 90th percentile of 17).,0.552232,Anomalous,0.476794,0.4,0.6,True,,
wallet_186,0.0,0,No specific rule triggered,none,No behavioural rule was triggered for this wallet.,0.387895,Normal,0.232737,0.4,0.6,True,,
wallet_187,0.0,0,No specific rule triggered,none,No behavioural rule was triggered for this wallet.,0.367114,Normal,0.220268,0.4,0.6,True,,
wallet_188,0.454545,5,Multiple strong behavioural indicators,fan_out;many_counterparties;repeated_relationships;high_received_volume;incoming_outgoing_imbalance,"Funds are distributed across a relatively large number of outgoing connections (fan_out=13; above the population 90th percentile of 12). Interacts with a relatively large number of distinct counterparty wallets (unique_counterparties=18; above the population 90th percentile of 17). Repeatedly transacts with the same counterparties more often than most wallets (repeated_connections=8; above the population 90th percentile of 7). Relatively high total BTC received (total_received_btc=6.53; above the population 90th percentile of 5.66). Strong incoming/outgoing imbalance: much more BTC received than sent (incoming_outgoing_ratio=7.21, capped at 100; population 90th percentile=4.26).",0.416577,Normal,0.431764,0.4,0.6,True,,
wallet_189,0.0,0,No specific rule triggered,none,No behavioural rule was triggered for this wallet.,0.371611,Normal,0.222967,0.4,0.6,True,,
wallet_190,0.0,0,No specific rule triggered,none,No behavioural rule was triggered for this wallet.,0.378922,Normal,0.227353,0.4,0.6,True,,
wallet_191,0.0,0,No specific rule triggered,none,No behavioural rule was triggered for this wallet.,0.428677,Normal,0.257206,0.4,0.6,True,,
wallet_192,0.0,0,No specific rule triggered,none,No behavioural rule was triggered for this wallet.,0.363936,Normal,0.218362,0.4,0.6,True,,
wallet_193,0.0,0,No specific rule triggered,none,No behavioural rule was triggered for this wallet.,0.359612,Normal,0.215767,0.4,0.6,True,,
wallet_194,0.0,0,No specific rule triggered,none,No behavioural rule was triggered for this wallet.,0.359724,Normal,0.215834,0.4,0.6,True,,
wallet_195,0.0,0,No specific rule triggered,none,No behavioural rule was triggered for this wallet.,0.361886,Normal,0.217132,0.4,0.6,True,,
wallet_196,0.0,0,No specific rule triggered,none,No behavioural rule was triggered for this wallet.,0.397233,Normal,0.23834,0.4,0.6,True,,
wallet_197,0.0,0,No specific rule triggered,none,No behavioural rule was triggered for this wallet.,0.372234,Normal,0.22334,0.4,0.6,True,,
wallet_198,0.0,0,No specific rule triggered,none,No behavioural rule was triggered for this wallet.,0.377453,Normal,0.226472,0.4,0.6,True,,
wallet_199,0.272727,3,Multiple behavioural indicators,long_dormancy;high_sent_volume;incoming_outgoing_imbalance,"Long inactivity period between consecutive transactions (dormant-period indicator, in hours) (dormancy_duration=3.41e+03; above the population 90th percentile of 2.21e+03). Relatively high total BTC sent (total_sent_btc=5.86; above the population 90th percentile of 5.65). Strong incoming/outgoing imbalance: much more BTC sent than received (incoming_outgoing_ratio=0.0729; population 10th percentile=0.217).",0.4188,Normal,0.360371,0.4,0.6,True,,
wallet_200,0.0,0,No specific rule triggered,none,No behavioural rule was triggered for this wallet.,0.451644,Normal,0.270986,0.4,0.6,True,,
wallet_201,0.0,0,No specific rule triggered,none,No behavioural rule was triggered for this wallet.,0.368499,Normal,0.221099,0.4,0.6,True,,
wallet_202,0.181818,2,Multiple behavioural indicators,fan_in;many_counterparties,Funds are received through a relatively large number of incoming connections (fan_in=13; above the population 90th percentile of 12). Interacts with a relatively large number of distinct counterparty wallets (unique_counterparties=18; above the population 90th percentile of 17).,0.379813,Normal,0.300615,0.4,0.6,True,,
wallet_203,0.0,0,No specific rule triggered,none,No behavioural rule was triggered for this wallet.,0.46711,Normal,0.280266,0.4,0.6,True,,
wallet_204,0.181818,2,Multiple behavioural indicators,high_received_volume;high_sent_volume,Relatively high total BTC received (total_received_btc=7.76; above the population 90th percentile of 5.66). Relatively high total BTC sent (total_sent_btc=7.65; above the population 90th percentile of 5.65).,0.558526,Anomalous,0.407843,0.4,0.6,True,,
wallet_205,0.272727,3,Multiple behavioural indicators,long_dormancy;high_sent_volume;incoming_outgoing_imbalance,"Long inactivity period between consecutive transactions (dormant-period indicator, in hours) (dormancy_duration=2.88e+03; above the population 90th percentile of 2.21e+03). Relatively high total BTC sent (total_sent_btc=7.68; above the population 90th percentile of 5.65). Strong incoming/outgoing imbalance: much more BTC sent than received (incoming_outgoing_ratio=0.029; population 10th percentile=0.217).",0.443043,Normal,0.374917,0.4,0.6,True,,
wallet_206,0.0,0,No specific rule triggered,none,No behavioural rule was triggered for this wallet.,0.441956,Normal,0.265174,0.4,0.6,True,,
wallet_207,0.454545,5,Multiple strong behavioural indicators,high_transaction_count;activity_burst;fan_out;fan_in;many_counterparties,Relatively high transaction activity compared with other wallets (transaction_count=51; above the population 90th percentile of 43.1). Many transactions concentrated within a short (1-hour) period (activity_burst=14; above the population 90th percentile of 2). Funds are distributed across a relatively large number of outgoing connections (fan_out=19; above the population 90th percentile of 12). Funds are received through a relatively large number of incoming connections (fan_in=16; above the population 90th percentile of 12). Interacts with a relatively large number of distinct counterparty wallets (unique_counterparties=31; above the population 90th percentile of 17).,0.579672,Anomalous,0.529621,0.4,0.6,True,,
wallet_208,0.0,0,No specific rule triggered,none,No behavioural rule was triggered for this wallet.,0.375288,Normal,0.225173,0.4,0.6,True,,
wallet_209,0.090909,1,Single behavioural indicator,long_dormancy,"Long inactivity period between consecutive transactions (dormant-period indicator, in hours) (dormancy_duration=2.36e+03; above the population 90th percentile of 2.21e+03).",0.389959,Normal,0.270339,0.4,0.6,True,,
wallet_210,0.090909,1,Single behavioural indicator,long_dormancy,"Long inactivity period between consecutive transactions (dormant-period indicator, in hours) (dormancy_duration=2.55e+03; above the population 90th percentile of 2.21e+03).",0.409007,Normal,0.281768,0.4,0.6,True,,
wallet_211,0.0,0,No specific rule triggered,none,No behavioural rule was triggered for this wallet.,0.454017,Normal,0.27241,0.4,0.6,True,,
wallet_212,0.0,0,No specific rule triggered,none,No behavioural rule was triggered for this wallet.,0.37719,Normal,0.226314,0.4,0.6,True,,
wallet_213,0.0,0,No specific rule triggered,none,No behavioural rule was triggered for this wallet.,0.444388,Normal,0.266633,0.4,0.6,True,,
wallet_214,0.0,0,No specific rule triggered,none,No behavioural rule was triggered for this wallet.,0.44573,Normal,0.267438,0.4,0.6,True,,
wallet_215,0.0,0,No specific rule triggered,none,No behavioural rule was triggered for this wallet.,0.405923,Normal,0.243554,0.4,0.6,True,,
wallet_216,0.0,0,No specific rule triggered,none,No behavioural rule was triggered for this wallet.,0.375131,Normal,0.225079,0.4,0.6,True,,
wallet_217,0.181818,2,Multiple behavioural indicators,fan_out;many_counterparties,Funds are distributed across a relatively large number of outgoing connections (fan_out=13; above the population 90th percentile of 12). Interacts with a relatively large number of distinct counterparty wallets (unique_counterparties=19; above the population 90th percentile of 17).,0.383165,Normal,0.302626,0.4,0.6,True,,
wallet_218,0.090909,1,Single behavioural indicator,incoming_outgoing_imbalance,"Strong incoming/outgoing imbalance: much more BTC received than sent (incoming_outgoing_ratio=6.51, capped at 100; population 90th percentile=4.26).",0.391644,Normal,0.27135,0.4,0.6,True,,
wallet_219,0.0,0,No specific rule triggered,none,No behavioural rule was triggered for this wallet.,0.360405,Normal,0.216243,0.4,0.6,True,,
wallet_220,0.0,0,No specific rule triggered,none,No behavioural rule was triggered for this wallet.,0.370921,Normal,0.222553,0.4,0.6,True,,
wallet_221,0.0,0,No specific rule triggered,none,No behavioural rule was triggered for this wallet.,0.365041,Normal,0.219025,0.4,0.6,True,,
wallet_222,0.272727,3,Multiple behavioural indicators,high_transaction_frequency;activity_burst;fan_out,Relatively high transaction frequency (transactions per day) (transaction_frequency=94.6; above the population 90th percentile of 48). Many transactions concentrated within a short (1-hour) period (activity_burst=7; above the population 90th percentile of 2). Funds are distributed across a relatively large number of outgoing connections (fan_out=14; above the population 90th percentile of 12).,0.55595,Anomalous,0.442661,0.4,0.6,True,,
wallet_223,0.0,0,No specific rule triggered,none,No behavioural rule was triggered for this wallet.,0.468714,Normal,0.281228,0.4,0.6,True,,
wallet_224,0.0,0,No specific rule triggered,none,No behavioural rule was triggered for this wallet.,0.39072,Normal,0.234432,0.4,0.6,True,,
wallet_225,0.090909,1,Single behavioural indicator,long_dormancy,"Long inactivity period between consecutive transactions (dormant-period indicator, in hours) (dormancy_duration=2.3e+03; above the population 90th percentile of 2.21e+03).",0.381643,Normal,0.265349,0.4,0.6,True,,
wallet_226,0.181818,2,Multiple behavioural indicators,long_dormancy;incoming_outgoing_imbalance,"Long inactivity period between consecutive transactions (dormant-period indicator, in hours) (dormancy_duration=6.73e+03; above the population 90th percentile of 2.21e+03). Strong incoming/outgoing imbalance: much more BTC sent than received (incoming_outgoing_ratio=0.0214; population 10th percentile=0.217).",0.464983,Normal,0.351717,0.4,0.6,True,,
wallet_227,0.0,0,No specific rule triggered,none,No behavioural rule was triggered for this wallet.,0.357011,Normal,0.214207,0.4,0.6,True,,
wallet_228,0.363636,4,Multiple strong behavioural indicators,high_transaction_count;fan_out;many_counterparties;repeated_relationships,Relatively high transaction activity compared with other wallets (transaction_count=70; above the population 90th percentile of 43.1). Funds are distributed across a relatively large number of outgoing connections (fan_out=17; above the population 90th percentile of 12). Interacts with a relatively large number of distinct counterparty wallets (unique_counterparties=23; above the population 90th percentile of 17). Repeatedly transacts with the same counterparties more often than most wallets (repeated_connections=11; above the population 90th percentile of 7).,0.517028,Anomalous,0.455671,0.4,0.6,True,,
wallet_229,0.0,0,No specific rule triggered,none,No behavioural rule was triggered for this wallet.,0.361488,Normal,0.216893,0.4,0.6,True,,
wallet_230,0.0,0,No specific rule triggered,none,No behavioural rule was triggered for this wallet.,0.364034,Normal,0.21842,0.4,0.6,True,,
wallet_231,0.090909,1,Single behavioural indicator,incoming_outgoing_imbalance,"Strong incoming/outgoing imbalance: much more BTC received than sent (incoming_outgoing_ratio=6.36, capped at 100; population 90th percentile=4.26).",0.396317,Normal,0.274154,0.4,0.6,True,,
wallet_232,0.090909,1,Single behavioural indicator,incoming_outgoing_imbalance,"Strong incoming/outgoing imbalance: much more BTC received than sent (incoming_outgoing_ratio=4.59, capped at 100; population 90th percentile=4.26).",0.390992,Normal,0.270959,0.4,0.6,True,,
wallet_233,0.181818,2,Multiple behavioural indicators,repeated_relationships;incoming_outgoing_imbalance,"Repeatedly transacts with the same counterparties more often than most wallets (repeated_connections=8; above the population 90th percentile of 7). Strong incoming/outgoing imbalance: much more BTC received than sent (incoming_outgoing_ratio=8.06, capped at 100; population 90th percentile=4.26).",0.41496,Normal,0.321703,0.4,0.6,True,,
wallet_234,0.0,0,No specific rule triggered,none,No behavioural rule was triggered for this wallet.,0.38455,Normal,0.23073,0.4,0.6,True,,
wallet_235,0.090909,1,Single behavioural indicator,high_received_volume,Relatively high total BTC received (total_received_btc=8.45; above the population 90th percentile of 5.66).,0.413166,Normal,0.284263,0.4,0.6,True,,
wallet_236,0.272727,3,Multiple behavioural indicators,activity_burst;fan_out;many_counterparties,Many transactions concentrated within a short (1-hour) period (activity_burst=12; above the population 90th percentile of 2). Funds are distributed across a relatively large number of outgoing connections (fan_out=17; above the population 90th percentile of 12). Interacts with a relatively large number of distinct counterparty wallets (unique_counterparties=22; above the population 90th percentile of 17).,0.485262,Normal,0.400248,0.4,0.6,True,,
wallet_237,0.090909,1,Single behavioural indicator,incoming_outgoing_imbalance,"Strong incoming/outgoing imbalance: much more BTC received than sent (incoming_outgoing_ratio=8.13, capped at 100; population 90th percentile=4.26).",0.407601,Normal,0.280924,0.4,0.6,True,,
wallet_238,0.363636,4,Multiple strong behavioural indicators,high_transaction_count;fan_out;repeated_relationships;high_sent_volume,Relatively high transaction activity compared with other wallets (transaction_count=51; above the population 90th percentile of 43.1). Funds are distributed across a relatively large number of outgoing connections (fan_out=13; above the population 90th percentile of 12). Repeatedly transacts with the same counterparties more often than most wallets (repeated_connections=10; above the population 90th percentile of 7). Relatively high total BTC sent (total_sent_btc=10.5; above the population 90th percentile of 5.65).,0.467851,Normal,0.426165,0.4,0.6,True,,
wallet_239,0.0,0,No specific rule triggered,none,No behavioural rule was triggered for this wallet.,0.364241,Normal,0.218545,0.4,0.6,True,,
wallet_240,0.0,0,No specific rule triggered,none,No behavioural rule was triggered for this wallet.,0.425424,Normal,0.255254,0.4,0.6,True,,
wallet_241,0.0,0,No specific rule triggered,none,No behavioural rule was triggered for this wallet.,0.359522,Normal,0.215713,0.4,0.6,True,,
wallet_242,0.0,0,No specific rule triggered,none,No behavioural rule was triggered for this wallet.,0.368919,Normal,0.221351,0.4,0.6,True,,
wallet_243,0.0,0,No specific rule triggered,none,No behavioural rule was triggered for this wallet.,0.38081,Normal,0.228486,0.4,0.6,True,,
wallet_244,0.0,0,No specific rule triggered,none,No behavioural rule was triggered for this wallet.,0.361001,Normal,0.216601,0.4,0.6,True,,
wallet_245,0.454545,5,Multiple strong behavioural indicators,high_transaction_frequency;activity_burst;fan_out;high_received_volume;high_sent_volume,Relatively high transaction frequency (transactions per day) (transaction_frequency=97.6; above the population 90th percentile of 48). Many transactions concentrated within a short (1-hour) period (activity_burst=6; above the population 90th percentile of 2). Funds are distributed across a relatively large number of outgoing connections (fan_out=14; above the population 90th percentile of 12). Relatively high total BTC received (total_received_btc=7.6; above the population 90th percentile of 5.66). Relatively high total BTC sent (total_sent_btc=7.54; above the population 90th percentile of 5.65).,0.558668,Anomalous,0.517019,0.4,0.6,True,,
wallet_246,0.0,0,No specific rule triggered,none,No behavioural rule was triggered for this wallet.,0.42269,Normal,0.253614,0.4,0.6,True,,
wallet_247,0.0,0,No specific rule triggered,none,No behavioural rule was triggered for this wallet.,0.453239,Normal,0.271943,0.4,0.6,True,,
wallet_248,0.545455,6,Multiple strong behavioural indicators,high_transaction_count;fan_out;many_counterparties;repeated_relationships;high_received_volume;incoming_outgoing_imbalance,"Relatively high transaction activity compared with other wallets (transaction_count=80; above the population 90th percentile of 43.1). Funds are distributed across a relatively large number of outgoing connections (fan_out=16; above the population 90th percentile of 12). Interacts with a relatively large number of distinct counterparty wallets (unique_counterparties=20; above the population 90th percentile of 17). Repeatedly transacts with the same counterparties more often than most wallets (repeated_connections=8; above the population 90th percentile of 7). Relatively high total BTC received (total_received_btc=9.7; above the population 90th percentile of 5.66). Strong incoming/outgoing imbalance: much more BTC received than sent (incoming_outgoing_ratio=4.29, capped at 100; population 90th percentile=4.26).",0.536589,Anomalous,0.540135,0.4,0.6,True,,
wallet_249,0.090909,1,Single behavioural indicator,long_dormancy,"Long inactivity period between consecutive transactions (dormant-period indicator, in hours) (dormancy_duration=3.15e+03; above the population 90th percentile of 2.21e+03).",0.400806,Normal,0.276847,0.4,0.6,True,,
wallet_250,0.0,0,No specific rule triggered,none,No behavioural rule was triggered for this wallet.,0.445845,Normal,0.267507,0.4,0.6,True,,
wallet_251,0.090909,1,Single behavioural indicator,fan_out,Funds are distributed across a relatively large number of outgoing connections (fan_out=13; above the population 90th percentile of 12).,0.387644,Normal,0.26895,0.4,0.6,True,,
wallet_252,0.0,0,No specific rule triggered,none,No behavioural rule was triggered for this wallet.,0.367355,Normal,0.220413,0.4,0.6,True,,
wallet_253,0.0,0,No specific rule triggered,none,No behavioural rule was triggered for this wallet.,0.386238,Normal,0.231743,0.4,0.6,True,,
wallet_254,0.0,0,No specific rule triggered,none,No behavioural rule was triggered for this wallet.,0.359988,Normal,0.215993,0.4,0.6,True,,
wallet_255,0.090909,1,Single behavioural indicator,incoming_outgoing_imbalance,"Strong incoming/outgoing imbalance: much more BTC received than sent (incoming_outgoing_ratio=10.5, capped at 100; population 90th percentile=4.26).",0.390632,Normal,0.270743,0.4,0.6,True,,
wallet_256,0.181818,2,Multiple behavioural indicators,high_received_volume;incoming_outgoing_imbalance,"Relatively high total BTC received (total_received_btc=9.69; above the population 90th percentile of 5.66). Strong incoming/outgoing imbalance: much more BTC received than sent (incoming_outgoing_ratio=9.08, capped at 100; population 90th percentile=4.26).",0.434529,Normal,0.333445,0.4,0.6,True,,
wallet_257,0.0,0,No specific rule triggered,none,No behavioural rule was triggered for this wallet.,0.375023,Normal,0.225014,0.4,0.6,True,,
wallet_258,0.090909,1,Single behavioural indicator,incoming_outgoing_imbalance,Strong incoming/outgoing imbalance: much more BTC sent than received (incoming_outgoing_ratio=0.0573; population 10th percentile=0.217).,0.406655,Normal,0.280357,0.4,0.6,True,,
wallet_259,0.0,0,No specific rule triggered,none,No behavioural rule was triggered for this wallet.,0.430068,Normal,0.258041,0.4,0.6,True,,
wallet_260,0.0,0,No specific rule triggered,none,No behavioural rule was triggered for this wallet.,0.366158,Normal,0.219695,0.4,0.6,True,,
wallet_261,0.0,0,No specific rule triggered,none,No behavioural rule was triggered for this wallet.,0.359175,Normal,0.215505,0.4,0.6,True,,
wallet_262,0.181818,2,Multiple behavioural indicators,high_transaction_count;many_counterparties,Relatively high transaction activity compared with other wallets (transaction_count=53; above the population 90th percentile of 43.1). Interacts with a relatively large number of distinct counterparty wallets (unique_counterparties=18; above the population 90th percentile of 17).,0.4077,Normal,0.317347,0.4,0.6,True,,
wallet_263,0.090909,1,Single behavioural indicator,incoming_outgoing_imbalance,"Strong incoming/outgoing imbalance: much more BTC received than sent (incoming_outgoing_ratio=5.48, capped at 100; population 90th percentile=4.26).",0.369357,Normal,0.257978,0.4,0.6,True,,
wallet_264,0.272727,3,Multiple behavioural indicators,long_dormancy;high_sent_volume;incoming_outgoing_imbalance,"Long inactivity period between consecutive transactions (dormant-period indicator, in hours) (dormancy_duration=7.04e+03; above the population 90th percentile of 2.21e+03). Relatively high total BTC sent (total_sent_btc=11.9; above the population 90th percentile of 5.65). Strong incoming/outgoing imbalance: much more BTC sent than received (incoming_outgoing_ratio=0.00942; population 10th percentile=0.217).",0.533431,Anomalous,0.429149,0.4,0.6,True,,
wallet_265,0.090909,1,Single behavioural indicator,repeated_relationships,Repeatedly transacts with the same counterparties more often than most wallets (repeated_connections=8; above the population 90th percentile of 7).,0.394727,Normal,0.2732,0.4,0.6,True,,
wallet_266,0.090909,1,Single behavioural indicator,repeated_relationships,Repeatedly transacts with the same counterparties more often than most wallets (repeated_connections=8; above the population 90th percentile of 7).,0.402389,Normal,0.277797,0.4,0.6,True,,
wallet_267,0.181818,2,Multiple behavioural indicators,fan_out;many_counterparties,Funds are distributed across a relatively large number of outgoing connections (fan_out=13; above the population 90th percentile of 12). Interacts with a relatively large number of distinct counterparty wallets (unique_counterparties=18; above the population 90th percentile of 17).,0.37859,Normal,0.299881,0.4,0.6,True,,
wallet_268,0.636364,7,Multiple strong behavioural indicators,high_transaction_count;fan_out;fan_in;many_counterparties;repeated_relationships;high_sent_volume;incoming_outgoing_imbalance,Relatively high transaction activity compared with other wallets (transaction_count=53; above the population 90th percentile of 43.1). Funds are distributed across a relatively large number of outgoing connections (fan_out=16; above the population 90th percentile of 12). Funds are received through a relatively large number of incoming connections (fan_in=13; above the population 90th percentile of 12). Interacts with a relatively large number of distinct counterparty wallets (unique_counterparties=20; above the population 90th percentile of 17). Repeatedly transacts with the same counterparties more often than most wallets (repeated_connections=10; above the population 90th percentile of 7). Relatively high total BTC sent (total_sent_btc=7.44; above the population 90th percentile of 5.65). Strong incoming/outgoing imbalance: much more BTC sent than received (incoming_outgoing_ratio=0.206; population 10th percentile=0.217).,0.464622,Normal,0.533319,0.4,0.6,True,,
wallet_269,0.0,0,No specific rule triggered,none,No behavioural rule was triggered for this wallet.,0.375998,Normal,0.225599,0.4,0.6,True,,
wallet_270,0.0,0,No specific rule triggered,none,No behavioural rule was triggered for this wallet.,0.361948,Normal,0.217169,0.4,0.6,True,,
wallet_271,0.0,0,No specific rule triggered,none,No behavioural rule was triggered for this wallet.,0.358849,Normal,0.215309,0.4,0.6,True,,
wallet_272,0.0,0,No specific rule triggered,none,No behavioural rule was triggered for this wallet.,0.391945,Normal,0.235167,0.4,0.6,True,,
wallet_273,0.181818,2,Multiple behavioural indicators,activity_burst;fan_in,Many transactions concentrated within a short (1-hour) period (activity_burst=5; above the population 90th percentile of 2). Funds are received through a relatively large number of incoming connections (fan_in=15; above the population 90th percentile of 12).,0.502416,Anomalous,0.374177,0.4,0.6,True,,
wallet_274,0.0,0,No specific rule triggered,none,No behavioural rule was triggered for this wallet.,0.361311,Normal,0.216787,0.4,0.6,True,,
wallet_275,0.090909,1,Single behavioural indicator,incoming_outgoing_imbalance,"Strong incoming/outgoing imbalance: much more BTC received than sent (incoming_outgoing_ratio=11.6, capped at 100; population 90th percentile=4.26).",0.399033,Normal,0.275783,0.4,0.6,True,,
wallet_276,0.0,0,No specific rule triggered,none,No behavioural rule was triggered for this wallet.,0.45708,Normal,0.274248,0.4,0.6,True,,
wallet_277,0.0,0,No specific rule triggered,none,No behavioural rule was triggered for this wallet.,0.359433,Normal,0.21566,0.4,0.6,True,,
wallet_278,0.0,0,No specific rule triggered,none,No behavioural rule was triggered for this wallet.,0.371031,Normal,0.222619,0.4,0.6,True,,
wallet_279,0.090909,1,Single behavioural indicator,high_received_volume,Relatively high total BTC received (total_received_btc=6.23; above the population 90th percentile of 5.66).,0.395919,Normal,0.273915,0.4,0.6,True,,
wallet_280,0.0,0,No specific rule triggered,none,No behavioural rule was triggered for this wallet.,0.384633,Normal,0.23078,0.4,0.6,True,,
wallet_281,0.0,0,No specific rule triggered,none,No behavioural rule was triggered for this wallet.,0.412804,Normal,0.247682,0.4,0.6,True,,
wallet_282,0.0,0,No specific rule triggered,none,No behavioural rule was triggered for this wallet.,0.377851,Normal,0.226711,0.4,0.6,True,,
wallet_283,0.090909,1,Single behavioural indicator,high_sent_volume,Relatively high total BTC sent (total_sent_btc=9.74; above the population 90th percentile of 5.65).,0.422296,Normal,0.289741,0.4,0.6,True,,
wallet_284,0.181818,2,Multiple behavioural indicators,long_dormancy;incoming_outgoing_imbalance,"Long inactivity period between consecutive transactions (dormant-period indicator, in hours) (dormancy_duration=2.55e+03; above the population 90th percentile of 2.21e+03). Strong incoming/outgoing imbalance: much more BTC sent than received (incoming_outgoing_ratio=0.0985; population 10th percentile=0.217).",0.407583,Normal,0.317277,0.4,0.6,True,,
wallet_285,0.272727,3,Multiple behavioural indicators,long_dormancy;high_sent_volume;incoming_outgoing_imbalance,"Long inactivity period between consecutive transactions (dormant-period indicator, in hours) (dormancy_duration=3.03e+03; above the population 90th percentile of 2.21e+03). Relatively high total BTC sent (total_sent_btc=9.18; above the population 90th percentile of 5.65). Strong incoming/outgoing imbalance: much more BTC sent than received (incoming_outgoing_ratio=0.0368; population 10th percentile=0.217).",0.453397,Normal,0.381129,0.4,0.6,True,,
wallet_286,0.0,0,No specific rule triggered,none,No behavioural rule was triggered for this wallet.,0.369362,Normal,0.221617,0.4,0.6,True,,
wallet_287,0.0,0,No specific rule triggered,none,No behavioural rule was triggered for this wallet.,0.357733,Normal,0.21464,0.4,0.6,True,,
wallet_288,0.272727,3,Multiple behavioural indicators,high_transaction_count;high_received_volume;incoming_outgoing_imbalance,"Relatively high transaction activity compared with other wallets (transaction_count=50; above the population 90th percentile of 43.1). Relatively high total BTC received (total_received_btc=15.6; above the population 90th percentile of 5.66). Strong incoming/outgoing imbalance: much more BTC received than sent (incoming_outgoing_ratio=14.7, capped at 100; population 90th percentile=4.26).",0.491326,Normal,0.403886,0.4,0.6,True,,
wallet_289,0.272727,3,Multiple behavioural indicators,high_transaction_count;fan_in;high_received_volume,Relatively high transaction activity compared with other wallets (transaction_count=50; above the population 90th percentile of 43.1). Funds are received through a relatively large number of incoming connections (fan_in=13; above the population 90th percentile of 12). Relatively high total BTC received (total_received_btc=7.31; above the population 90th percentile of 5.66).,0.428222,Normal,0.366024,0.4,0.6,True,,
wallet_290,0.272727,3,Multiple behavioural indicators,activity_burst;long_dormancy;incoming_outgoing_imbalance,"Many transactions concentrated within a short (1-hour) period (activity_burst=3; above the population 90th percentile of 2). Long inactivity period between consecutive transactions (dormant-period indicator, in hours) (dormancy_duration=6.93e+03; above the population 90th percentile of 2.21e+03). Strong incoming/outgoing imbalance: much more BTC sent than received (incoming_outgoing_ratio=0; population 10th percentile=0.217).",0.496548,Anomalous,0.40702,0.4,0.6,True,,
wallet_291,0.0,0,No specific rule triggered,none,No behavioural rule was triggered for this wallet.,0.430152,Normal,0.258091,0.4,0.6,True,,
wallet_292,0.0,0,No specific rule triggered,none,No behavioural rule was triggered for this wallet.,0.377279,Normal,0.226367,0.4,0.6,True,,
wallet_293,0.181818,2,Multiple behavioural indicators,high_received_volume;high_sent_volume,Relatively high total BTC received (total_received_btc=6.72; above the population 90th percentile of 5.66). Relatively high total BTC sent (total_sent_btc=6.65; above the population 90th percentile of 5.65).,0.507848,Anomalous,0.377436,0.4,0.6,True,,
wallet_294,0.0,0,No specific rule triggered,none,No behavioural rule was triggered for this wallet.,0.36213,Normal,0.217278,0.4,0.6,True,,
wallet_295,0.090909,1,Single behavioural indicator,long_dormancy,"Long inactivity period between consecutive transactions (dormant-period indicator, in hours) (dormancy_duration=2.42e+03; above the population 90th percentile of 2.21e+03).",0.371854,Normal,0.259476,0.4,0.6,True,,
wallet_296,0.454545,5,Multiple strong behavioural indicators,high_transaction_count;activity_burst;repeated_relationships;high_sent_volume;incoming_outgoing_imbalance,Relatively high transaction activity compared with other wallets (transaction_count=96; above the population 90th percentile of 43.1). Many transactions concentrated within a short (1-hour) period (activity_burst=3; above the population 90th percentile of 2). Repeatedly transacts with the same counterparties more often than most wallets (repeated_connections=8; above the population 90th percentile of 7). Relatively high total BTC sent (total_sent_btc=7.19; above the population 90th percentile of 5.65). Strong incoming/outgoing imbalance: much more BTC sent than received (incoming_outgoing_ratio=0; population 10th percentile=0.217).,0.579575,Anomalous,0.529563,0.4,0.6,True,,
wallet_297,0.0,0,No specific rule triggered,none,No behavioural rule was triggered for this wallet.,0.375145,Normal,0.225087,0.4,0.6,True,,
wallet_298,0.0,0,No specific rule triggered,none,No behavioural rule was triggered for this wallet.,0.370994,Normal,0.222596,0.4,0.6,True,,
wallet_299,0.0,0,No specific rule triggered,none,No behavioural rule was triggered for this wallet.,0.405826,Normal,0.243496,0.4,0.6,True,,
wallet_300,0.0,0,No specific rule triggered,none,No behavioural rule was triggered for this wallet.,0.383473,Normal,0.230084,0.4,0.6,True,,
wallet_301,0.181818,2,Multiple behavioural indicators,high_sent_volume;incoming_outgoing_imbalance,Relatively high total BTC sent (total_sent_btc=7.42; above the population 90th percentile of 5.65). Strong incoming/outgoing imbalance: much more BTC sent than received (incoming_outgoing_ratio=0.0608; population 10th percentile=0.217).,0.408655,Normal,0.31792,0.4,0.6,True,,
wallet_302,0.0,0,No specific rule triggered,none,No behavioural rule was triggered for this wallet.,0.435573,Normal,0.261344,0.4,0.6,True,,
wallet_303,0.090909,1,Single behavioural indicator,incoming_outgoing_imbalance,"Strong incoming/outgoing imbalance: much more BTC received than sent (incoming_outgoing_ratio=11.5, capped at 100; population 90th percentile=4.26).",0.411958,Normal,0.283538,0.4,0.6,True,,
wallet_304,0.0,0,No specific rule triggered,none,No behavioural rule was triggered for this wallet.,0.360677,Normal,0.216406,0.4,0.6,True,,
wallet_305,0.0,0,No specific rule triggered,none,No behavioural rule was triggered for this wallet.,0.45295,Normal,0.27177,0.4,0.6,True,,
wallet_306,0.272727,3,Multiple behavioural indicators,high_transaction_count;high_received_volume;incoming_outgoing_imbalance,"Relatively high transaction activity compared with other wallets (transaction_count=45; above the population 90th percentile of 43.1). Relatively high total BTC received (total_received_btc=15.8; above the population 90th percentile of 5.66). Strong incoming/outgoing imbalance: much more BTC received than sent (incoming_outgoing_ratio=4.42, capped at 100; population 90th percentile=4.26).",0.466273,Normal,0.388855,0.4,0.6,True,,
wallet_307,0.0,0,No specific rule triggered,none,No behavioural rule was triggered for this wallet.,0.370954,Normal,0.222572,0.4,0.6,True,,
wallet_308,0.090909,1,Single behavioural indicator,high_received_volume,Relatively high total BTC received (total_received_btc=8.47; above the population 90th percentile of 5.66).,0.409062,Normal,0.281801,0.4,0.6,True,,
wallet_309,0.0,0,No specific rule triggered,none,No behavioural rule was triggered for this wallet.,0.370637,Normal,0.222382,0.4,0.6,True,,
wallet_310,0.0,0,No specific rule triggered,none,No behavioural rule was triggered for this wallet.,0.428698,Normal,0.257219,0.4,0.6,True,,
wallet_311,0.0,0,No specific rule triggered,none,No behavioural rule was triggered for this wallet.,0.438969,Normal,0.263381,0.4,0.6,True,,
wallet_312,0.0,0,No specific rule triggered,none,No behavioural rule was triggered for this wallet.,0.435029,Normal,0.261017,0.4,0.6,True,,
wallet_313,0.0,0,No specific rule triggered,none,No behavioural rule was triggered for this wallet.,0.378612,Normal,0.227167,0.4,0.6,True,,
wallet_314,0.0,0,No specific rule triggered,none,No behavioural rule was triggered for this wallet.,0.364234,Normal,0.21854,0.4,0.6,True,,
wallet_315,0.090909,1,Single behavioural indicator,high_received_volume,Relatively high total BTC received (total_received_btc=5.7; above the population 90th percentile of 5.66).,0.47342,Normal,0.320416,0.4,0.6,True,,
wallet_316,0.0,0,No specific rule triggered,none,No behavioural rule was triggered for this wallet.,0.378065,Normal,0.226839,0.4,0.6,True,,
wallet_317,0.454545,5,Multiple strong behavioural indicators,high_transaction_count;fan_out;fan_in;many_counterparties;high_sent_volume,Relatively high transaction activity compared with other wallets (transaction_count=77; above the population 90th percentile of 43.1). Funds are distributed across a relatively large number of outgoing connections (fan_out=15; above the population 90th percentile of 12). Funds are received through a relatively large number of incoming connections (fan_in=14; above the population 90th percentile of 12). Interacts with a relatively large number of distinct counterparty wallets (unique_counterparties=22; above the population 90th percentile of 17). Relatively high total BTC sent (total_sent_btc=8.07; above the population 90th percentile of 5.65).,0.518364,Anomalous,0.492836,0.4,0.6,True,,
wallet_318,0.090909,1,Single behavioural indicator,high_received_volume,Relatively high total BTC received (total_received_btc=7.58; above the population 90th percentile of 5.66).,0.400377,Normal,0.27659,0.4,0.6,True,,
wallet_319,0.090909,1,Single behavioural indicator,high_transaction_count,Relatively high transaction activity compared with other wallets (transaction_count=58; above the population 90th percentile of 43.1).,0.416874,Normal,0.286488,0.4,0.6,True,,
wallet_320,0.0,0,No specific rule triggered,none,No behavioural rule was triggered for this wallet.,0.375445,Normal,0.225267,0.4,0.6,True,,
wallet_321,0.0,0,No specific rule triggered,none,No behavioural rule was triggered for this wallet.,0.373671,Normal,0.224203,0.4,0.6,True,,
wallet_322,0.0,0,No specific rule triggered,none,No behavioural rule was triggered for this wallet.,0.437586,Normal,0.262552,0.4,0.6,True,,
wallet_323,0.363636,4,Multiple strong behavioural indicators,high_transaction_count;fan_in;many_counterparties;incoming_outgoing_imbalance,"Relatively high transaction activity compared with other wallets (transaction_count=51; above the population 90th percentile of 43.1). Funds are received through a relatively large number of incoming connections (fan_in=14; above the population 90th percentile of 12). Interacts with a relatively large number of distinct counterparty wallets (unique_counterparties=20; above the population 90th percentile of 17). Strong incoming/outgoing imbalance: much more BTC received than sent (incoming_outgoing_ratio=5.04, capped at 100; population 90th percentile=4.26).",0.416725,Normal,0.395489,0.4,0.6,True,,
wallet_324,0.181818,2,Multiple behavioural indicators,many_counterparties;repeated_relationships,Interacts with a relatively large number of distinct counterparty wallets (unique_counterparties=18; above the population 90th percentile of 17). Repeatedly transacts with the same counterparties more often than most wallets (repeated_connections=8; above the population 90th percentile of 7).,0.392479,Normal,0.308215,0.4,0.6,True,,
wallet_325,0.0,0,No specific rule triggered,none,No behavioural rule was triggered for this wallet.,0.463634,Normal,0.27818,0.4,0.6,True,,
wallet_326,0.181818,2,Multiple behavioural indicators,long_dormancy;incoming_outgoing_imbalance,"Long inactivity period between consecutive transactions (dormant-period indicator, in hours) (dormancy_duration=6.82e+03; above the population 90th percentile of 2.21e+03). Strong incoming/outgoing imbalance: much more BTC sent than received (incoming_outgoing_ratio=0.00859; population 10th percentile=0.217).",0.473916,Normal,0.357077,0.4,0.6,True,,
wallet_327,0.181818,2,Multiple behavioural indicators,activity_burst;fan_in,Many transactions concentrated within a short (1-hour) period (activity_burst=4; above the population 90th percentile of 2). Funds are received through a relatively large number of incoming connections (fan_in=13; above the population 90th percentile of 12).,0.482185,Normal,0.362038,0.4,0.6,True,,
wallet_328,0.090909,1,Single behavioural indicator,incoming_outgoing_imbalance,"Strong incoming/outgoing imbalance: much more BTC received than sent (incoming_outgoing_ratio=21.4, capped at 100; population 90th percentile=4.26).",0.42257,Normal,0.289906,0.4,0.6,True,,
wallet_329,0.0,0,No specific rule triggered,none,No behavioural rule was triggered for this wallet.,0.415081,Normal,0.249049,0.4,0.6,True,,
wallet_330,0.0,0,No specific rule triggered,none,No behavioural rule was triggered for this wallet.,0.370107,Normal,0.222064,0.4,0.6,True,,
wallet_331,0.0,0,No specific rule triggered,none,No behavioural rule was triggered for this wallet.,0.382523,Normal,0.229514,0.4,0.6,True,,
wallet_332,0.0,0,No specific rule triggered,none,No behavioural rule was triggered for this wallet.,0.382566,Normal,0.22954,0.4,0.6,True,,
wallet_333,0.181818,2,Multiple behavioural indicators,high_received_volume;incoming_outgoing_imbalance,"Relatively high total BTC received (total_received_btc=6.26; above the population 90th percentile of 5.66). Strong incoming/outgoing imbalance: much more BTC received than sent (incoming_outgoing_ratio=13.3, capped at 100; population 90th percentile=4.26).",0.425574,Normal,0.328072,0.4,0.6,True,,
wallet_334,0.0,0,No specific rule triggered,none,No behavioural rule was triggered for this wallet.,0.361081,Normal,0.216649,0.4,0.6,True,,
wallet_335,0.0,0,No specific rule triggered,none,No behavioural rule was triggered for this wallet.,0.354197,Normal,0.212518,0.4,0.6,True,,
wallet_336,0.090909,1,Single behavioural indicator,long_dormancy,"Long inactivity period between consecutive transactions (dormant-period indicator, in hours) (dormancy_duration=2.51e+03; above the population 90th percentile of 2.21e+03).",0.450969,Normal,0.306945,0.4,0.6,True,,
wallet_337,0.0,0,No specific rule triggered,none,No behavioural rule was triggered for this wallet.,0.447809,Normal,0.268685,0.4,0.6,True,,
wallet_338,0.090909,1,Single behavioural indicator,incoming_outgoing_imbalance,Strong incoming/outgoing imbalance: much more BTC sent than received (incoming_outgoing_ratio=0.105; population 10th percentile=0.217).,0.393244,Normal,0.27231,0.4,0.6,True,,
wallet_339,0.0,0,No specific rule triggered,none,No behavioural rule was triggered for this wallet.,0.433497,Normal,0.260098,0.4,0.6,True,,
wallet_340,0.0,0,No specific rule triggered,none,No behavioural rule was triggered for this wallet.,0.374241,Normal,0.224545,0.4,0.6,True,,
wallet_341,0.0,0,No specific rule triggered,none,No behavioural rule was triggered for this wallet.,0.471078,Normal,0.282647,0.4,0.6,True,,
wallet_342,0.0,0,No specific rule triggered,none,No behavioural rule was triggered for this wallet.,0.378916,Normal,0.22735,0.4,0.6,True,,
wallet_343,0.181818,2,Multiple behavioural indicators,high_transaction_count;repeated_relationships,Relatively high transaction activity compared with other wallets (transaction_count=45; above the population 90th percentile of 43.1). Repeatedly transacts with the same counterparties more often than most wallets (repeated_connections=8; above the population 90th percentile of 7).,0.404892,Normal,0.315662,0.4,0.6,True,,
wallet_344,0.363636,4,Multiple strong behavioural indicators,high_transaction_count;fan_out;fan_in;many_counterparties,Relatively high transaction activity compared with other wallets (transaction_count=85; above the population 90th percentile of 43.1). Funds are distributed across a relatively large number of outgoing connections (fan_out=16; above the population 90th percentile of 12). Funds are received through a relatively large number of incoming connections (fan_in=17; above the population 90th percentile of 12). Interacts with a relatively large number of distinct counterparty wallets (unique_counterparties=26; above the population 90th percentile of 17).,0.550835,Anomalous,0.475955,0.4,0.6,True,,
wallet_345,0.0,0,No specific rule triggered,none,No behavioural rule was triggered for this wallet.,0.363427,Normal,0.218056,0.4,0.6,True,,
wallet_346,0.181818,2,Multiple behavioural indicators,high_received_volume;incoming_outgoing_imbalance,"Relatively high total BTC received (total_received_btc=6.4; above the population 90th percentile of 5.66). Strong incoming/outgoing imbalance: much more BTC received than sent (incoming_outgoing_ratio=4.58, capped at 100; population 90th percentile=4.26).",0.399652,Normal,0.312518,0.4,0.6,True,,
wallet_347,0.181818,2,Multiple behavioural indicators,long_dormancy;incoming_outgoing_imbalance,"Long inactivity period between consecutive transactions (dormant-period indicator, in hours) (dormancy_duration=7.19e+03; above the population 90th percentile of 2.21e+03). Strong incoming/outgoing imbalance: much more BTC sent than received (incoming_outgoing_ratio=0.00982; population 10th percentile=0.217).",0.472851,Normal,0.356438,0.4,0.6,True,,
wallet_348,0.0,0,No specific rule triggered,none,No behavioural rule was triggered for this wallet.,0.376807,Normal,0.226084,0.4,0.6,True,,
wallet_349,0.090909,1,Single behavioural indicator,repeated_relationships,Repeatedly transacts with the same counterparties more often than most wallets (repeated_connections=8; above the population 90th percentile of 7).,0.38598,Normal,0.267952,0.4,0.6,True,,
wallet_350,0.545455,6,Multiple strong behavioural indicators,high_transaction_count;fan_in;many_counterparties;repeated_relationships;high_received_volume;incoming_outgoing_imbalance,"Relatively high transaction activity compared with other wallets (transaction_count=100; above the population 90th percentile of 43.1). Funds are received through a relatively large number of incoming connections (fan_in=79; above the population 90th percentile of 12). Interacts with a relatively large number of distinct counterparty wallets (unique_counterparties=79; above the population 90th percentile of 17). Repeatedly transacts with the same counterparties more often than most wallets (repeated_connections=20; above the population 90th percentile of 7). Relatively high total BTC received (total_received_btc=7.73; above the population 90th percentile of 5.66). Strong incoming/outgoing imbalance: much more BTC received than sent (incoming_outgoing_ratio=100, capped at 100; population 90th percentile=4.26).",0.757751,Anomalous,0.672833,0.4,0.6,True,,
wallet_351,0.090909,1,Single behavioural indicator,long_dormancy,"Long inactivity period between consecutive transactions (dormant-period indicator, in hours) (dormancy_duration=2.79e+03; above the population 90th percentile of 2.21e+03).",0.36896,Normal,0.25774,0.4,0.6,True,,
wallet_352,0.090909,1,Single behavioural indicator,repeated_relationships,Repeatedly transacts with the same counterparties more often than most wallets (repeated_connections=8; above the population 90th percentile of 7).,0.373473,Normal,0.260447,0.4,0.6,True,,
wallet_353,0.0,0,No specific rule triggered,none,No behavioural rule was triggered for this wallet.,0.444591,Normal,0.266755,0.4,0.6,True,,
wallet_354,0.0,0,No specific rule triggered,none,No behavioural rule was triggered for this wallet.,0.400721,Normal,0.240433,0.4,0.6,True,,
wallet_355,0.0,0,No specific rule triggered,none,No behavioural rule was triggered for this wallet.,0.371705,Normal,0.223023,0.4,0.6,True,,
wallet_356,0.0,0,No specific rule triggered,none,No behavioural rule was triggered for this wallet.,0.444675,Normal,0.266805,0.4,0.6,True,,
wallet_357,0.090909,1,Single behavioural indicator,long_dormancy,"Long inactivity period between consecutive transactions (dormant-period indicator, in hours) (dormancy_duration=3.41e+03; above the population 90th percentile of 2.21e+03).",0.44223,Normal,0.301702,0.4,0.6,True,,
wallet_358,0.272727,3,Multiple behavioural indicators,activity_burst;long_dormancy;incoming_outgoing_imbalance,"Many transactions concentrated within a short (1-hour) period (activity_burst=3; above the population 90th percentile of 2). Long inactivity period between consecutive transactions (dormant-period indicator, in hours) (dormancy_duration=6.95e+03; above the population 90th percentile of 2.21e+03). Strong incoming/outgoing imbalance: much more BTC sent than received (incoming_outgoing_ratio=0.0115; population 10th percentile=0.217).",0.480568,Normal,0.397432,0.4,0.6,True,,
wallet_359,0.0,0,No specific rule triggered,none,No behavioural rule was triggered for this wallet.,0.364225,Normal,0.218535,0.4,0.6,True,,
wallet_360,0.272727,3,Multiple behavioural indicators,high_transaction_count;many_counterparties;high_sent_volume,Relatively high transaction activity compared with other wallets (transaction_count=55; above the population 90th percentile of 43.1). Interacts with a relatively large number of distinct counterparty wallets (unique_counterparties=19; above the population 90th percentile of 17). Relatively high total BTC sent (total_sent_btc=7.98; above the population 90th percentile of 5.65).,0.426508,Normal,0.364996,0.4,0.6,True,,
wallet_361,0.090909,1,Single behavioural indicator,incoming_outgoing_imbalance,"Strong incoming/outgoing imbalance: much more BTC received than sent (incoming_outgoing_ratio=5.72, capped at 100; population 90th percentile=4.26).",0.38533,Normal,0.267562,0.4,0.6,True,,
wallet_362,0.0,0,No specific rule triggered,none,No behavioural rule was triggered for this wallet.,0.359859,Normal,0.215915,0.4,0.6,True,,
wallet_363,0.181818,2,Multiple behavioural indicators,high_transaction_frequency;activity_burst,Relatively high transaction frequency (transactions per day) (transaction_frequency=101; above the population 90th percentile of 48). Many transactions concentrated within a short (1-hour) period (activity_burst=7; above the population 90th percentile of 2).,0.532449,Anomalous,0.392197,0.4,0.6,True,,
wallet_364,0.0,0,No specific rule triggered,none,No behavioural rule was triggered for this wallet.,0.399255,Normal,0.239553,0.4,0.6,True,,
wallet_365,0.0,0,No specific rule triggered,none,No behavioural rule was triggered for this wallet.,0.395092,Normal,0.237055,0.4,0.6,True,,
wallet_366,0.090909,1,Single behavioural indicator,incoming_outgoing_imbalance,Strong incoming/outgoing imbalance: much more BTC sent than received (incoming_outgoing_ratio=0.215; population 10th percentile=0.217).,0.37272,Normal,0.259996,0.4,0.6,True,,
wallet_367,0.0,0,No specific rule triggered,none,No behavioural rule was triggered for this wallet.,0.376355,Normal,0.225813,0.4,0.6,True,,
wallet_368,0.181818,2,Multiple behavioural indicators,high_received_volume;incoming_outgoing_imbalance,"Relatively high total BTC received (total_received_btc=6.74; above the population 90th percentile of 5.66). Strong incoming/outgoing imbalance: much more BTC received than sent (incoming_outgoing_ratio=5.98, capped at 100; population 90th percentile=4.26).",0.391877,Normal,0.307853,0.4,0.6,True,,
wallet_369,0.454545,5,Multiple strong behavioural indicators,high_transaction_count;activity_burst;repeated_relationships;high_sent_volume;incoming_outgoing_imbalance,Relatively high transaction activity compared with other wallets (transaction_count=96; above the population 90th percentile of 43.1). Many transactions concentrated within a short (1-hour) period (activity_burst=5; above the population 90th percentile of 2). Repeatedly transacts with the same counterparties more often than most wallets (repeated_connections=8; above the population 90th percentile of 7). Relatively high total BTC sent (total_sent_btc=8.78; above the population 90th percentile of 5.65). Strong incoming/outgoing imbalance: much more BTC sent than received (incoming_outgoing_ratio=0; population 10th percentile=0.217).,0.595544,Anomalous,0.539144,0.4,0.6,True,,
wallet_370,0.0,0,No specific rule triggered,none,No behavioural rule was triggered for this wallet.,0.402767,Normal,0.24166,0.4,0.6,True,,
wallet_371,0.181818,2,Multiple behavioural indicators,repeated_relationships;high_sent_volume,Repeatedly transacts with the same counterparties more often than most wallets (repeated_connections=8; above the population 90th percentile of 7). Relatively high total BTC sent (total_sent_btc=13.6; above the population 90th percentile of 5.65).,0.452084,Normal,0.343978,0.4,0.6,True,,
wallet_372,0.0,0,No specific rule triggered,none,No behavioural rule was triggered for this wallet.,0.35664,Normal,0.213984,0.4,0.6,True,,
wallet_373,0.0,0,No specific rule triggered,none,No behavioural rule was triggered for this wallet.,0.47101,Normal,0.282606,0.4,0.6,True,,
wallet_374,0.090909,1,Single behavioural indicator,high_sent_volume,Relatively high total BTC sent (total_sent_btc=7.04; above the population 90th percentile of 5.65).,0.381263,Normal,0.265121,0.4,0.6,True,,
wallet_375,0.0,0,No specific rule triggered,none,No behavioural rule was triggered for this wallet.,0.372127,Normal,0.223276,0.4,0.6,True,,
wallet_376,0.181818,2,Multiple behavioural indicators,high_transaction_count;high_received_volume,Relatively high transaction activity compared with other wallets (transaction_count=51; above the population 90th percentile of 43.1). Relatively high total BTC received (total_received_btc=5.79; above the population 90th percentile of 5.66).,0.397752,Normal,0.311378,0.4,0.6,True,,
wallet_377,0.090909,1,Single behavioural indicator,many_counterparties,Interacts with a relatively large number of distinct counterparty wallets (unique_counterparties=18; above the population 90th percentile of 17).,0.404106,Normal,0.278827,0.4,0.6,True,,
wallet_378,0.0,0,No specific rule triggered,none,No behavioural rule was triggered for this wallet.,0.366493,Normal,0.219896,0.4,0.6,True,,
wallet_379,0.0,0,No specific rule triggered,none,No behavioural rule was triggered for this wallet.,0.372855,Normal,0.223713,0.4,0.6,True,,
wallet_380,0.0,0,No specific rule triggered,none,No behavioural rule was triggered for this wallet.,0.386719,Normal,0.232031,0.4,0.6,True,,
wallet_381,0.090909,1,Single behavioural indicator,long_dormancy,"Long inactivity period between consecutive transactions (dormant-period indicator, in hours) (dormancy_duration=2.28e+03; above the population 90th percentile of 2.21e+03).",0.433066,Normal,0.296203,0.4,0.6,True,,
wallet_382,0.0,0,No specific rule triggered,none,No behavioural rule was triggered for this wallet.,0.381399,Normal,0.228839,0.4,0.6,True,,
wallet_383,0.090909,1,Single behavioural indicator,high_sent_volume,Relatively high total BTC sent (total_sent_btc=8.45; above the population 90th percentile of 5.65).,0.424425,Normal,0.291019,0.4,0.6,True,,
wallet_384,0.0,0,No specific rule triggered,none,No behavioural rule was triggered for this wallet.,0.359079,Normal,0.215447,0.4,0.6,True,,
wallet_385,0.0,0,No specific rule triggered,none,No behavioural rule was triggered for this wallet.,0.35506,Normal,0.213036,0.4,0.6,True,,
wallet_386,0.090909,1,Single behavioural indicator,incoming_outgoing_imbalance,"Strong incoming/outgoing imbalance: much more BTC received than sent (incoming_outgoing_ratio=10.3, capped at 100; population 90th percentile=4.26).",0.409509,Normal,0.282069,0.4,0.6,True,,
wallet_387,0.090909,1,Single behavioural indicator,incoming_outgoing_imbalance,Strong incoming/outgoing imbalance: much more BTC sent than received (incoming_outgoing_ratio=0.185; population 10th percentile=0.217).,0.376509,Normal,0.262269,0.4,0.6,True,,
wallet_388,0.0,0,No specific rule triggered,none,No behavioural rule was triggered for this wallet.,0.38796,Normal,0.232776,0.4,0.6,True,,
wallet_389,0.090909,1,Single behavioural indicator,long_dormancy,"Long inactivity period between consecutive transactions (dormant-period indicator, in hours) (dormancy_duration=3.69e+03; above the population 90th percentile of 2.21e+03).",0.440142,Normal,0.300449,0.4,0.6,True,,
wallet_390,0.090909,1,Single behavioural indicator,incoming_outgoing_imbalance,"Strong incoming/outgoing imbalance: much more BTC received than sent (incoming_outgoing_ratio=7.3, capped at 100; population 90th percentile=4.26).",0.432358,Normal,0.295778,0.4,0.6,True,,
wallet_391,0.0,0,No specific rule triggered,none,No behavioural rule was triggered for this wallet.,0.359539,Normal,0.215723,0.4,0.6,True,,
wallet_392,0.272727,3,Multiple behavioural indicators,fan_out;fan_in;many_counterparties,Funds are distributed across a relatively large number of outgoing connections (fan_out=13; above the population 90th percentile of 12). Funds are received through a relatively large number of incoming connections (fan_in=13; above the population 90th percentile of 12). Interacts with a relatively large number of distinct counterparty wallets (unique_counterparties=19; above the population 90th percentile of 17).,0.4016,Normal,0.350051,0.4,0.6,True,,
wallet_393,0.363636,4,Multiple strong behavioural indicators,high_transaction_count;fan_out;many_counterparties;high_received_volume,Relatively high transaction activity compared with other wallets (transaction_count=47; above the population 90th percentile of 43.1). Funds are distributed across a relatively large number of outgoing connections (fan_out=13; above the population 90th percentile of 12). Interacts with a relatively large number of distinct counterparty wallets (unique_counterparties=19; above the population 90th percentile of 17). Relatively high total BTC received (total_received_btc=6; above the population 90th percentile of 5.66).,0.407664,Normal,0.390053,0.4,0.6,True,,
wallet_394,0.0,0,No specific rule triggered,none,No behavioural rule was triggered for this wallet.,0.358702,Normal,0.215221,0.4,0.6,True,,
wallet_395,0.0,0,No specific rule triggered,none,No behavioural rule was triggered for this wallet.,0.459724,Normal,0.275834,0.4,0.6,True,,
wallet_396,0.090909,1,Single behavioural indicator,high_transaction_count,Relatively high transaction activity compared with other wallets (transaction_count=51; above the population 90th percentile of 43.1).,0.395928,Normal,0.27392,0.4,0.6,True,,
wallet_397,0.0,0,No specific rule triggered,none,No behavioural rule was triggered for this wallet.,0.355323,Normal,0.213194,0.4,0.6,True,,
wallet_398,0.0,0,No specific rule triggered,none,No behavioural rule was triggered for this wallet.,0.361754,Normal,0.217052,0.4,0.6,True,,
wallet_399,0.0,0,No specific rule triggered,none,No behavioural rule was triggered for this wallet.,0.453987,Normal,0.272392,0.4,0.6,True,,
wallet_400,0.0,0,No specific rule triggered,none,No behavioural rule was triggered for this wallet.,0.365267,Normal,0.21916,0.4,0.6,True,,
wallet_401,0.0,0,No specific rule triggered,none,No behavioural rule was triggered for this wallet.,0.354908,Normal,0.212945,0.4,0.6,True,,
wallet_402,0.0,0,No specific rule triggered,none,No behavioural rule was triggered for this wallet.,0.366575,Normal,0.219945,0.4,0.6,True,,
wallet_403,0.0,0,No specific rule triggered,none,No behavioural rule was triggered for this wallet.,0.367289,Normal,0.220373,0.4,0.6,True,,
wallet_404,0.0,0,No specific rule triggered,none,No behavioural rule was triggered for this wallet.,0.359384,Normal,0.21563,0.4,0.6,True,,
wallet_405,0.272727,3,Multiple behavioural indicators,high_transaction_count;many_counterparties;high_sent_volume,Relatively high transaction activity compared with other wallets (transaction_count=62; above the population 90th percentile of 43.1). Interacts with a relatively large number of distinct counterparty wallets (unique_counterparties=19; above the population 90th percentile of 17). Relatively high total BTC sent (total_sent_btc=6.05; above the population 90th percentile of 5.65).,0.443464,Normal,0.375169,0.4,0.6,True,,
wallet_406,0.0,0,No specific rule triggered,none,No behavioural rule was triggered for this wallet.,0.423316,Normal,0.25399,0.4,0.6,True,,
wallet_407,0.090909,1,Single behavioural indicator,long_dormancy,"Long inactivity period between consecutive transactions (dormant-period indicator, in hours) (dormancy_duration=2.39e+03; above the population 90th percentile of 2.21e+03).",0.36773,Normal,0.257002,0.4,0.6,True,,
wallet_408,0.0,0,No specific rule triggered,none,No behavioural rule was triggered for this wallet.,0.35756,Normal,0.214536,0.4,0.6,True,,
wallet_409,0.0,0,No specific rule triggered,none,No behavioural rule was triggered for this wallet.,0.455874,Normal,0.273524,0.4,0.6,True,,
wallet_410,0.0,0,No specific rule triggered,none,No behavioural rule was triggered for this wallet.,0.357363,Normal,0.214418,0.4,0.6,True,,
